Price,Date,Close,High,Low,Open,Volume
Ticker,,POWERGRID.NS,POWERGRID.NS,POWERGRID.NS,POWERGRID.NS,POWERGRID.NS
0,2007-10-05,30.89623260498047,33.62959774291521,25.536995000528496,27.579341177947526,855215656
1,2007-10-08,29.3145751953125,31.94044832271491,29.130302593015134,31.94044832271491,126671715
2,2007-10-09,31.310848236083984,31.587255017381196,27.748260372764964,29.329925333231692,116725709
3,2007-10-10,31.602609634399414,32.24756153152194,31.326202868654203,32.12471246013357,67931378
4,2007-10-11,35.134490966796875,36.854361620061205,31.326208626724917,36.854361620061205,106320954
5,2007-10-12,34.90414810180664,36.20940632940032,34.0902820400693,34.397401623032515,99410791
6,2007-10-15,35.36483383178711,35.840871770276074,35.05771419363036,35.62588635733567,41814972
7,2007-10-16,38.973480224609375,39.587723519051465,35.165198458752826,35.41089244406911,138614496
8,2007-10-17,42.013954162597656,42.996733963419196,32.5853827213614,35.01162777456898,204876259
9,2007-10-18,40.539794921875,45.899033527560846,38.804570041069134,42.689632089564846,146617799
10,2007-10-19,40.40159225463867,42.04468286821115,38.38995647267717,39.61843481320597,110266491
11,2007-10-22,39.8641242980957,41.1079566807392,38.543507870317065,39.58771756479438,72253405
12,2007-10-23,42.70498275756836,43.08888218158015,40.846907046006045,40.846907046006045,74594921
13,2007-10-24,42.044677734375,44.07166758185854,41.56863993620077,43.6109840948357,63055170
14,2007-10-25,41.9525260925293,42.935310000123906,37.05396919199623,40.61655565005899,34522489
15,2007-10-26,43.21174621582031,43.9027654517228,41.53794240040349,42.68964112690764,62370025
16,2007-10-29,44.08702087402344,45.1465849550928,43.70312144835705,43.91810679296037,43657697
17,2007-10-30,45.069793701171875,46.28291308092489,43.36527818182939,44.68589437234352,79921711
18,2007-10-31,46.00651550292969,47.02001243097325,45.14658250238527,45.30014226430928,44655368
19,2007-11-01,44.9776725769043,47.49605480409117,44.6091315795245,47.142868119511235,50632492
20,2007-11-02,45.79153823852539,46.067949191152636,42.99674924594843,43.34994009306639,32001693
21,2007-11-05,46.72825622558594,47.7571076619388,45.4844194148635,45.76083037207467,38833135
22,2007-11-06,47.342491149902344,50.336906816404685,46.69753925015596,47.54211802788739,81880281
23,2007-11-07,46.65146255493164,48.89343318301811,45.60725711398143,48.21777279914431,33593141
24,2007-11-08,45.85296630859375,47.09680316618649,44.8394733125488,45.45371250180661,27990521
25,2007-11-12,46.958580017089844,47.7878042768736,43.257787794661745,44.47091140331308,35153735
26,2007-11-13,48.079566955566406,49.04699251525874,46.236850016885896,47.75709315752719,43830531
27,2007-11-14,47.449974060058594,49.59981050629381,47.20427596685831,48.924145956961425,36738579
28,2007-11-15,48.248497009277344,49.093075813341294,47.34249262596028,48.340631212581314,29242252
29,2007-11-16,47.91064453125,49.000916863242054,47.35782704689185,48.03349147258272,18895294
30,2007-11-19,49.6458854675293,51.44253561554027,48.63239264843356,49.00093359829775,40716718
31,2007-11-20,48.87808609008789,50.82829598765868,48.27920132532411,49.446258067965644,26342171
32,2007-11-21,45.069793701171875,49.461600356738536,43.979517107954756,49.169839366173576,26814499
33,2007-11-22,43.51884078979492,46.405767265858756,41.63005680023265,44.59375898156243,34096185
34,2007-11-23,46.40577697753906,46.68218373729576,43.795256657063334,46.375064189660435,27664090
35,2007-11-26,46.77431106567383,48.125636043686825,46.405770161983845,48.125636043686825,20159123
36,2007-11-27,45.622615814208984,47.572825611622775,45.14658222143697,47.572825611622775,20573198
37,2007-11-28,44.946956634521484,46.83574525527763,44.639837075449016,46.62075989769666,16435311
38,2007-11-29,43.73384094238281,46.313644645374836,43.165668872148764,46.067950641499785,25530967
39,2007-11-30,45.42300033569336,45.6994071415563,43.91811513437185,44.532354332101136,18437721
40,2007-12-03,46.067935943603516,46.6361078325633,45.62261101738714,45.97579759736495,16851227
41,2007-12-04,45.46906661987305,46.75897057800066,45.1312342341181,46.37507108636459,14008727
42,2007-12-05,47.28105926513672,47.449977497494174,45.45370065280162,45.54583484094204,27725290
43,2007-12-06,46.40577697753906,49.031647443590906,45.80689219341999,48.3099156735328,24104710
44,2007-12-07,46.206138610839844,47.357836731813435,45.37691846308375,46.69753064223687,11742386
45,2007-12-10,46.252201080322266,46.820368712925465,45.653316504972835,46.651454686839216,8330010
46,2007-12-11,46.037235260009766,46.927881180927656,45.8068955822426,46.666828713009714,11685950
47,2007-12-12,46.00651550292969,46.42112769323955,45.14658250238527,45.453702026233294,16342131
48,2007-12-13,45.23872375488281,46.68218740851715,45.06980965662967,46.06794826494097,14620172
49,2007-12-14,44.793392181396484,45.499769592907526,44.563052536124985,45.08515739830379,10991851
50,2007-12-17,42.09074401855469,45.30014489540296,41.46114645875328,45.05444676270898,19355678
51,2007-12-18,41.90647506713867,43.30386743584714,40.601216902635436,41.61470981119589,21607783
52,2007-12-19,41.13866424560547,43.626332860807985,40.78547767755979,43.25778781945408,19526912
53,2007-12-20,40.724056243896484,42.013959853825206,40.53978370453881,41.6761275592653,17105204
54,2007-12-24,41.96788787841797,42.62819391586173,41.00045820072129,41.338290455982474,16711519
55,2007-12-26,43.24245071411133,43.76455570280021,42.198244902309774,42.198244902309774,20930094
56,2007-12-27,43.54955291748047,44.747318051497075,43.18100787674866,44.133079093993736,44565277
57,2007-12-28,43.887386322021484,44.07165884719412,42.99673647794948,43.45741570809377,18354518
58,2007-12-31,44.209861755371094,44.47091416190942,43.67240263361712,44.225220229623226,11982308
59,2008-01-01,45.02372741699219,45.43833957098833,44.02558905190784,44.44020120590399,16687746
60,2008-01-02,44.77802658081055,45.361552701917965,44.11772059730546,45.023720474253416,13437280
61,2008-01-03,46.62075424194336,46.80502678814712,43.96417121136256,44.50163037453802,31815218
62,2008-01-04,46.375057220458984,47.91065472786742,46.067937718977305,47.296415724904044,28011310
63,2008-01-07,45.99116134643555,47.05072120790181,45.49976927352395,46.08329553766735,15858063
64,2008-01-08,44.42484664916992,46.68217577225287,43.88738753251088,46.03722399914706,13282666
65,2008-01-09,43.718482971191406,44.67055453701799,43.610990281157164,44.47092763585501,13113527
66,2008-01-10,42.67427062988281,45.14658545806317,42.3825053968957,43.918107282244485,18023003
67,2008-01-11,43.31922912597656,43.733841406797524,41.61471289717395,43.25780354156751,11629440
68,2008-01-14,43.979522705078125,44.44020195830122,42.704977604275854,43.395996484110505,10264240
69,2008-01-15,42.64356231689453,44.87017924420134,42.29037563740241,44.685910830953866,11558334
70,2008-01-16,41.76826858520508,42.68962726727979,40.708708600164535,42.33644060559961,14834065
71,2008-01-17,42.889251708984375,43.8413230336186,41.031176153609906,41.92182190933548,16169395
72,2008-01-18,40.89297866821289,42.58213614868837,40.53978786256226,42.53606488494236,13254156
73,2008-01-21,33.93672180175781,40.53979274852732,29.56026571936683,40.53979274852732,33202389
74,2008-01-22,30.5277042388916,32.247575310928326,24.247105003742842,30.589127759438195,58755707
75,2008-01-23,33.93672180175781,35.24198001216574,31.019085802022452,31.019085802022452,28425991
76,2008-01-24,34.01350402832031,36.424393721234814,32.401126128454564,35.764087414405026,29911930
77,2008-01-25,35.76408767700195,35.93300179199767,34.32062388029307,35.62588218976822,12550722
78,2008-01-28,36.14797592163086,36.424382644436236,32.401116275147174,35.272684494768086,13601109
79,2008-01-29,35.54909896850586,36.76222295022257,35.011639714809355,36.240118008972786,7679877
80,2008-01-30,33.58353042602539,35.779434275320774,33.13820543259315,35.62587450732004,9016102
81,2008-01-31,31.38762664794922,34.02885567193379,31.019083596013363,33.936719388252875,41538563
82,2008-02-01,32.4779052734375,32.70824496806364,31.63332639314166,31.925089589777162,9089201
83,2008-02-04,34.15170669555664,34.550962583474416,33.09214451504303,33.09214451504303,12009385
84,2008-02-05,35.21126937866211,35.671948775268625,33.47604448455944,34.213130686014644,14593303
85,2008-02-06,34.90414810180664,35.318760371922174,32.95393999966298,34.2438418315509,12429218
86,2008-02-07,33.26105880737305,35.61052481195279,33.04607552086724,34.428113611989005,11300078
87,2008-02-08,32.401126861572266,33.75245229892001,31.80224196184111,33.4760454858042,13514197
88,2008-02-11,30.113080978393555,32.86180283947933,29.790605008249575,32.86180283947933,15133331
89,2008-02-12,29.57562255859375,31.218713163579622,29.32992647521437,31.019086267402113,10237627
90,2008-02-13,29.145648956298828,30.481617573259097,28.546766329193368,30.097718186295666,10395753
91,2008-02-14,31.694746017456055,32.017221967036924,29.790603108611997,29.790603108611997,12514003
92,2008-02-15,32.60075378417969,32.8618062832697,30.727323348186722,31.571902267516837,12080990
93,2008-02-18,32.41647720336914,33.33783799402385,32.14007042412424,33.33783799402385,6977153
94,2008-02-19,32.06329345703125,33.076788544706496,31.817597362626937,33.0000086453794,7226542
95,2008-02-20,31.264785766601562,31.7715344182173,30.91159901654469,31.756178019782578,5604999
96,2008-02-21,31.479764938354492,32.01722419750186,31.09586546753495,31.771528119619767,3874365
97,2008-02-22,31.080514907836914,31.280141837029955,30.113086810054142,30.435562842648398,2691220
98,2008-02-25,31.341569900512695,31.72546949918478,30.58912710367313,31.449062621256324,6270186
99,2008-02-26,31.464401245117188,31.90972411142218,31.310841492405988,31.633317389656998,7139423
100,2008-02-27,33.307132720947266,34.95022153779321,31.92509434723973,31.92509434723973,43223132
101,2008-02-28,34.243839263916016,34.504891722975984,33.168920804143134,33.629600144045796,35763847
102,2008-02-29,33.752445220947266,34.70451663587332,33.199631710642024,34.02885405888759,16477462
103,2008-03-03,32.339691162109375,33.41461153302755,31.971148165593483,32.27826767648797,10049153
104,2008-03-04,31.510482788085938,32.67753786044381,30.71197295747463,32.55469083505389,11485198
105,2008-03-05,32.09400177001953,32.247561547238995,30.742674480815563,31.664033144132357,8581053
106,2008-03-07,30.45091438293457,31.633325619548067,29.176366854166208,31.633325619548067,14251925
107,2008-03-10,30.34286880493164,30.558941666775194,28.598849592419686,30.497206862440446,11713659
108,2008-03-11,32.843162536621094,33.15183880542353,29.385988744702775,30.095942488272446,19665129
109,2008-03-12,32.00972366333008,33.9543837634292,31.701047523420506,33.73831088416131,12262350
110,2008-03-13,27.611085891723633,31.48497386355782,26.854829786363553,31.176297731301133,47000084
111,2008-03-14,29.509445190429688,29.63291480528063,27.811726472837314,28.382776058202904,35798540
112,2008-03-17,28.35191535949707,28.953833515375234,27.749997203618907,28.953833515375234,19211273
113,2008-03-18,28.598857879638672,29.154475466342944,27.842599504026047,28.305613810722193,12632937
114,2008-03-19,28.768625259399414,32.04059120757462,28.58341873125903,29.941592959808116,16449023
115,2008-03-24,29.04644012451172,29.848999153332723,28.413653439481084,29.848999153332723,11636914
116,2008-03-25,30.142242431640625,30.32744691999999,29.262514308563265,29.802697729631358,13232423
117,2008-03-26,29.95703125,30.682421141387735,29.632920828457724,29.94159702167048,11448313
118,2008-03-27,30.497215270996094,30.79045933578987,29.509451849266803,29.509451849266803,17425122
119,2008-03-28,30.558956146240234,30.79046543554121,29.756399122932667,30.636125211558937,11599511
120,2008-03-31,30.34286880493164,30.69784759320822,29.94158943673997,30.558941666775194,9914705
121,2008-04-01,30.40460777282715,30.836755649035805,30.01876257621808,30.558945851470774,6034588
122,2008-04-02,30.89849281311035,31.793654993369145,30.55894817691834,30.55894817691834,6087024
123,2008-04-03,30.65155029296875,31.11456454665859,30.404608938998656,30.975660689220486,3883474
124,2008-04-04,30.497215270996094,30.852194157145863,29.910731328097455,30.852194157145863,5906537
125,2008-04-07,30.373746871948242,30.682423084711537,30.018767971263735,30.54351920763696,4088729
126,2008-04-08,29.602052688598633,30.38917735272136,29.385979784986038,30.327440443108376,5753811
127,2008-04-09,29.679224014282227,29.94159752693397,29.33967935868063,29.6946582428722,3776374
128,2008-04-10,30.26571273803711,30.48178569241796,29.524890582061392,29.632926012579432,7075297
129,2008-04-11,30.40460777282715,30.713283930114404,30.095931615539893,30.558945851470774,4012660
130,2008-04-15,30.86762237548828,31.02196044549884,29.694652624739213,30.21940164410631,6362785
131,2008-04-16,30.45091438293457,31.39237720285058,30.327442648075827,31.176304283528324,4725794
132,2008-04-17,31.62388801574707,32.34927590706518,30.574387567865916,30.91393226139843,14831167
133,2008-04-21,32.13320541381836,32.68882309409734,31.793662787730252,32.10233904418026,7639361
134,2008-04-22,32.657955169677734,33.028368358202115,31.79366331204052,32.10233957358092,8814769
135,2008-04-23,32.68881607055664,33.07466130821619,32.2566702417157,32.71968452690716,5265604
136,2008-04-24,31.531278610229492,33.0900937026591,31.253470891847467,33.02835888672356,8801780
137,2008-04-25,31.79366111755371,32.24124124722509,31.361513125218288,32.10233735778842,4095990
138,2008-04-28,31.917129516601562,32.53448197270526,31.793659862718684,31.82452622951708,4708244
139,2008-04-29,32.36470031738281,32.673376456629484,31.947988785406242,32.102326855029574,6497143
140,2008-04-30,32.58077621459961,32.997489878526245,32.41100599696099,32.68881371068259,6331377
141,2008-05-02,32.8740234375,33.800052030855554,32.81228652326741,33.07466212872259,5658418
142,2008-05-05,32.71968078613281,33.49137117322611,32.503605803071366,33.30616464298606,7642293
143,2008-05-06,32.44186782836914,33.09008852767722,32.256663409526794,32.45730205327532,5061166
144,2008-05-07,31.978858947753906,32.62707975462642,31.48497832221016,32.41100685011701,4303106
145,2008-05-08,31.5930118560791,31.91712224031359,31.40780741747666,31.731915708366977,3642073
146,2008-05-09,31.407817840576172,32.225809092555885,30.929369218721405,31.17631064548627,8621761
147,2008-05-12,31.407817840576172,31.639325035666076,30.713294161961606,31.407817840576175,4890395
148,2008-05-13,31.500417709350586,31.73192489463217,31.238044155371657,31.546720402413765,5056766
149,2008-05-14,31.54671287536621,31.71648518940064,30.86762571257276,30.86762571257276,2982486
150,2008-05-15,31.562143325805664,31.917120045390245,30.867622018783987,30.867622018783987,2646760
151,2008-05-16,31.809083938598633,31.90168720221621,31.423238751312148,31.793651805782464,4422288
152,2008-05-20,31.747350692749023,31.8708224147755,31.42324030077782,31.484977208463167,3464912
153,2008-05-21,31.94799041748047,32.41100465000371,31.02196195243398,31.02196195243398,3419088
154,2008-05-22,31.515836715698242,31.670174764661656,31.176294263984985,31.176294263984985,3558000
155,2008-05-23,30.991106033325195,31.762796732958737,30.867636358721825,31.33065077850195,4417028
156,2008-05-26,30.75958824157715,30.944794783112776,29.324242778036705,29.324242778036705,2605807
157,2008-05-27,29.833553314208984,31.14542677056933,29.694649484557242,30.805882215115005,3316550
158,2008-05-28,30.929359436035156,31.11456387752161,29.416844983835986,29.94159404139725,4505700
159,2008-05-29,31.438678741455078,31.793657634847115,30.52808435117899,31.25347427360856,11026212
160,2008-05-30,30.435482025146484,31.639320523955682,30.312012376043036,31.515848781507668,4023430
161,2008-06-02,29.1390380859375,30.86762548132001,28.70689019041974,30.25027104581689,4431595
162,2008-06-03,28.058673858642578,29.015568813857787,27.796298253711708,28.70689261668944,6240766
163,2008-06-04,27.194372177124023,28.228435880824644,27.0245998993989,27.935193997486973,5762089
164,2008-06-05,27.1480712890625,27.3487120280479,26.237477131134213,27.163505514114295,9721099
165,2008-06-06,26.85482406616211,27.98149296491973,26.468978983028034,27.009162099415736,6317089
166,2008-06-09,26.484424591064453,27.132645446746764,25.311454615391177,26.546159412237902,6500809
167,2008-06-10,26.299213409423828,26.515288385550296,25.697295345478587,26.237478599106588,6717902
168,2008-06-11,26.422687530517578,26.854833335450966,26.2374809893494,26.546157162400185,2586175
169,2008-06-12,26.60788917541504,26.76222724568216,25.31144980384003,26.083140155175634,3244212
170,2008-06-13,26.438114166259766,26.82395927177965,26.160304434279244,26.56158376268866,4248430
171,2008-06-16,27.364154815673828,27.780866462402585,26.577030025171123,26.66963331111461,4354615
172,2008-06-17,28.182140350341797,28.39821324554095,26.885700885802645,27.749994559943477,4736084
173,2008-06-18,28.151264190673828,28.768618440362008,28.089529393708094,28.089529393708094,5055019
174,2008-06-19,27.549352645874023,28.089535907949347,27.101772647394714,27.59565532434409,4221271
175,2008-06-20,26.916561126708984,27.888892074066618,26.561584457680095,27.780854604356747,3837789
176,2008-06-23,25.975099563598633,26.793092494238277,25.712726131514966,26.70048924447895,4516050
177,2008-06-24,25.172550201416016,26.360954380083616,24.910174600408027,25.975107046047704,5238203
178,2008-06-25,24.478031158447266,24.987346088556816,23.92241353892664,24.694104095665118,3933879
179,2008-06-26,25.867069244384766,26.978304272229128,24.616930361395905,24.616930361395905,18253250
180,2008-06-27,24.7249698638916,25.55839731968628,24.58606598570734,25.002779713604678,6821283
181,2008-06-30,24.23108673095703,24.94104237302877,23.536565316758573,24.709535234962615,4596315
182,2008-07-01,22.517925262451172,24.231077876816187,21.653631844151892,24.231077876816187,6202295
183,2008-07-02,23.505691528320312,23.752632838236636,21.8079729009934,22.53336260637063,5245963
184,2008-07-03,22.88834571838379,23.505698119616106,22.22469272439683,23.305059426553388,4726793
185,2008-07-04,23.1970157623291,23.644595715762392,22.37902488513529,22.53336294448083,4862814
186,2008-07-07,23.706331253051758,24.66322808788745,23.505692607042967,23.505692607042967,5528014
187,2008-07-08,24.40085220336914,25.00277017475864,21.91600710675718,21.91600710675718,8354280
188,2008-07-09,26.09857177734375,26.206607159746966,24.72496141431902,24.72496141431902,6860769
189,2008-07-10,27.240673065185547,27.564783400278245,25.373182175693184,26.098571873598566,7216175
190,2008-07-11,25.944238662719727,27.842596261773604,25.743597897175864,27.5030537324093,6040791
191,2008-07-14,25.959672927856445,26.88570360278813,25.311454176752,25.311454176752,5942149
192,2008-07-15,24.87929916381836,25.58925462617849,24.694094756252987,25.311446968158524,3693378
193,2008-07-16,24.200210571289062,25.311445317592653,23.783497018089296,24.879297541432955,6973872
194,2008-07-17,25.43492317199707,25.620129720955944,24.6941011628503,24.6941011628503,5038238
195,2008-07-18,26.85482406616211,27.070896894048477,25.141671478378115,25.897927422652188,5983177
196,2008-07-21,28.367332458496094,28.537104680291527,26.8702529935861,27.317832783160867,8754188
197,2008-07-22,29.52488136291504,29.78725483511395,28.12040445797035,28.367345797303063,12631056
198,2008-07-23,31.608449935913086,32.22580232653561,30.281141877405776,30.836759447634932,12798869
199,2008-07-24,30.497215270996094,32.19493437168047,28.59885747756862,28.59885747756862,10764301
200,2008-07-25,30.558956146240234,31.546721856995507,29.401420166459722,30.17311081964673,10710381
201,2008-07-28,30.312009811401367,31.160869333864756,29.972465165078255,30.558949088715206,5533881
202,2008-07-29,29.09273338317871,30.0959308694941,28.86122627095208,29.632916645040844,5145929
203,2008-07-30,30.312009811401367,30.558949088715206,29.35511278510488,29.35511278510488,7354746
204,2008-07-31,29.247079849243164,30.836763731966894,28.861234551496345,30.836763731966894,6006517
205,2008-08-01,30.09593391418457,30.2194056425364,27.78086255771137,28.78406014551642,4699412
206,2008-08-04,30.281147003173828,30.83676466745382,29.494022153222566,29.494022153222566,4301346
207,2008-08-05,31.639314651489258,31.870821770597402,30.095931764090814,30.40460792290167,9161115
208,2008-08-06,30.836763381958008,32.76598984879467,30.620690436341242,32.76598984879467,8616591
209,2008-08-07,30.75958824157715,31.45410963231934,29.802691265883517,29.802691265883517,4809365
210,2008-08-08,30.23483657836914,30.991092720475933,30.12679908949213,30.404606784684308,4883824
211,2008-08-11,30.512645721435547,30.960225737525377,30.281138600008646,30.62068321543911,2714705
212,2008-08-12,29.987897872924805,30.867625807124313,29.756390742171703,30.713285626611295,5801276
213,2008-08-13,30.111358642578125,30.40460050321933,29.401403231895856,29.632910294508967,2754609
214,2008-08-14,29.385982513427734,30.250274208126232,29.324245598082577,29.94159800477835,2566362
215,2008-08-18,29.04644012451172,29.941600346905062,28.768632357105414,29.32424789191803,2963058
216,2008-08-19,28.506248474121094,29.16990133377336,27.919762555658497,29.000131132474433,2941144
217,2008-08-20,28.83035659790039,29.061863683514915,28.62971586769481,28.706884896232985,3319410
218,2008-08-21,28.521692276000977,29.000140869420335,28.18214757271118,28.70689676505881,4138486
219,2008-08-22,28.228445053100586,29.509452570952064,27.503057221074712,29.509452570952064,4139879
220,2008-08-25,28.53711700439453,28.922962178132863,28.336476258044172,28.922962178132863,2034227
221,2008-08-26,28.583417892456055,28.676021153808733,28.058668869249633,28.243873298610925,1489491
222,2008-08-27,28.012367248535156,28.93839571030384,27.858029171573705,28.737757047591614,4297168
223,2008-08-28,27.595659255981445,28.398216103686742,27.240680377179128,28.08953990995138,7382078
224,2008-08-29,28.737754821777344,28.84579230462023,27.96606449673954,28.089534111407996,2219080
225,2008-09-01,28.722204208374023,28.846609199179525,28.146826380192614,28.67555075491997,3417069
226,2008-09-02,30.230632781982422,30.355037801539893,28.675557382295203,28.924369530613284,5030404
227,2008-09-04,29.59304428100586,30.137319784986776,29.344232200202644,29.88850770418356,2813325
228,2008-09-05,28.939916610717773,29.26648237758072,28.61335084385483,29.235380072468878,3330688
229,2008-09-08,30.46388816833496,31.692395419856226,30.168422610164225,30.479437211015316,8377948
230,2008-09-09,30.572736740112305,30.821548799720144,29.872954008891597,30.463882914110517,3737279
231,2008-09-10,30.308382034301758,30.821555301773998,30.012916464760277,30.41723588326714,3847698
232,2008-09-11,29.49974250793457,30.16842306619112,29.266481553770273,30.16842306619112,2567354
233,2008-09-12,29.795207977294922,30.6038468501243,29.313134884231363,29.701903167475695,6093354
234,2008-09-15,27.913570404052734,29.15762897013379,27.07383129378863,28.70665816177001,6770268
235,2008-09-16,28.457841873168945,28.70665397191057,26.43624699834769,26.825015243505625,4654621
236,2008-09-17,27.72696304321289,28.86216564757205,27.36929493789753,28.86216564757205,4674190
237,2008-09-18,27.664752960205078,28.209028478420546,25.67426048012669,27.369289529300058,6603710
238,2008-09-19,29.34423828125,29.49974560032769,27.99132376159291,28.317889553496656,9821730
239,2008-09-22,28.706653594970703,31.412482233102544,28.473392650938834,30.168421755729884,4162514
240,2008-09-23,28.364530563354492,29.002110760941164,27.835806293112704,28.364530563354492,6569683
241,2008-09-24,29.01766014099121,29.328674646795545,28.084616623578203,28.457833608702984,5730103
242,2008-09-25,28.115732192993164,29.219834631753145,27.44704942426662,29.095427505169944,10926783
243,2008-09-26,27.664752960205078,28.271233082150125,27.182682045719186,28.271233082150125,4967945
244,2008-09-29,26.638402938842773,28.457836731960352,26.125227682423194,28.457836731960352,7859964
245,2008-09-30,26.6850643157959,27.68031079619661,25.192193540593266,25.192193540593266,6616439
246,2008-10-01,27.571456909179688,27.83581810184891,26.48290350154261,27.027181259962713,3743739
247,2008-10-03,27.960222244262695,28.30233706457238,27.213785882381472,27.71141012363562,4681406
248,2008-10-06,27.384849548339844,27.99132775747969,26.825022697901787,27.649212872192155,5560277
249,2008-10-07,28.286781311035156,28.89326141555248,27.369288742820245,27.369288742820245,9928258
250,2008-10-08,28.069074630737305,28.30233558616497,26.156333530708782,27.3381915692523,9985473
251,2008-10-10,27.89801025390625,28.53559048526385,25.829764398421872,27.9602148495137,9025179
252,2008-10-13,28.457841873168945,28.675551668616848,27.851363832563113,28.037973433920012,6805621
253,2008-10-14,27.773605346679688,29.515287625349433,27.55589558914656,28.613344188137393,5099383
254,2008-10-15,27.540348052978516,28.131274916544296,27.244884621195624,27.618101698668887,5495022
255,2008-10-16,26.482898712158203,27.151581368645168,25.969725465098477,27.151581368645168,6651066
256,2008-10-17,24.49240493774414,27.213782561092607,24.13473689886818,27.02717507529887,5586092
257,2008-10-20,24.772319793701172,25.752017105372136,23.99478324913828,24.585712288527798,7922965
258,2008-10-21,24.97447967529297,26.28074060200216,24.259145657818024,25.021131022631486,8047276
259,2008-10-22,23.606014251708984,24.91227518460733,23.372753295505607,24.72566768516631,5408099
260,2008-10-23,22.455257415771484,23.232793825397675,22.113140551854958,23.015084052542843,6641370
261,2008-10-24,19.547273635864258,22.082041907159823,19.282910369148738,21.77102729182526,9905588
262,2008-10-27,18.038850784301758,19.282909168156678,16.17276320851938,19.189604367527014,12878172
263,2008-10-29,20.41811752319336,21.708827493875415,18.660883462213018,20.526971386593697,13094201
264,2008-10-31,21.7243709564209,22.393053491417206,20.651371201662137,21.491110048464545,8097887
265,2008-11-03,22.39305305480957,22.983979833096488,21.615514600912714,22.952877535627778,4951148
266,2008-11-04,23.372751235961914,23.559360828162205,21.973185622067597,22.082039459848918,4515828
267,2008-11-05,22.517459869384766,24.507954340250645,22.08203821519419,24.507954340250645,6145587
268,2008-11-06,21.771026611328125,23.24834809719351,21.32005585502957,22.082041216941303,4896229
269,2008-11-07,23.466060638427734,24.165843582741626,21.460014510698812,21.615521831657457,8250147
270,2008-11-10,23.99478530883789,24.539060936752243,23.46606083499027,24.196943984096286,3775177
271,2008-11-11,23.71487045288086,24.71011678777304,23.170594882792642,24.103638717229586,8900004
272,2008-11-12,22.719623565673828,24.228045378394334,22.439711239842563,24.228045378394334,5705390
273,2008-11-14,22.641862869262695,23.63711107218576,22.361950630442028,22.517457898498467,4038880
274,2008-11-17,23.574914932250977,24.352453660583475,21.460014906378323,24.352453660583475,5361538
275,2008-11-18,22.299753189086914,23.512709310607256,21.864331474518565,23.512709310607256,6392448
276,2008-11-19,21.75548553466797,23.092849250350877,21.47557102159747,22.39306613147996,5606729
277,2008-11-20,21.522212982177734,21.926530213881314,20.60471836309018,21.77102293731765,5080395
278,2008-11-21,22.890674591064453,23.606008435685503,20.837977838534883,21.382253268911423,8350092
279,2008-11-24,23.466060638427734,23.83927778688787,22.29975573123791,23.574914497576966,5420119
280,2008-11-25,22.890674591064453,23.994776600240176,22.704067137599584,23.714864365441723,5453771
281,2008-11-26,23.40384864807129,23.76151449765998,22.470805100411564,23.13948546588683,5246053
282,2008-11-27,23.40384864807129,23.40384864807129,23.40384864807129,23.40384864807129,0
283,2008-11-28,23.030635833740234,23.481608692345738,22.113143183051307,22.704072190202112,8464961
284,2008-12-01,22.844030380249023,24.383552370235257,22.75072556981287,23.48161079082597,5733003
285,2008-12-02,22.641862869262695,22.89067491999346,21.92652901436261,22.67296516655491,5879324
286,2008-12-03,23.326095581054688,23.621558956424582,22.159791118382287,22.859573795985728,6430656
287,2008-12-04,24.44574737548828,24.570154454309417,20.682470679489633,20.682470679489633,4648185
288,2008-12-05,24.150285720825195,25.316590304062423,23.34164703276641,23.34164703276641,5338962
289,2008-12-08,24.212491989135742,25.005579651361334,23.170594331014318,24.80342100239528,11709287
290,2008-12-10,23.823728561401367,25.347701695678342,23.481613693121133,25.347701695678342,11172070
291,2008-12-11,23.55936050415039,24.243592150803522,23.186141324882698,24.243592150803522,9867592
292,2008-12-12,22.82847785949707,23.092841121696374,22.330853639781726,22.983985164507764,9847702
293,2008-12-15,23.201690673828125,23.714865950869346,23.015083207887844,23.6060100138357,5741641
294,2008-12-16,24.088090896606445,24.383554396538525,22.08204468773455,23.326105414927994,9183505
295,2008-12-17,24.056983947753906,24.725666591480895,23.419403607159413,24.725666591480895,8720755
296,2008-12-18,24.772319793701172,25.0366830625337,23.512710169668715,23.512710169668715,12640018
297,2008-12-19,25.9697322845459,26.280746966664896,24.741224712016535,25.50321026136741,10050607
298,2008-12-22,25.985280990600586,26.20299082571754,25.083337231968766,25.083337231968766,6524631
299,2008-12-23,25.45655059814453,26.234087114212272,25.269943099809947,25.814218661057367,5151765
300,2008-12-24,25.021133422851562,25.798670014432766,20.99349219109852,20.99349219109852,13318746
301,2008-12-26,25.067777633666992,26.389589462813646,24.414648348315964,26.389589462813646,5480531
302,2008-12-29,25.596506118774414,25.798664747633634,24.57015760557574,25.347694038422834,3418418
303,2008-12-30,25.54985237121582,25.969722883768906,24.601257512293973,25.53430122089857,4868199
304,2008-12-31,25.860872268676758,26.249640560690423,25.285496462018315,26.249640560690423,4396180
305,2009-01-02,26.23409080505371,26.669512580832265,25.73646863028219,26.669512580832265,3976548
306,2009-01-05,25.643159866333008,26.669508475800797,25.31659411206561,26.669508475800797,4505326
307,2009-01-06,25.45655059814453,26.622857481448932,25.036682144989626,26.622857481448932,3969700
308,2009-01-07,24.11918067932129,26.34293576404824,22.595210374175934,26.34293576404824,12109220
309,2009-01-09,23.99478530883789,26.12523646749815,22.79737808374509,26.12523646749815,5272587
310,2009-01-12,23.357194900512695,24.570152762170704,22.424151365022915,24.570152762170704,6595708
311,2009-01-13,23.015087127685547,23.621565186387567,22.672970218057344,23.326101733092,4104761
312,2009-01-14,23.06174087524414,23.45050917246795,22.424160445956495,23.45050917246795,2777281
313,2009-01-15,22.719623565673828,23.06174050542579,22.237552572209204,22.859581837792426,3693599
314,2009-01-16,23.434951782226562,23.77706863642054,22.548561565964338,23.51270542097952,2131503
315,2009-01-19,24.336898803710938,24.539057450246666,23.34165039528128,24.072535549746295,2587926
316,2009-01-20,27.058269500732422,27.680298539195086,23.326095269956447,24.367992643860088,19101726
317,2009-01-21,25.2543888092041,27.64920266844377,24.91227194096914,27.64920266844377,11311625
318,2009-01-22,26.451799392700195,26.809465351367557,24.943377686940668,26.063031129277928,10535551
319,2009-01-23,26.825016021728516,27.15158177897575,25.627608948222907,26.887218520917802,7005930
320,2009-01-27,27.69586181640625,28.069078981093952,25.81422272915198,26.747266695472796,8487928
321,2009-01-28,28.317895889282227,28.457852085925044,27.369300608831043,28.271244526802445,6636133
322,2009-01-29,28.131284713745117,28.893272394248115,27.07383560776237,28.893272394248115,13844487
323,2009-01-30,27.447044372558594,27.664754167505194,26.747261532885638,27.649205125096856,4578388
324,2009-02-02,26.00082778930664,27.680308034816264,25.62761066003881,27.369293408892585,6678800
325,2009-02-03,26.420696258544922,27.05827661238304,23.823723496727393,23.823723496727393,6591337
326,2009-02-04,26.827407836914062,28.031904261877074,25.685482186381105,27.374905826135343,7225484
327,2009-02-05,26.67098617553711,27.374912328892467,26.405057668926464,26.592772158497624,3622655
328,2009-02-06,27.0307674407959,27.359264560490196,26.74919575316995,26.8899805361376,2228530
329,2009-02-09,27.046401977539062,28.09447022613764,26.342476111919456,28.09447022613764,3190528
330,2009-02-10,26.999481201171875,27.578265684399234,26.498910722613587,27.437478778642383,3258153
331,2009-02-11,27.062053680419922,27.21848169958378,26.12348556543677,26.905625661256064,1899711
332,2009-02-12,28.376052856445312,28.68890894151378,26.74920163842749,27.046414494904315,8517373
333,2009-02-13,29.345901489257812,29.643114284161207,28.78276022846205,28.939188238589168,9331167
334,2009-02-16,27.9849796295166,29.846474825452354,27.57826846163267,29.846474825452354,3238379
335,2009-02-17,26.749195098876953,27.95369158059588,26.608410319352938,27.95369158059588,2684742
336,2009-02-18,27.484403610229492,27.8129027962785,25.98269456092711,26.74919124724793,4576718
337,2009-02-19,27.57826805114746,28.157050462354867,27.171554767626326,27.531338371304148,5072418
338,2009-02-20,26.999481201171875,27.437478778642383,26.670981957223667,27.21847998990713,3336292
339,2009-02-24,28.720186233520508,29.00175789324174,25.654197153928727,27.093335534662756,9913081
340,2009-02-25,28.641977310180664,30.018545162019713,28.34476449590898,29.033047360983097,7821109
341,2009-02-26,29.064332962036133,29.220760977773214,28.016264407921398,28.76711803478308,9451371
342,2009-02-27,30.315757751464844,31.44204033809948,28.501192304860513,28.626333871512895,35406885
343,2009-03-02,28.90790557861328,29.58054521231934,28.501192304462517,28.782761890271846,9682882
344,2009-03-03,27.8754825592041,29.252048394253872,27.687768071837777,29.064336028578527,6218930
345,2009-03-04,28.641977310180664,28.923549019772903,28.000622002526516,28.407335279699208,6597422
346,2009-03-05,28.68889808654785,29.048683721259827,28.250900581852754,29.048683721259827,6109769
347,2009-03-06,28.954837799072266,29.06433827879552,28.157054348535937,28.250911599485704,3962742
348,2009-03-09,28.454256057739258,29.095611212587084,28.188329759566468,29.095611212587084,2964226
349,2009-03-12,29.283323287963867,29.549251686459204,28.501183435554214,29.392823715977276,6091612
350,2009-03-13,29.69005012512207,29.877762503237225,28.97048070478618,29.721334460629038,6329765
351,2009-03-16,30.002904891967773,30.22190371765789,29.017406993825713,29.87776119036555,8232474
352,2009-03-17,30.128040313720703,30.597324325002802,29.75261352903314,30.20625431560105,4981205
353,2009-03-18,29.909038543701172,30.76939247840173,26.905620322979445,26.905620322979445,4007849
354,2009-03-19,30.09675407409668,30.26882316995035,28.78275722862554,28.78275722862554,3286397
355,2009-03-20,30.221904754638672,30.45654681629154,29.736977402884534,30.018549149882627,3154546
356,2009-03-23,30.722471237182617,30.972754372210883,29.971615467025376,30.018545146111286,7034396
357,2009-03-24,30.785043716430664,31.33254181741746,30.347043962626667,31.129184106893522,7551877
358,2009-03-25,30.362682342529297,30.972751133323406,29.924684780341366,30.519110346409352,5666796
359,2009-03-26,30.112394332885742,31.26996315211768,29.502325598395366,31.26996315211768,9588411
360,2009-03-27,29.580537796020508,30.503462453327135,29.31461150313705,30.503462453327135,6291705
361,2009-03-30,29.580537796020508,30.25317938277571,27.374902854531616,30.25317938277571,4842258
362,2009-03-31,29.909038543701172,30.597321267123544,28.172687451149248,30.597321267123544,7683950
363,2009-04-01,28.76711654663086,31.254323565537277,28.626331764088576,31.254323565537277,7321541
364,2009-04-02,29.283323287963867,29.72132075663722,28.986110568386227,29.377180494591055,9185217
365,2009-04-06,28.939186096191406,29.830826536583203,28.735830546757043,29.40847009183119,6958026
366,2009-04-08,30.472190856933594,30.878904198977153,28.00062646863267,28.62633864971779,16888845
367,2009-04-09,30.01854133605957,31.567178115520267,29.799540438169927,31.12917844143153,7959989
368,2009-04-13,29.61183738708496,30.503475995577265,29.17383757578608,30.19061989680287,6786405
369,2009-04-15,30.378324508666992,30.581680057948535,29.408470069730747,29.408470069730747,9517190
370,2009-04-16,29.59619140625,30.9101864746021,29.330262898338656,30.785044895403235,16019178
371,2009-04-17,30.50347137451172,31.786182033841406,29.43976164849994,30.28447256288469,24728264
372,2009-04-20,31.88003921508789,32.50575131669733,29.893402443801584,31.567183164283176,20235831
373,2009-04-21,31.285608291625977,31.989534287235415,31.004036620367888,31.72360584021786,8757532
374,2009-04-22,30.237546920776367,32.03646933024827,29.799547148064246,32.03646933024827,10270548
375,2009-04-23,31.301252365112305,31.55153761164497,29.736972226396563,30.487827965994555,7645123
376,2009-04-24,31.301252365112305,31.78617963245233,30.69118353535131,31.723608851241845,4953362
377,2009-04-27,30.268831253051758,31.285615606121908,30.049832427554456,31.285615606121908,6298942
378,2009-04-28,28.782760620117188,30.941468462259994,28.62633260786151,30.612969212184925,8020828
379,2009-04-29,28.97047996520996,29.564905663269766,28.532480184073894,29.377193289946646,10317407
380,2009-04-30,28.97047996520996,28.97047996520996,28.97047996520996,28.97047996520996,0
381,2009-05-04,29.424118041992188,30.002902578252534,29.267690018320835,29.674403304204525,6346688
382,2009-05-05,30.01854133605957,30.347038439512943,29.252042436826915,29.721326437978068,10754066
383,2009-05-06,30.143686294555664,30.847612375840725,29.799543806139987,30.331400764907993,8162872
384,2009-05-07,30.378324508666992,30.628609730491554,29.87775406501786,30.347038060304975,6552316
385,2009-05-08,30.4565372467041,31.59846286096429,29.909039274873855,30.34703680366188,16052278
386,2009-05-11,30.4565372467041,31.26996365352806,30.253181705843325,30.37832325072835,8177989
387,2009-05-12,31.661039352416992,31.801824146265552,30.081115923983386,30.75375556219918,9045014
388,2009-05-13,31.035329818725586,32.05211203352371,30.73811485858565,31.911327228120633,8210662
389,2009-05-14,31.082252502441406,31.75489421200024,30.268826009571868,31.254323736128118,7465672
390,2009-05-15,31.582820892333984,31.880033664513114,31.066607225368696,31.129178000297376,5990389
391,2009-05-18,36.61980056762695,37.54272743922745,33.81974199178414,35.665591491604175,170650
392,2009-05-19,36.93265914916992,38.762867675140505,33.47560190052203,35.665593993010965,19037417
393,2009-05-20,37.167301177978516,40.671290225095056,35.039881984402854,38.48129813149254,10704619
394,2009-05-21,36.74494552612305,38.7941505251535,36.46337174565584,37.51144014133695,11495294
395,2009-05-22,37.13602066040039,38.41873122224237,36.44773570232475,37.198589319891795,8524108
396,2009-05-25,36.47902297973633,37.54273264898978,36.04102537985332,37.52709154460813,5914983
397,2009-05-26,33.710243225097656,36.80751684425919,32.97503076031852,36.76058929190758,11328948
398,2009-05-27,34.320316314697266,35.66559773707344,33.710247449227495,34.41417355285204,9833643
399,2009-05-28,35.03988265991211,35.63430824810177,33.52253011713071,35.03988265991211,18047010
400,2009-05-29,35.96281814575195,36.29131534670015,35.21196224804893,35.665603159459884,12795881
401,2009-06-01,37.57402038574219,37.79301707148013,35.75945277650123,36.88573538855049,13519274
402,2009-06-02,37.245513916015625,38.70029772347748,36.35387770290173,37.855584818717766,10664555
403,2009-06-03,39.29473876953125,39.57630843431552,36.91703136274102,37.85559974094378,19445390
404,2009-06-04,39.2634391784668,39.701436759817504,38.07458799431755,39.57629519991464,11373782
405,2009-06-05,39.122657775878906,40.202008538635695,38.434372809155725,39.70143803950806,13240784
406,2009-06-08,37.839942932128906,39.810934011233634,37.1203715946953,39.107008019641796,8283946
407,2009-06-09,37.87124252319336,38.30924022128727,36.40081713311112,37.761742037824256,6301719
408,2009-06-10,38.26229476928711,39.32600417984316,37.73043794231883,39.32600417984316,5514227
409,2009-06-11,38.35615921020508,39.263440862644764,37.918161610066775,39.09137174082021,8425194
410,2009-06-12,37.933807373046875,38.85673448660204,36.94831159086316,38.4813055013025,8819990
411,2009-06-15,38.15279769897461,38.70029567479261,37.073442849295326,38.70029567479261,6088490
412,2009-06-16,38.43437194824219,38.715941521637724,36.99523338675439,38.41873084436854,5235173
413,2009-06-17,37.245513916015625,39.35729617791492,36.63544725669459,39.35729617791492,8548532
414,2009-06-18,34.242095947265625,37.38629905084228,33.694597968293735,37.229871056850314,15756310
415,2009-06-19,33.80411148071289,35.337105565780824,32.599614612665754,35.337105565780824,11260656
416,2009-06-22,33.27225112915039,34.226462591965074,32.849896696609875,33.78846493117689,11032509
417,2009-06-23,33.58509826660156,34.070023330714605,32.30238791985581,32.537029901210005,9061729
418,2009-06-24,33.647682189941406,34.66446450659622,33.24096883894124,34.66446450659622,12156270
419,2009-06-25,33.49125289916992,34.55496274231439,33.021966648734285,34.101321842199575,22858397
420,2009-06-26,34.68010711669922,34.88346272772341,33.17839532980344,34.382892132091484,16833106
421,2009-06-29,34.86781692504883,35.68124143079438,34.570604084070816,35.68124143079438,16727201
422,2009-06-30,34.22645950317383,35.49352692983011,33.72589109626021,35.03988608173341,10678356
423,2009-07-01,33.47560501098633,34.5080303748566,32.84989292642141,34.27338834314476,9694486
424,2009-07-02,34.445457458496094,34.680099475683136,33.397388933051054,34.680099475683136,11593296
425,2009-07-03,35.337093353271484,35.587378578253045,33.553814573024994,34.242097350456376,14320723
426,2009-07-06,32.42753601074219,36.76059299025571,32.06775241534177,35.91587998941856,16536927
427,2009-07-07,32.709102630615234,34.07002712261279,32.22417751253139,34.07002712261279,6256398
428,2009-07-08,31.88003921508789,32.50575131669733,30.878900276850974,32.50575131669733,9995092
429,2009-07-09,32.19290542602539,32.59961884476911,31.348194246598624,32.06776381488496,5766023
430,2009-07-10,32.11468505859375,33.287895388129996,31.629757698047204,32.380613581965086,4813799
431,2009-07-13,32.255470275878906,32.94375325344837,31.05097347386397,32.38061398560409,6649724
432,2009-07-14,33.78845977783203,34.07002935658131,32.42753519659878,32.77167767879523,6681312
433,2009-07-15,34.742671966552734,34.946027542784506,33.85103140866402,34.25774468281836,5318107
434,2009-07-16,34.68010711669922,35.790744545403726,33.78846640625834,35.790744545403726,6733724
435,2009-07-17,34.9460334777832,35.29017602705852,34.44546500447228,35.29017602705852,4714999
436,2009-07-20,35.02424240112305,35.66559771955975,34.66445879701241,35.055528854389564,3204852
437,2009-07-21,34.47673797607422,35.25887794689206,33.94488322025618,35.25887794689206,3387311
438,2009-07-22,34.054378509521484,35.25887260922423,33.66330858331472,34.57058996343836,4155805
439,2009-07-23,35.540470123291016,35.88461275776551,34.13261736320902,35.16504102324914,7225701
440,2009-07-24,35.368385314941406,36.43209715649247,35.086813597314276,36.43209715649247,3938895
441,2009-07-27,35.868953704833984,36.260023766617095,35.19631404724338,36.260023766617095,5271010
442,2009-07-28,36.385162353515625,36.6041632675051,35.696881647257,36.51030815772755,5714377
443,2009-07-29,36.72930908203125,36.91702356670734,35.29017247904802,36.88573711203101,8829709
444,2009-07-30,37.245513916015625,37.74608436908134,36.82316170701688,36.94830325943803,17110331
445,2009-07-31,36.72930908203125,37.933805761705784,36.54159459735516,37.51144923203005,5752956
446,2009-08-03,36.69801712036133,37.30808804316443,36.541589113835535,37.10473248335715,3665243
447,2009-08-04,36.26002883911133,37.495812104575066,36.13488725051076,37.495812104575066,3621563
448,2009-08-05,35.93152618408203,36.44773781081066,35.352741650860736,36.44773781081066,4774621
449,2009-08-06,35.21195983886719,36.22873995187395,34.94603132880828,35.790742299449775,7103528
450,2009-08-07,35.29016876220703,35.82202358385187,34.77395504456206,35.03988351622984,3574790
451,2009-08-10,34.617523193359375,35.915874713001166,34.33595364890636,35.63430516854816,2330557
452,2009-08-11,34.8365364074707,35.22760653625415,34.17953774243802,35.22760653625415,2647345
453,2009-08-12,34.38288116455078,34.83652405037791,32.849887652174395,32.849887652174395,3169220
454,2009-08-13,34.961669921875,35.32145350854885,34.60188633520116,35.32145350854885,3372052
455,2009-08-14,35.00860595703125,35.665604629387644,34.72703630984494,34.72703630984494,5692114
456,2009-08-17,33.30353546142578,34.85217252534547,33.13146420505894,34.414174892494366,7525848
457,2009-08-18,34.023109436035156,34.10132346120589,32.84989905847411,33.38175400529687,3831268
458,2009-08-19,33.19403076171875,34.398527281080085,33.08453242830723,34.33595650174627,2016070
459,2009-08-20,33.52253341674805,33.77281868124422,33.319177832796036,33.60074742929742,1291386
460,2009-08-21,33.91616439819336,34.04213097682191,33.08164302257136,33.69572555514604,2476248
461,2009-08-24,34.21534729003906,34.4357883701247,33.916179998606815,34.29407563702876,3720905
462,2009-08-25,34.624732971191406,34.92390024404427,34.24683735623817,34.608986875642735,5644025
463,2009-08-26,34.46726989746094,35.08135042487731,34.168102680067584,34.64047264510211,4450635
464,2009-08-27,34.026405334472656,34.782196717840925,33.82171032206301,34.46728328549692,7528977
465,2009-08-28,33.884681701660156,34.43577999658077,33.506784019486254,34.26257724819149,4498782
466,2009-08-31,33.884681701660156,34.073628407104536,33.44380178433813,33.66424067517786,5347897
467,2009-09-01,33.554019927978516,34.16810258940808,33.28634489655472,33.97915374963859,4467549
468,2009-09-02,33.97915267944336,34.073627096352574,33.22336161545464,33.38081826508916,3513954
469,2009-09-03,33.49103927612305,34.32556086629647,33.2233642320484,34.32556086629647,5440841
470,2009-09-04,33.74297332763672,33.82170166557261,32.98718213770932,33.569770557049196,3523284
471,2009-09-07,33.69573974609375,34.37280264966432,33.56977311441441,34.29407430573086,4931172
472,2009-09-08,34.026405334472656,34.42004712490267,33.86894861830066,33.900438680149016,4162308
473,2009-09-09,33.20761489868164,34.010644223840124,33.06590434380484,34.010644223840124,8053306
474,2009-09-10,33.821693420410156,34.215335014126374,33.42805182669393,33.63274673681176,7355612
475,2009-09-11,34.07362747192383,34.262576307824915,33.58551142554812,34.07362747192383,4466196
476,2009-09-14,34.010650634765625,34.13661512159068,33.69573728206012,33.853193958412874,2292939
477,2009-09-15,33.79021072387695,34.24683464477781,33.632754052142666,34.19959849751465,6351632
478,2009-09-16,33.94767761230469,34.278337149588594,33.60127197597995,34.0421520709063,7262510
479,2009-09-17,34.026405334472656,34.21535211249303,33.71149190212865,34.152369853152905,4533815
480,2009-09-18,33.963409423828125,34.08937389187802,33.72722444450266,33.72722444450266,3807983
481,2009-09-22,34.010650634765625,34.26258174405859,33.9161762018254,34.010650634765625,3732519
482,2009-09-23,34.671966552734375,35.20731877923927,34.10512213940573,34.199596564234284,10885467
483,2009-09-24,35.08135223388672,35.69543492861152,34.6089822444939,34.95538775763904,10152395
484,2009-09-25,35.04986572265625,35.49074356969414,34.79793460907336,34.95539128810731,5754133
485,2009-09-29,34.93964385986328,35.679691077341566,34.79793328126864,35.58521664639754,3351144
486,2009-09-30,34.624732971191406,35.39627029664656,34.514514573636646,35.01837468169332,5591598
487,2009-10-01,34.54600143432617,34.95538920251715,34.435783046964254,34.67196805142335,4613924
488,2009-10-05,34.294071197509766,34.49876615457018,34.05788618711586,34.294071197509766,3847231
489,2009-10-06,34.48301696777344,34.608981441097036,33.77446200013228,34.53025311135913,2883224
490,2009-10-07,34.262577056884766,34.76643707089902,34.08937430946257,34.640472601306094,3492297
491,2009-10-08,33.97915267944336,34.451522628346936,33.88468039817664,34.325558162896314,6173266
492,2009-10-09,33.963409423828125,34.262576637178526,33.71147835208579,34.16810221831984,4193022
493,2009-10-12,34.10512161254883,34.24683217978117,33.900426672641984,34.01064718917972,1800379
494,2009-10-13,34.10512161254883,34.10512161254883,34.10512161254883,34.10512161254883,0
495,2009-10-14,35.002620697021484,35.27029785408911,34.120865172747486,34.42003237817205,6809859
496,2009-10-15,35.412017822265625,35.90013399012855,35.002629999682426,35.002629999682426,7572106
497,2009-10-16,35.27029800415039,35.74266795229656,35.12858744683504,35.5852113029145,3312168
498,2009-10-20,35.22306442260742,35.80565278626156,34.98687943137511,35.112843905775286,3209019
499,2009-10-21,35.08135223388672,35.49073998515569,34.86091333263194,35.207318845777074,1976113
500,2009-10-22,34.35704803466797,35.08134686572362,31.806249628013987,34.79792576971422,2682882
501,2009-10-23,34.734947204589844,34.797929439718615,34.325559472788996,34.640472784075406,1979627
502,2009-10-26,34.624732971191406,34.955392435141604,34.231091260689496,34.48302238253931,1820035
503,2009-10-27,34.35704803466797,34.71919745019579,34.18384530459896,34.294063670539344,4096925
504,2009-10-28,33.884681701660156,34.32555948333962,33.44380178433813,34.32555948333962,1873167
505,2009-10-29,33.31783676147461,34.30981502085045,33.06590780891187,33.412311186506976,4457277
506,2009-10-30,32.86121368408203,33.97915644759087,32.46757201634249,33.97915644759087,2912146
507,2009-11-03,32.24713897705078,33.270607499398345,32.026700030135316,32.59354456194875,3200653
508,2009-11-04,32.89270782470703,33.03441840637854,31.58581612883164,32.640776715267194,2690289
509,2009-11-05,33.554019927978516,33.69573262562691,32.26287664169552,32.82972102536144,2975233
510,2009-11-06,33.601253509521484,34.12086167844417,33.443796876934414,33.979149000602,2665782
511,2009-11-09,33.80595779418945,33.93192228095648,33.081654520529064,33.90043009144329,1222652
512,2009-11-10,33.12888717651367,34.01064484100911,32.908448294300435,34.01064484100911,2700520
513,2009-11-11,34.18384552001953,34.30980997778588,33.06590294868432,33.3335779553484,3211200
514,2009-11-12,33.49103927612305,34.6719663770315,33.239108189737806,34.6719663770315,7034805
515,2009-11-13,32.987178802490234,33.77446210224966,32.78248386316721,33.53827711232183,5050823
516,2009-11-16,33.0501708984375,33.648507666128246,32.78249364241226,33.38083041010301,6037955
517,2009-11-17,33.0344123840332,33.191869031772576,32.67226294848963,33.191869031772576,4578478
518,2009-11-18,32.89270782470703,33.31783956972157,32.76674120216568,33.06591059592459,3519599
519,2009-11-19,32.93994140625,33.22336468314764,32.782484742076655,33.002923644790805,3934390
520,2009-11-20,33.63275146484375,33.75871593828387,32.97143264017655,33.09739711361667,4677765
521,2009-11-23,33.443809509277344,33.75872289340007,33.191878374850546,33.695740643704134,2821321
522,2009-11-24,32.703758239746094,33.538279887941464,32.60928380882776,33.538279887941464,5439086
523,2009-11-25,32.971431732177734,33.018667874506285,32.6880084712787,32.750992841906864,1865683
524,2009-11-26,32.46757125854492,32.97143343574841,32.31011459512416,32.719502347146665,5780245
525,2009-11-27,32.16841506958008,32.593549061034764,31.61731655839837,32.40460014580081,7226035
526,2009-11-30,31.4283504486084,32.672259544672144,29.932512450921745,32.436074597668984,34539390
527,2009-12-01,32.27862548828125,32.56204663647429,31.491342148141978,32.121168820253395,9492411
528,2009-12-02,32.45182418823242,32.65651912590343,32.05818254152965,32.31011362254795,4964876
529,2009-12-03,32.46757125854492,32.688010160205444,32.38884292683454,32.499063445486144,3578736
530,2009-12-04,32.672264099121094,32.87695689413404,32.19989413926735,32.27862246590964,3567645
531,2009-12-07,32.593536376953125,32.81397526851126,32.56204419145514,32.735246940408885,4545289
532,2009-12-08,32.971431732177734,33.14463448012005,32.499061766321915,32.6880084712787,4206166
533,2009-12-09,32.75099563598633,33.19187345414059,32.68801125998479,32.93994235706269,3096689
534,2009-12-10,33.223365783691406,33.44380469370773,32.75099577552382,32.75099577552382,3347394
535,2009-12-11,33.11314392089844,33.61700609681157,32.987179444741486,33.38082110228529,2530102
536,2009-12-14,33.0501708984375,33.30210205664185,32.92420425151369,33.06591699625839,1458861
537,2009-12-15,33.0501708984375,33.2233737031807,32.81398583805403,33.11315315407777,2359025
538,2009-12-16,32.924198150634766,33.1288931130896,32.60928479514383,32.90845419137452,3602393
539,2009-12-17,32.9556770324707,33.34931856787634,32.86120263684495,33.34931856787634,1264927
540,2009-12-18,32.924198150634766,33.144639207992725,32.62503089004695,32.924198150634766,1671508
541,2009-12-21,32.924198150634766,33.034418679313745,32.688013134016565,32.7667414728893,1309866
542,2009-12-22,33.538272857666016,33.821693955367635,32.76673361326493,32.955682435494246,3246132
543,2009-12-23,34.49876022338867,34.78218133287721,33.6327486674996,33.69573089898122,9531688
544,2009-12-24,34.262577056884766,35.03411423833719,34.02639207466611,34.48301594649366,3529789
545,2009-12-29,34.54600143432617,35.06560972552184,34.38854476468678,34.561747528418664,3582130
546,2009-12-30,34.27832794189453,34.797934121163884,34.18385350867023,34.48302076751146,1887030
547,2009-12-31,34.687705993652344,35.55371752646836,34.404284891714966,34.545995442683655,8785123
548,2010-01-04,35.39626693725586,35.63245194114115,34.671967967188515,34.70345801965423,4353415
549,2010-01-05,35.50647735595703,36.02608336238391,35.349020731507416,35.58520566818184,4374738
550,2010-01-06,35.758419036865234,36.026094096801366,35.58521627123434,35.77416513113037,5549959
551,2010-01-07,36.073326110839844,36.29376713400904,35.490737774922444,35.86863331577421,4535147
552,2010-01-08,36.16779708862305,36.466962121039224,35.91586391937927,36.246525403145895,3809958
553,2010-01-11,36.341758728027344,36.76875143857164,36.246873365666936,36.68967887328423,3041300
554,2010-01-12,35.819881439208984,36.53153454237361,35.67755124757219,36.12035890986302,2569224
555,2010-01-13,36.357574462890625,36.531532384068804,35.36125889033467,35.81987932294906,3322262
556,2010-01-14,37.116676330566406,37.48040931941298,36.38920606291149,36.53153841461578,6747297
557,2010-01-15,37.52784729003906,38.413462597186516,37.11667166562287,37.432961927469556,11273753
558,2010-01-18,37.19574737548828,37.95484321009949,37.03760223119588,37.559480349368485,4085821
559,2010-01-19,36.76875305175781,37.606921422585856,36.57897802874961,37.16411589554099,4992784
560,2010-01-20,36.974342346191406,37.30644972218268,36.658052058558724,36.76875451722248,3697700
561,2010-01-21,35.94639205932617,37.14829749720151,35.75661920990931,36.84782006524248,3555527
562,2010-01-22,36.15199661254883,36.35758878762135,34.71287712681767,34.79194972031856,4943166
563,2010-01-25,36.46828842163086,37.005983794581105,35.44034681064968,36.15199803518082,2912852
564,2010-01-27,35.835693359375,37.132482062120815,35.48777323584439,36.468271697191646,8252922
565,2010-01-28,36.02546691894531,37.306444995537504,34.254242819601,36.658047414064114,11600411
566,2010-01-29,35.645931243896484,35.96222159964597,35.12405301490232,35.70918888605013,3996285
567,2010-02-01,35.72500228881836,35.94640509927784,35.424526892838976,35.50359947835888,2078776
568,2010-02-02,35.962215423583984,36.531538395155195,35.582667490863464,35.86732790415863,3466800
569,2010-02-03,35.72500228881836,36.13618016251806,35.582672063878775,36.05710757699816,2006355
570,2010-02-04,35.42451477050781,36.13616779665798,35.32962727135837,35.582659887430076,2254939
571,2010-02-05,33.969581604003906,35.1082273965908,33.8430663581523,34.98171215073919,4391981
572,2010-02-08,34.317501068115234,34.45983125312546,33.77980806642077,34.317501068115234,1831316
573,2010-02-09,34.19099044799805,34.47565085650963,34.01703035613836,34.19099044799805,1113258
574,2010-02-10,33.93796157836914,34.36495223889918,33.858888995495306,34.31750954716731,1023345
575,2010-02-11,33.858890533447266,34.23843851948542,33.82726064086859,34.00122076008893,640478
576,2010-02-15,33.178855895996094,34.31750168655876,33.14722601209912,33.93795380469807,1575236
577,2010-02-16,33.763999938964844,34.00121767685037,33.14723210447766,33.2104918838986,1192982
578,2010-02-17,33.87469482421875,34.08028262636752,33.748177438682156,34.00121006477484,989784
579,2010-02-18,34.20680236816406,34.6179801715486,33.590036735577655,33.922141966964425,1713670
580,2010-02-19,33.89051055908203,34.20680083287719,33.684922739107456,34.20680083287719,1267093
581,2010-02-22,33.843074798583984,34.27006761354084,33.76400221396095,33.96959007598839,835164
582,2010-02-23,33.716548919677734,33.90632393316759,33.54258884814213,33.843066310331174,801182
583,2010-02-24,33.60586166381836,33.811449554103724,33.41608657664616,33.59004671572377,906081
584,2010-02-25,33.66911697387695,33.84307710087811,33.24212412987242,33.84307710087811,1650113
585,2010-02-26,34.017032623291016,34.44402326451628,33.52678220264187,33.84307251983732,1548385
586,2010-03-02,34.017032623291016,34.63379831282595,33.84307251983732,34.03284756814699,780476
587,2010-03-03,34.38077163696289,34.475659177696144,33.700746049192354,33.700746049192354,1578097
588,2010-03-04,34.412391662597656,34.633794430821865,34.254246521725975,34.475649289950184,1157814
589,2010-03-05,34.238433837890625,34.68123940355789,34.15936126223712,34.475651564851134,766252
590,2010-03-08,34.8077507019043,35.01333850452491,34.31750038990839,34.47564551345671,1998979
591,2010-03-09,34.412391662597656,34.918454826398595,34.317504149078495,34.79193957169355,1368556
592,2010-03-10,34.50728225708008,34.69705515608142,34.20680474661131,34.44402247909869,1572349
593,2010-03-11,33.77981948852539,34.855205855539,33.55841452033322,34.475657852180156,4256779
594,2010-03-12,33.62166976928711,33.96958999883066,33.38445201595681,33.54259718484368,7813231
595,2010-03-15,33.099788665771484,33.68492659730523,32.95745845525761,33.68492659730523,2420100
596,2010-03-16,33.19468688964844,33.28957444224282,32.751879025868554,32.9100242318653,1690093
597,2010-03-17,33.63747787475586,33.7956251564635,33.24211503293849,33.24211503293849,2067076
598,2010-03-18,33.55840301513672,33.811435645619746,32.309056949291154,33.384442947618346,2257266
599,2010-03-19,34.22262191772461,34.55472719381081,33.40026620027126,33.52678361948467,3363560
600,2010-03-22,34.017032623291016,34.50728304394017,33.73237005082652,33.84307251983732,2178427
601,2010-03-23,34.143550872802734,34.444026271372785,33.7798178342676,34.08029323283765,1381649
602,2010-03-25,33.66911697387695,34.301697693894766,33.526786740869206,34.301697693894766,3128139
603,2010-03-26,33.763999938964844,34.00121767685037,33.479337366513604,33.700740159543905,2059990
604,2010-03-29,33.763999938964844,34.04866036643509,33.55840994580878,33.98540273199514,1977720
605,2010-03-30,33.74817657470703,34.001209194321916,33.68491895604843,33.763991515616794,1369034
606,2010-03-31,33.89051055908203,34.03284289827441,33.3053726945687,33.84306787600504,1719363
607,2010-04-01,33.73237609863281,34.03285366982527,33.68493340053999,34.00122377444247,928358
608,2010-04-05,34.017032623291016,34.23843541633163,33.76399994053846,34.15936283703277,1444077
609,2010-04-06,33.90632629394531,34.159358947889366,33.811438780593704,34.159358947889366,2818200
610,2010-04-07,34.96589660644531,35.10822679182177,33.87469565858509,33.87469565858509,3932498
611,2010-04-08,35.15567398071289,35.70918199648319,34.206803096535246,35.42452158922223,4525961
612,2010-04-09,34.681243896484375,35.25056694394111,34.57054356321687,35.171494358043816,2218499
613,2010-04-12,34.30169677734375,34.95009242703295,34.190996441287346,34.50728679284488,854787
614,2010-04-13,34.08028030395508,34.53890070094368,33.969577867276975,34.001207747750826,1196945
615,2010-04-15,34.04866027832031,34.44402317377303,33.93795995458214,34.31750790522056,1834504
616,2010-04-16,34.12772750854492,34.22261501757798,33.87469701109764,33.93795463545946,3410045
617,2010-04-19,34.017032623291016,34.12773294732083,33.684927361239595,33.9695877887231,1997149
618,2010-04-20,34.143550872802734,34.4282134701174,33.70074310308476,34.00122064663599,2663183
619,2010-04-21,34.8077507019043,35.17148362807323,34.127725383658195,34.159355266360066,4408329
620,2010-04-22,34.36494827270508,35.31381915767813,34.03284517894918,34.697053511441815,3257926
621,2010-04-23,34.681243896484375,34.79194637473305,34.285880966997915,34.475656031143885,1225052
622,2010-04-26,34.91846466064453,35.218942228910194,34.697061830065635,34.79194937030841,1204934
623,2010-04-27,35.8040657043457,36.26268615390486,34.82356718200898,34.871009863177626,11718037
624,2010-04-28,36.341758728027344,38.112985048457745,34.19098666819407,35.58266295926038,8993805
625,2010-04-29,34.93427276611328,36.025473902734035,34.66542729055854,36.025473902734035,5294606
626,2010-04-30,34.8077507019043,35.26637113119833,34.728678140130135,35.26637113119833,1318467
627,2010-05-03,34.58635330200195,34.77612619259417,34.50728072800999,34.77612619259417,1557313
628,2010-05-04,34.001220703125,34.7761316201924,33.890518224266295,34.60217150126351,1045708
629,2010-05-05,33.92213821411133,34.064468398964955,33.59003301946581,33.84306565086147,1404451
630,2010-05-06,33.763999938964844,34.00121767685037,33.33700715277848,33.684927359669665,1322298
631,2010-05-07,33.52677917480469,33.763996891277905,33.22630168462064,33.36863403048921,5243780
632,2010-05-10,34.19099044799805,34.364948394876876,33.59003759839014,33.62166534101318,1121466
633,2010-05-11,33.763999938964844,34.444023262910974,33.66911241481443,34.444023262910974,838559
634,2010-05-12,33.795631408691406,34.04866195828089,33.55841151473436,34.032849157667364,1266616
635,2010-05-13,34.27006149291992,34.34913406342063,33.68492361322242,34.001213895225234,1612426
636,2010-05-14,33.60586166381836,34.285885127052794,33.36864387734383,33.92215204578441,1711958
637,2010-05-17,32.78348922729492,33.495142226687804,32.59371423613134,33.21048188492279,1851642
638,2010-05-18,32.894203186035156,33.19467857315245,32.60954059957054,33.19467857315245,1361316
639,2010-05-19,32.48301696777344,32.894194723565086,32.293241958952514,32.894194723565086,2450689
640,2010-05-20,32.92583465576172,33.08397984002121,32.02440839247145,32.34069876099042,2116627
641,2010-05-21,32.68861770629883,32.95746538433355,31.73974657673825,31.992779306950684,1432024
642,2010-05-24,32.49884033203125,32.91001604940636,32.293250328362596,32.767685828393354,3809046
643,2010-05-25,31.913698196411133,32.340690948759736,31.644850590120406,32.2616183757308,2621138
644,2010-05-26,32.64117431640625,32.89420704125893,32.38814159155357,32.54628677646382,1674436
645,2010-05-27,32.05602264404297,33.0523381723336,31.692289731400948,33.0523381723336,4522469
646,2010-05-28,32.593719482421875,32.862567072347304,32.056026447551716,32.056026447551716,1223573
647,2010-05-31,32.672786712646484,32.78348914805438,32.309053816272545,32.656973917571364,3962642
648,2010-06-01,32.9100227355957,33.21050032931348,32.530474687456156,33.21050032931348,2173677
649,2010-06-02,33.02070999145508,33.09978255436103,32.577904497173975,33.02070999145508,1067731
650,2010-06-03,33.40026092529297,33.51096338149858,33.020713017557775,33.1788581578625,855327
651,2010-06-04,33.44771194458008,33.57422722224589,33.14723440640677,33.526784529366495,730766
652,2010-06-07,33.03653335571289,33.19467852184398,32.26162247066677,33.02071841010356,1110289
653,2010-06-08,32.593719482421875,33.21048723048836,32.46720423126914,33.036527151417836,1369731
654,2010-06-09,32.40394973754883,32.84675530436145,32.309062217523014,32.59372263261957,2036943
655,2010-06-10,32.24580383300781,32.79931185109159,32.10347362878244,32.51464929765999,2079894
656,2010-06-11,32.071842193603516,32.57790750085298,32.00858456644252,32.41976236046012,1791437
657,2010-06-14,32.593719482421875,32.68860699327678,32.16672890104588,32.56209174212404,1700881
658,2010-06-15,32.672786712646484,32.73604647286833,32.41975625168044,32.60952909740497,1047592
659,2010-06-16,32.46720886230469,32.95745928416576,32.38813628281036,32.67279671099756,1289944
660,2010-06-17,32.53047561645508,32.68862081977797,32.340702659456575,32.46721796412224,662067
661,2010-06-18,32.53047561645508,32.862580972429456,32.230000159137916,32.451403014793634,1111519
662,2010-06-21,32.70442581176758,32.81512827838126,32.53046571208077,32.64116817869445,1131800
663,2010-06-22,32.451393127441406,32.81512827124949,32.29324797230249,32.73605569368003,1139377
664,2010-06-23,32.356502532958984,32.53046261608966,32.22998727885345,32.26161716487021,1355354
665,2010-06-24,32.0876579284668,32.51464853107594,31.945327727597082,32.29324575805852,2329371
666,2010-06-25,32.05602264404297,32.32487020206912,31.91369246713872,31.97695008520945,1672844
667,2010-06-28,32.6569938659668,32.81513907316312,32.07185574134775,32.07185574134775,2401306
668,2010-06-29,32.43557357788086,33.13141387768472,32.29324338745939,32.81512361231229,1542276
669,2010-06-30,32.92583465576172,33.05235209015811,32.13510873446428,32.26162616886068,2708253
670,2010-07-01,32.6569938659668,32.91002448149559,32.41977605517231,32.79932412344716,1450319
671,2010-07-02,32.751869201660156,32.97327413962858,32.60953898795259,32.76768414651232,1534161
672,2010-07-05,32.293243408203125,32.862566315235334,31.629035137482745,32.57790593420955,1409644
673,2010-07-06,32.27743911743164,32.40395655240082,32.198366524943914,32.293254064925456,765539
674,2010-07-07,32.48301696777344,33.14722520868559,32.435572143077934,32.5779044721839,4099698
675,2010-07-08,32.261619567871094,32.894200175477906,32.21417473531204,32.894200175477906,2147848
676,2010-07-09,32.24580383300781,32.48302155504371,32.15091631519728,32.419763924830306,2076435
677,2010-07-12,31.929513931274414,32.41976432519915,31.850441356285938,32.30906186222293,4188571
678,2010-07-13,31.94533348083496,32.08766370733783,31.708115721669785,31.8820736957393,3777184
679,2010-07-14,31.850435256958008,32.261612997154124,31.771362697111854,32.229983115223476,2928502
680,2010-07-15,31.866262435913086,32.1509229026887,31.803002647757356,32.10348020655319,3552196
681,2010-07-16,31.7397403717041,32.0876605758514,31.629040048552483,32.0876605758514,1309829
682,2010-07-19,31.644855499267578,32.07184831785667,31.344380104140253,31.344380104140253,3056097
683,2010-07-20,31.581600189208984,31.83463290981284,31.53415749252509,31.78719021312894,2241425
684,2010-07-21,31.597408294677734,31.739738498892134,31.502520776874515,31.739738498892134,1373142
685,2010-07-22,32.0876579284668,32.483020789205334,31.629037439006254,31.850440212023674,5819774
686,2010-07-23,31.94533348083496,32.38813910661748,31.818816055624822,32.38813910661748,1826820
687,2010-07-26,31.94533348083496,32.08766370733783,31.629043135281396,31.94533348083496,1879489
688,2010-07-27,31.992782592773438,32.198370500633935,31.676492183768595,31.676492183768595,2785906
689,2010-07-28,32.02440643310547,32.45139711749248,31.86626125852186,32.10347902039727,3199899
690,2010-07-29,31.7397403717041,32.245805733194544,31.54996746988091,31.692297682493546,2312762
691,2010-07-30,31.755556106567383,32.008588793608496,31.67648352592835,31.78718599681541,1285466
692,2010-08-02,31.80299949645996,32.071847134538345,31.72392691408174,31.94533186072562,778568
693,2010-08-03,31.597408294677734,31.882068703106537,31.534150664469205,31.882068703106537,1708893
694,2010-08-04,31.67648696899414,31.78718945191397,31.202051433591322,31.78718945191397,1886451
695,2010-08-05,31.249488830566406,31.8820694371783,31.15460131057844,31.486706558045864,1508701
696,2010-08-06,31.48670196533203,32.024397118507565,31.31274189489175,31.391814459184552,3922176
697,2010-08-09,32.30906677246094,32.388139359466635,31.81881630402936,31.866261143221504,3155186
698,2010-08-10,32.10346984863281,32.56209029490398,31.96113751618607,32.56209029490398,2033594
699,2010-08-11,31.67648696899414,32.13510755755395,31.629044273446365,31.94533463038158,1383082
700,2010-08-12,31.549968719482422,31.69229893773234,31.47089399269796,31.502523883411747,746648
701,2010-08-13,32.22998809814453,32.324875613626105,31.518334949503895,31.739737722307044,2838836
702,2010-08-16,33.30537796020508,34.00121838855253,32.38813687917403,32.38813687917403,10437835
703,2010-08-17,33.21048355102539,33.937951527007556,33.0839661689091,33.66910396686835,4272775
704,2010-08-18,32.87837600708008,33.605843930728916,32.467198298497664,33.41606894369694,2042150
705,2010-08-19,33.00490188598633,33.526782196247886,32.62535393442037,33.526782196247886,2150678
706,2010-08-20,32.64117431640625,33.242125161072686,32.577916671438416,33.05235222616919,1350531
707,2010-08-23,33.00490188598633,33.17886198940685,32.35650630686311,32.79931403784089,1558660
708,2010-08-24,32.593719482421875,33.1946722878491,32.43557434599062,33.1946722878491,1419761
709,2010-08-25,32.593719482421875,32.89419695762584,32.37231672041425,32.41976154833204,1708531
710,2010-08-26,33.35280990600586,33.59002755717998,32.57789934116645,32.86255966458331,6819779
711,2010-08-27,33.00490188598633,33.68492735481546,32.79931403784089,33.49515230654198,3318728
712,2010-08-30,34.396575927734375,34.633793633581355,33.210487398499495,33.33700265029227,12599675
713,2010-08-31,34.412391662597656,35.02915728300108,34.001213867335125,34.44401940378354,7251681
714,2010-09-01,34.22262191772461,34.69705741356744,33.93796147821134,34.412396974054175,4105554
715,2010-09-02,34.03284454345703,34.507279977084465,33.85888445546414,34.507279977084465,2077611
716,2010-09-03,34.15936279296875,34.50728299942734,34.09610515860746,34.285878061691335,2025354
717,2010-09-06,34.1751823425293,34.41240011208234,33.84307703615879,33.84307703615879,1657041
718,2010-09-07,34.06344223022461,34.63808353675853,33.919782444845694,34.63808353675853,2364772
719,2010-09-08,33.99958419799805,34.19113196844413,33.760150567449266,34.063432733140864,2119627
720,2010-09-09,33.36111068725586,34.159223175944405,33.24937407283199,34.127297810389386,4325702
721,2010-09-13,33.69630813598633,33.99959254111817,33.47283712564037,33.77611936575404,2223035
722,2010-09-14,33.53668975830078,33.951708636609695,33.37706727933723,33.55265243920082,2096762
723,2010-09-15,34.111328125,34.254987901350745,33.53668468956081,33.53668468956081,3700295
724,2010-09-16,33.72822952270508,34.44653050604101,33.61649294817899,34.12728562455837,1645185
725,2010-09-17,33.60053253173828,33.983625957604055,33.5207213111405,33.91977741412941,3999245
726,2010-09-20,33.72822952270508,33.91977731760182,33.64841830233441,33.7761153889203,1658444
727,2010-09-21,33.72822952270508,34.1592109787138,33.61649294817899,34.015549050032284,4168036
728,2010-09-22,33.792083740234375,34.09536816058356,33.61649859293176,33.76016054573644,2530696
729,2010-09-23,33.53668975830078,33.91978543982805,33.424955322037356,33.71227491816437,1296047
730,2010-09-24,33.69630813598633,33.77611936575404,33.345140024019294,33.5366856764509,2212027
731,2010-09-27,33.792083740234375,34.19114207411392,33.61649859293176,34.19114207411392,1731020
732,2010-09-28,34.127281188964844,34.207092398962274,33.712262463974675,33.83996169898114,3076594
733,2010-09-29,34.68596649169922,35.260607749882226,34.19113862425363,34.19113862425363,11684464
734,2010-09-30,33.99958419799805,35.05309260541623,33.88784763773489,34.73384776468452,5236368
735,2010-10-01,34.63807678222656,34.877510432840545,34.127284128242955,34.127284128242955,3875195
736,2010-10-04,35.021175384521484,35.2765717493935,34.43057359108672,34.87751560584914,4550532
737,2010-10-05,35.72351837158203,35.94699157280374,34.98925670477383,35.02117990136377,10282420
738,2010-10-06,35.67564010620117,36.28220478603379,35.42024365389627,35.91507387429597,5975746
739,2010-10-07,34.87751007080078,35.88313052693369,34.60615107024794,35.675622231229376,5825104
740,2010-10-08,34.957332611083984,35.340426139187244,34.68597352262582,34.957332611083984,2872678
741,2010-10-11,35.085025787353516,35.675629776996686,34.957328680682785,35.62774390324973,2923343
742,2010-10-12,34.94136428833008,35.16483529655882,34.54230814327228,35.11694942515914,1328063
743,2010-10-13,35.069061279296875,35.436192042931914,34.89347615385568,35.053098601526216,2785869
744,2010-10-14,34.143245697021484,35.3723392629755,33.839963515752416,35.24464002111323,6206210
745,2010-10-15,34.079410552978516,34.622126590400434,33.74420288824131,34.159221798629346,3825540
746,2010-10-18,34.079410552978516,34.701937836051265,33.77612608749048,34.60616390826655,2661071
747,2010-10-19,33.63246154785156,34.31883946291946,33.45687639911241,34.22306554860554,2506333
748,2010-10-20,33.28129577636719,33.91978569706347,33.121673296193116,33.776123732892046,1611212
749,2010-10-21,33.7122688293457,34.15921298873151,33.58457173524578,33.935739826529584,5077785
750,2010-10-22,34.127281188964844,34.733847683955894,33.7441878139807,34.143243863967854,7613777
751,2010-10-25,33.12166213989258,34.44652741307836,32.993962899754926,34.191133262838484,4373958
752,2010-10-26,32.62684631347656,33.329184860806414,32.49914701804108,33.20148773038959,3559839
753,2010-10-27,32.515098571777344,32.96204270529966,32.43528735132885,32.83434345357132,4326267
754,2010-10-28,31.908538818359375,32.786462371396375,31.66910512207656,32.786462371396375,12789477
755,2010-10-29,32.05219650268555,32.56298922062299,31.924499405710232,31.956422597445016,2557085
756,2010-11-01,32.13201141357422,32.46721903783952,32.02027481714634,32.179897289175685,3644082
757,2010-11-02,31.956424713134766,32.06816130414931,31.301972176517243,31.924501519286494,8722079
758,2010-11-03,32.06815719604492,32.11604306319201,31.621213054260952,31.9244974295857,5792586
759,2010-11-04,32.40336608886719,33.31321275706883,31.92449873770273,32.17989292630934,7578044
760,2010-11-08,31.39775276184082,31.7329604411162,30.743300086116253,31.04658239973924,23828591
761,2010-11-09,33.137630462646484,33.52072610835573,31.413708717027806,31.509482628455117,37552410
762,2010-11-10,32.562992095947266,33.600538136796196,32.451255502463916,33.20148196723892,23142609
763,2010-11-11,32.32355880737305,33.105708476699114,32.17989685248151,32.56299251216786,9305659
764,2010-11-12,31.78083038330078,32.547019289469425,31.605245290323538,32.19584910351493,8655373
765,2010-11-15,32.30759811401367,32.81838874997405,31.924504595788783,31.924504595788783,6781511
766,2010-11-16,31.972389221191406,32.48318200216031,31.892577984478663,32.48318200216031,5839719
767,2010-11-18,32.371437072753906,32.642796073740186,31.748910019628816,32.27566318034594,11698558
768,2010-11-19,32.531070709228516,32.96205229099127,32.020277883807374,32.08412861074893,13151040
769,2010-11-22,32.38740158081055,32.53106134503894,31.5094781532818,32.24374181658216,16159489
770,2010-11-23,31.429672241210938,32.05219943469358,30.966765351039832,31.63718058403239,29650997
771,2010-11-24,30.998680114746094,31.365810800404773,30.647509938450145,30.80713235221784,29495589
772,2010-11-25,30.823104858398438,31.046575875951373,29.78555883795716,30.32827478487664,297127250
773,2010-11-26,30.791179656982422,30.88695139753377,29.83344493132414,30.56770648898101,108003635
774,2010-11-29,29.961145401000977,30.647521165636878,29.689786332181193,30.56770992951557,47311917
775,2010-11-30,30.31231689453125,30.360202772074373,29.30669398095987,29.721712858067818,56380039
776,2010-12-01,30.918880462646484,31.04657757537568,30.136730775888864,30.20057933225346,49377032
777,2010-12-02,31.60525131225586,31.637176667977414,30.823101747258004,31.094460775837145,69791050
778,2010-12-03,31.860647201538086,32.0362323254276,31.046572292608882,31.605250854518612,70133580
779,2010-12-06,31.82872200012207,32.02026762451991,31.541400315998533,31.924495894829917,35990183
780,2010-12-07,31.58930015563965,31.76488316905891,31.317941046688443,31.58930015563965,22324627
781,2010-12-08,31.23811912536621,31.525438653716474,31.06253400692197,31.349855700290156,8690959
782,2010-12-09,30.519811630249023,31.365809522749913,30.328263875523277,31.22214978921433,19659317
783,2010-12-10,30.679443359375,30.791179944418772,30.200575992075628,30.455972354305583,12656908
784,2010-12-13,31.25408935546875,31.365823792376894,30.631562116922545,30.679447994880544,10228525
785,2010-12-14,30.982728958129883,31.44563369713655,30.886955041262006,31.28601122402954,12502825
786,2010-12-15,30.855022430419922,31.06253071613174,30.727323191889983,30.96675682848871,7532899
787,2010-12-16,30.679443359375,30.88695168586415,30.440009675725314,30.870991172302002,10117565
788,2010-12-20,30.599639892578125,30.998696133208206,30.487903279194235,30.567714527320252,12117884
789,2010-12-21,31.0146541595459,31.31793642388866,30.615597978826905,30.64752117427342,13693395
790,2010-12-22,31.270042419433594,31.381776821978086,31.014646097161094,31.09445731255764,11598882
791,2010-12-23,31.04657554626465,31.31793459935192,30.998689673375466,31.142349457061226,4611659
792,2010-12-24,31.206201553344727,31.28601279390301,30.807145350553302,30.807145350553302,4676656
793,2010-12-27,30.87099266052246,31.222160781126817,30.759256070092125,31.126386870046275,5508784
794,2010-12-28,30.69540023803711,30.95079655200975,30.615589025234264,30.807134636950465,6071879
795,2010-12-29,30.551742553710938,30.807136719934004,30.487891847137313,30.663476960179064,10314957
796,2010-12-30,30.83906364440918,31.142345856014085,30.216536543742706,30.55174411026095,31947999
797,2010-12-31,31.38178825378418,31.445636816356714,30.886958105064565,30.93484615075789,12208677
798,2011-01-03,31.38178825378418,31.52544806082702,31.238128446741342,31.429676299477507,5686478
799,2011-01-04,31.41370964050293,31.573332109234826,31.20619913214049,31.42967232037978,9878712
800,2011-01-05,31.31793785095215,31.55737157029381,31.190240733310638,31.4137117716925,6557909
801,2011-01-06,31.60525131225586,31.844687150131467,31.22215786868732,31.349857126555513,16916733
802,2011-01-07,31.23811912536621,31.892571567739502,31.014648140536234,31.605249874371317,15775814
803,2011-01-10,30.69540023803711,31.477549690501426,30.631551700798376,31.222153376528787,11747099
804,2011-01-11,30.66347312927246,31.286000120447724,30.39211632030765,30.902906753956607,8402847
805,2011-01-12,31.04657554626465,31.11042626347451,30.487896925805856,30.870992568992172,5356220
806,2011-01-13,30.886945724487305,31.110418851443107,30.791174001526475,31.03060763896395,5840003
807,2011-01-14,31.158306121826172,31.653136094575498,30.72732468894371,30.807135905031735,13619178
808,2011-01-17,31.206201553344727,31.28601279390301,30.53578843166621,30.807145350553302,10222664
809,2011-01-18,31.493511199951172,31.573322409798838,31.030606615838256,31.030606615838256,8525103
810,2011-01-19,31.25408935546875,31.605257512203778,31.09446687558416,31.2381266744766,8181638
811,2011-01-20,31.573331832885742,31.605255027341734,30.9667651580026,30.9667651580026,8113388
812,2011-01-21,31.55736541748047,31.605251286005007,31.254083198449695,31.365817613346287,7263505
813,2011-01-24,31.461591720581055,31.685062716849554,31.254083402264165,31.333894627004202,10580288
814,2011-01-25,31.41370964050293,31.74891725784357,31.301973046383285,31.605255303970228,5774233
815,2011-01-27,31.541412353515625,31.764883416441233,29.737679002379114,31.38178985642324,21308494
816,2011-01-28,30.823104858398438,31.541405949473166,30.392125502764543,31.445632037659554,12161301
817,2011-01-31,30.823104858398438,31.413708843733843,30.392125502764543,30.599633840845502,10372393
818,2011-02-01,30.53577995300293,31.158307023500985,30.48789192295363,30.966759233339495,5685819
819,2011-02-02,30.50384521484375,30.807127318443655,30.120751917400867,30.66346760252972,9759510
820,2011-02-03,31.493511199951172,31.589285084771895,30.34422891213778,30.487888656860047,8272335
821,2011-02-04,31.062543869018555,31.988355621562928,31.01465798742945,31.429676899603233,13585721
822,2011-02-07,31.222158432006836,31.44562943103558,30.807139625228853,31.078498658703936,10075695
823,2011-02-08,30.551742553710938,31.605248901925723,30.471931335511762,31.605248901925723,6969251
824,2011-02-09,30.615591049194336,31.03060981620905,30.248458147019914,30.966759109731516,15914271
825,2011-02-10,30.455976486206055,31.046578353656837,30.34423988600321,30.53578772491711,15041071
826,2011-02-11,30.937358856201172,31.29037711593951,30.728755079768593,30.969450238127557,16032113
827,2011-02-14,31.62735366821289,31.85200206796147,30.82503640023589,30.98549985383129,9448315
828,2011-02-15,31.69153594970703,31.85199938981049,31.386655848795403,31.611304229655303,6653191
829,2011-02-16,31.643396377563477,31.707581315458516,31.5150265017734,31.595258218248347,3070813
830,2011-02-17,31.643396377563477,31.755721651198247,31.53107110392871,31.643396377563477,2410838
831,2011-02-18,31.48293685913086,31.771770203783724,31.194103514477998,31.643400312032423,7982842
832,2011-02-21,31.755720138549805,31.771764739940846,31.14595781653078,31.14595781653078,9078739
833,2011-02-22,31.595260620117188,31.739677285465714,31.386656835569518,31.611305223492202,6311548
834,2011-02-23,31.964338302612305,32.172942169580104,31.611317713236414,31.611317713236414,28541975
835,2011-02-24,31.531084060668945,32.09270848320067,31.09783391952801,31.93224280788768,14267832
836,2011-02-25,31.835962295532227,32.044563946296066,30.95341316681176,31.627358468343168,31955636
837,2011-02-28,31.755720138549805,33.504771039104675,31.3545615752838,32.18897008102239,128195783
838,2011-03-01,31.932235717773438,32.12479274425399,31.450845327997083,31.93223571777344,22095525
839,2011-03-03,31.868059158325195,32.38154324651901,31.627363900064147,31.627363900064147,12055696
840,2011-03-04,31.771772384643555,32.07665470722397,31.659449265757363,31.86805089827816,5797710
841,2011-03-07,31.46687889099121,31.73966753450801,30.841072082456076,31.73966753450801,6845096
842,2011-03-08,31.434804916381836,31.73968510196117,30.71271923538722,31.450849523708143,8299919
843,2011-03-09,31.46687889099121,31.611295511972532,31.322462270009886,31.450832116121262,4984092
844,2011-03-10,31.579219818115234,31.73968329363853,31.226199301393915,31.450847731841492,4963678
845,2011-03-11,31.46687889099121,31.643389061712426,31.290368720269992,31.290368720269992,6148250
846,2011-03-14,31.70758819580078,31.803866711747457,31.338523090501106,31.338523090501106,4743614
847,2011-03-15,31.370615005493164,31.531078475959752,31.145966582124966,31.402708570156527,7316083
848,2011-03-16,31.643396377563477,31.771766253353555,31.450839387453758,31.46688616603367,3548194
849,2011-03-17,31.563169479370117,31.62735442706332,31.386659240895103,31.386659240895103,4312518
850,2011-03-18,31.434804916381836,31.771776493039084,31.322479606545887,31.611313008373614,7614611
851,2011-03-21,31.258291244506836,31.482939663293322,31.210150898493623,31.386661147691953,3473055
852,2011-03-22,31.24224090576172,31.418751134865424,31.06573067665801,31.418751134865424,3536038
853,2011-03-23,31.274341583251953,31.563174986479183,31.162016272871746,31.242248015593233,5655111
854,2011-03-24,31.434804916381836,31.515036658714575,31.178062905632025,31.450849523708143,7807585
855,2011-03-25,31.498985290527344,31.579217021182966,31.306428266383854,31.515032071943466,8602591
856,2011-03-28,31.803863525390625,31.900142031691377,31.418751676612477,31.466889841550426,11509824
857,2011-03-29,32.02851104736328,32.20502127468774,31.69153737273018,31.803862656416147,8985339
858,2011-03-30,32.41363525390625,32.525958396485336,32.04456790319517,32.092708258379474,4832583
859,2011-03-31,32.70246124267578,33.00734138381049,32.18897729603048,32.41362788295341,15647437
860,2011-04-01,33.649192810058594,33.857796600573856,32.5259486618874,32.5259486618874,22114974
861,2011-04-04,33.986167907714844,34.419420110654876,33.44059259112641,33.44059259112641,10060811
862,2011-04-05,33.76152038574219,34.09849408833796,33.42454668314642,33.857798897401686,7752278
863,2011-04-06,33.71337890625,34.307094561133404,33.585009012644086,33.69733430186794,5371783
864,2011-04-07,33.681297302246094,34.24291955861294,33.50478701495998,33.71338869675459,5888794
865,2011-04-08,33.66523742675781,33.84174764541164,33.2480320489646,33.713375588015815,3282029
866,2011-04-11,33.456642150878906,33.68129057325935,33.24803833433448,33.39245502183441,2761151
867,2011-04-13,33.77756881713867,33.954076891307786,33.071527814761886,33.08757459689319,5725109
868,2011-04-15,33.71337890625,33.92198270389075,33.585009012644086,33.71337890625,2726721
869,2011-04-18,33.44059371948242,34.06640078540358,33.328268425619015,33.697335693723794,3846832
870,2011-04-19,33.19990921020508,33.617114780547965,33.05549248335485,33.617114780547965,2130742
871,2011-04-20,33.456642150878906,33.617105620639954,33.08757486457343,33.617105620639954,3816903
872,2011-04-21,33.5689697265625,33.69734182525412,33.31222770560464,33.45664658868589,3804886
873,2011-04-25,33.552913665771484,33.825702395700844,33.376405615561076,33.376405615561076,1583736
874,2011-04-26,33.47269058227539,33.74547938261597,33.08757864611983,33.69734120675603,4390914
875,2011-04-27,33.488731384277344,33.697335187399986,33.29617653880832,33.536871727963316,2846797
876,2011-04-28,33.392459869384766,33.53687875427493,33.26408994551063,33.424553438566,5158203
877,2011-04-29,33.552913665771484,33.857795955607166,33.264080332313746,33.392450219089454,3615042
878,2011-05-02,34.14663314819336,34.275005225902,33.37640938764165,33.37640938764165,5731198
879,2011-05-03,33.37641143798828,34.17872881136058,33.24803935239361,34.01826533668612,3804669
880,2011-05-04,33.47269058227539,33.56896911042062,32.91106837392448,33.26408891831519,4044546
881,2011-05-05,32.686405181884766,33.472675483624954,32.34943157358915,33.37639917533281,5204752
882,2011-05-06,33.087581634521484,33.26409192265888,32.702469663583415,32.7666546293355,2973311
883,2011-05-09,32.95920181274414,33.312220106660995,32.89501686625243,33.10361848645671,3424009
884,2011-05-10,32.84688186645508,33.28013413448412,32.734558735931984,32.91106682338617,1276536
885,2011-05-11,33.42454147338867,33.536866748887874,32.78268773093529,32.78268773093529,5173641
886,2011-05-12,32.5419921875,33.42454107279607,32.477807249308846,33.42454107279607,2199955
887,2011-05-13,32.52593994140625,32.95919201011222,32.42966146209112,32.50989316544968,3389298
888,2011-05-16,32.67036437988281,32.79873644179003,32.509900934817374,32.60617943714159,2643860
889,2011-05-17,32.57408905029297,32.8950159502397,32.525948709446055,32.670365379137124,2042475
890,2011-05-18,32.52593994140625,33.02337693751422,32.44570823804768,32.670356572166824,3314783
891,2011-05-19,31.723636627197266,32.71851104966203,31.563173151085216,32.54200079065374,2532955
892,2011-05-20,32.41363525390625,32.60619014536703,31.56317740990501,31.659455943848137,1959647
893,2011-05-23,31.964338302612305,32.1889867792944,31.77178122178443,32.1889867792944,1694918
894,2011-05-24,31.70758819580078,32.541999098771875,31.57921829215526,32.07665547752553,9876185
895,2011-05-25,31.14596939086914,31.916195424422824,30.953414514799697,31.77177654683911,5753045
896,2011-05-26,30.66457176208496,31.418750835419768,30.488061534663537,31.290378771647465,4935316
897,2011-05-27,31.338512420654297,31.434790903820968,30.71270554470745,30.71270554470745,4500032
898,2011-05-30,31.771772384643555,31.852004116601556,31.178058874009356,31.45084545681155,8167114
899,2011-05-31,32.4296760559082,32.54200136172789,31.771775357018388,31.835962489729763,7467651
900,2011-06-01,32.30131149291992,32.49386857009396,32.04456944882973,32.26921792124905,1794961
901,2011-06-02,31.85201072692871,32.47782010721692,31.771778978320015,32.09270814918027,4461069
902,2011-06-03,32.41363525390625,32.70246867931016,31.852010835308914,31.852010835308914,5649415
903,2011-06-06,32.57408905029297,32.65432077527965,31.996420195103877,32.34943847919039,4910297
904,2011-06-07,32.558048248291016,32.638279988009785,32.36549120239589,32.46176972534345,6516069
905,2011-06-08,32.52593994140625,32.57408026927594,32.205013127971974,32.26919805537398,14162904
906,2011-06-09,32.57408905029297,32.686412159419426,32.381532039754994,32.4136256003196,6989160
907,2011-06-10,32.477813720703125,32.670368573644275,32.253165304059266,32.574092235386225,7661567
908,2011-06-13,32.91105651855469,33.05547534696199,32.2692027973651,32.41362162577241,2849421
909,2011-06-14,33.280128479003906,33.376406986252015,32.78269133857608,32.78269133857608,4458752
910,2011-06-15,32.67036437988281,33.32826493993607,32.52594771460887,33.29617355677784,2533103
911,2011-06-16,32.734561920166016,32.89502541631535,32.365494573167275,32.606189817391275,2472762
912,2011-06-17,32.95920181274414,33.05548032069415,32.590134561673246,32.6061813424024,2524363
913,2011-06-20,32.718509674072266,33.280131816852055,31.787820245896416,32.75060106209034,6194464
914,2011-06-21,32.52593994140625,32.87896030675365,32.221059903928534,32.670356572166824,5126564
915,2011-06-22,32.83082962036133,32.862923181699415,32.42967098575964,32.525949493349025,2408781
916,2011-06-23,32.814781188964844,32.991289226463735,32.67036235621175,32.75059407377474,3746535
917,2011-06-24,33.26408004760742,33.424543492916044,32.6703644293956,32.73455154865886,5675164
918,2011-06-27,34.772438049316406,35.09336493877693,32.814783153037325,32.814783153037325,29869389
919,2011-06-28,35.01314163208008,35.26988146421801,34.69221466548238,35.10941798091916,13872282
920,2011-06-29,35.33405685424805,35.46242672764909,34.94894288119581,35.07731493102141,13356359
921,2011-06-30,35.14150619506836,35.78336003049062,34.67616259967222,35.301969653923926,30432762
922,2011-07-01,35.382198333740234,35.542661778765364,35.10940960662761,35.30196661122767,23953730
923,2011-07-04,35.446388244628906,35.75126839762369,35.20569304335539,35.41429685698081,5307022
924,2011-07-05,35.173606872558594,35.41430210953136,34.66012282977987,35.30197679504058,10665833
925,2011-07-06,34.99709701538086,35.20569868601524,34.836633522146585,35.061281977389484,3270036
926,2011-07-07,35.285919189453125,35.39824446949699,34.804528863136085,35.141502526842956,5856910
927,2011-07-08,35.045223236083984,35.54266033068017,34.93290013499754,35.06127001521767,12625687
928,2011-07-11,34.66012191772461,34.916863932358,34.114544320469165,34.83663218881165,2848918
929,2011-07-12,34.72430419921875,34.981046194051316,34.19477342679688,34.563840724501546,2954427
930,2011-07-13,35.366153717041016,35.71917418825788,34.724299897683004,34.75639345922087,3819442
931,2011-07-14,35.01314163208008,35.39825355671226,34.75639962351686,35.14151154814905,10479376
932,2011-07-15,35.382198333740234,36.00800533405329,34.77243811321465,34.77243811321465,8242815
933,2011-07-18,35.09336471557617,35.590799649936386,34.99708621406541,35.44638298588262,2085379
934,2011-07-19,35.25383377075195,35.41429724000312,34.85267509762404,34.88476648561921,2972184
935,2011-07-20,35.02919387817383,35.44639946101696,34.93291750833952,35.189657396465364,4177419
936,2011-07-21,34.66012191772461,35.14151237900271,34.38733311909689,34.981048891910014,3008285
937,2011-07-22,35.15755844116211,35.350113315864725,34.45151954773528,34.66012120610277,3369044
938,2011-07-25,34.82057571411133,35.14150259898149,34.43546388755208,35.10940903992458,7429567
939,2011-07-26,34.98104476928711,35.25383353576584,34.41942263065154,34.66011783292393,5770592
940,2011-07-27,34.387325286865234,35.029179089044156,34.17872367172702,34.868715638499424,7214188
941,2011-07-28,33.87384033203125,34.33918606542909,33.26408010929754,34.05035055748304,13905358
942,2011-07-29,33.72941589355469,34.54777971284492,32.8468671460979,33.37639770042653,9768024
943,2011-08-01,34.483604431152344,34.88476306494408,33.729425329053925,33.729425329053925,4672455
944,2011-08-02,34.64406967163086,34.7563949654563,34.25895779861146,34.467559428373015,3239197
945,2011-08-03,33.58500671386719,34.54778737928729,33.087569601448514,34.194766931396686,12800281
946,2011-08-04,33.53688049316406,34.30710442919585,33.312229850098056,33.88989889033466,6939466
947,2011-08-05,32.83082962036133,33.280128596970144,32.14083763941638,32.25316292767481,12075758
948,2011-08-08,32.878963470458984,33.32826018192985,31.57920931569936,31.62734747177679,13716718
949,2011-08-09,32.70246124267578,33.28013013854549,31.771771861434303,31.771771861434303,7228990
950,2011-08-10,33.23199462890625,33.50478342332662,32.750604175052864,32.91106765967066,5126905
951,2011-08-11,33.055477142333984,33.456635739865966,32.83082658657633,32.84687336576255,6299073
952,2011-08-12,33.24803924560547,33.568966193923615,33.05548438246968,33.29617959370829,6421148
953,2011-08-16,33.24803924560547,33.66524471370409,33.087575771446396,33.3924559370636,4242848
954,2011-08-17,33.10362243652344,33.6010596399341,32.959205745578444,32.959205745578444,7430913
955,2011-08-18,32.94316482543945,33.32827679530163,32.62223782115005,33.21595364965567,5110388
956,2011-08-19,32.4296760559082,32.911066492692186,31.948285619124224,32.0927044912996,5245806
957,2011-08-22,33.119659423828125,33.24802929416303,32.01246221880991,32.41362078413713,3059716
958,2011-08-23,32.477813720703125,33.50477946566438,32.41362876972274,33.16780575248607,2837432
959,2011-08-24,32.75060272216797,32.97525333180715,32.18898055092042,32.86292802698756,6888368
960,2011-08-25,31.99642562866211,32.89502153639539,31.771775019409883,32.75060266575462,13758009
961,2011-08-26,31.274341583251953,32.09270579429619,31.00155278742877,31.99642726774534,9286925
962,2011-08-29,32.07665252685547,32.140837472773974,31.129916412964185,31.194103535307566,6345123
963,2011-08-30,32.15688705444336,32.44572042444843,31.852004726029588,32.41362903690624,3821904
964,2011-09-02,31.884098052978516,33.6973365222981,31.56317112139187,33.11966761015713,8166250
965,2011-09-05,31.178062438964844,31.932239499748995,31.033645740212577,31.81991636801958,7422597
966,2011-09-06,30.999250411987305,31.503171424727025,30.64162847912851,31.503171424727025,14848826
967,2011-09-07,31.470661163330078,31.77951528231545,31.080529528569937,31.113041416797333,11526455
968,2011-09-08,31.275590896606445,31.795765582352345,30.999246510108726,31.730744022233274,7049237
969,2011-09-09,31.24308204650879,31.519426459827656,31.031761404413338,31.243082046508793,6782680
970,2011-09-12,30.674137115478516,31.113036513409586,30.397792723478457,30.901713682823253,5271294
971,2011-09-13,30.755413055419922,30.999245551924595,30.64162367513377,30.83669055425481,4033213
972,2011-09-14,30.869205474853516,30.999248603875092,30.414050113691026,30.901715154712168,4248247
973,2011-09-15,31.210569381713867,31.34061471612052,30.527839644054545,30.95048312248755,8283475
974,2011-09-16,32.397220611572266,32.59228750056025,31.129290242737053,31.34061307327294,6853575
975,2011-09-19,31.844532012939453,32.59228543358026,31.71448669359705,31.990831068005576,3721222
976,2011-09-20,32.12089157104492,32.478513636841974,31.779525454564904,31.779525454564904,4399666
977,2011-09-21,32.26718521118164,32.41348652532982,31.909565411070872,31.958331045924233,2182138
978,2011-09-22,31.29184341430664,32.00708716213957,31.113034682141656,31.990831221544592,3792171
979,2011-09-23,31.226825714111328,31.6007035748072,30.787928492590332,31.048014755064916,3612112
980,2011-09-26,30.966733932495117,31.35686769403828,30.73915737479046,31.226822371926133,1880644
981,2011-09-27,31.421892166137695,31.633212802572842,31.064270253162164,31.35687060144946,1273121
982,2011-09-28,31.64946174621582,31.73073923530139,31.178052750478134,31.470650829268976,4398260
983,2011-09-29,31.68198013305664,32.16964516776431,31.25933666201797,31.47065729514058,9460952
984,2011-09-30,32.00708770751953,32.218408324475234,31.53567644619895,31.53567644619895,6946805
985,2011-10-03,31.64946174621582,31.909550152248233,31.275586178339413,31.84452860193838,7517061
986,2011-10-04,31.161802291870117,31.877043880648113,31.08052478849095,31.470656363752276,2740436
987,2011-10-05,31.178062438964844,31.551938123021962,31.048017093140945,31.22682806565275,3503641
988,2011-10-07,31.616954803466797,32.13713169672129,31.373122298152502,31.503167623862797,4435678
989,2011-10-10,31.877038955688477,31.990828324756357,31.40562994988004,31.40562994988004,8326437
990,2011-10-11,32.0883674621582,32.20215464667201,31.698233672986756,32.02334369410067,5044978
991,2011-10-12,32.21841049194336,32.44598706508106,31.893300471805663,32.413477385943345,4905765
992,2011-10-13,32.2996826171875,32.47849353943942,31.958316711941663,32.21840512569054,3531871
993,2011-10-14,32.15338134765625,32.52725690074376,32.039591985520275,32.10461353325816,5039179
994,2011-10-17,31.812023162841797,32.250922574650176,31.63321220970529,32.120877242917516,1605713
995,2011-10-18,31.909561157226562,32.08837213584179,31.535683255614043,31.535683255614043,2025955
996,2011-10-19,32.49475860595703,32.673569578434105,32.00709351999794,32.18590228768132,5145909
997,2011-10-20,32.1859016418457,32.47850201042611,32.088370390445874,32.21841352884141,2881549
998,2011-10-21,32.1859016418457,32.54352357962388,31.94206910375885,32.10462412915009,2127672
999,2011-10-24,32.75484085083008,32.9173958485058,32.54351803097569,32.592285853154365,3334756
1000,2011-10-25,33.77894592285156,34.05529037827974,32.70608219649857,32.77110377283641,7605862
1001,2011-10-28,34.13656234741211,35.11189244821891,33.56761978860814,34.29911736421324,8504582
1002,2011-10-31,34.08779525756836,34.33162778804955,33.61638613959678,34.13656308654074,4561310
1003,2011-11-01,33.69766616821289,34.1853312656218,33.48634550791986,33.89273308909395,2155435
1004,2011-11-02,33.51884460449219,33.79518895432372,33.29126807187429,33.48633493114279,2429706
1005,2011-11-03,33.843963623046875,33.990262704249886,33.50259763037743,33.648898916374065,2676760
1006,2011-11-04,33.76267623901367,34.136554009208915,33.61637720058639,34.136554009208915,2070811
1007,2011-11-08,33.76267623901367,33.811444055018086,33.61637720058639,33.76267623901367,923114
1008,2011-11-09,33.6651496887207,34.022771593300746,33.61638406754771,33.811450961826544,3342820
1009,2011-11-11,34.282859802246094,34.38039324867855,33.4863406985023,33.64889570762526,7747315
1010,2011-11-14,34.250343322753906,34.786776103756544,33.990254902097455,34.39664237037531,8136060
1011,2011-11-15,33.68140411376953,34.347880066946516,33.567616934559474,33.827703175492935,2602442
1012,2011-11-16,33.876468658447266,34.25034425754984,33.38880368320399,33.38880368320399,5559879
1013,2011-11-17,33.53510284423828,34.25034436930352,33.4213134677263,33.64889222075027,4564324
1014,2011-11-18,32.819862365722656,33.64889329373575,31.974575497004743,33.4863382962741,6971425
1015,2011-11-21,32.202152252197266,32.83611851006393,31.99083163610389,32.34845130986139,5725408
1016,2011-11-22,31.82828140258789,32.34845615268956,31.568192925140256,32.34845615268956,5742603
1017,2011-11-23,30.901718139648438,31.76326111821553,30.609119968689768,31.649471715735107,4916261
1018,2011-11-24,30.982990264892578,31.37312182657258,30.771669645380623,31.17805714812923,10127464
1019,2011-11-25,31.34061050415039,31.60069893321604,30.82043364601909,31.096778015300067,7728058
1020,2011-11-28,31.56818962097168,31.779510246583047,31.275591492464656,31.568189620971683,5436096
1021,2011-11-29,30.95048713684082,31.795771998548837,30.88546335880701,31.665728852068764,5379923
1022,2011-11-30,32.21841049194336,32.4784989490122,30.982991974461427,31.031759800358138,13613461
1023,2011-12-01,32.51100158691406,33.16122144226892,32.34844441828254,32.51100158691406,4222484
1024,2011-12-02,33.61637878417969,33.81144564780055,32.478493890908545,32.527259504417216,5707744
1025,2011-12-05,33.37255859375,33.63264710606965,33.112470081430345,33.22625949456829,2957969
1026,2011-12-07,33.53510284423828,33.99025594069983,33.11245942335645,33.177480979309074,5975381
1027,2011-12-08,32.31594467163086,33.61638478166604,32.18589933775125,33.47008571024578,5809203
1028,2011-12-09,32.03959655761719,32.10461811463374,31.568187513255644,31.714486567741194,4296964
1029,2011-12-12,31.405628204345703,32.31593649191442,31.113030135566753,32.18589119095151,8160604
1030,2011-12-13,32.21841049194336,32.4784989490122,31.08052542146142,31.340613878530267,3981949
1031,2011-12-14,31.32435417175293,32.348449730185294,31.210564796463483,32.16964100443497,5776327
1032,2011-12-15,32.2996826171875,32.62479258317533,30.85294370950026,30.869199648758265,12973287
1033,2011-12-16,31.893291473388672,32.93364280334446,31.40562658077257,32.26716700914389,12589918
1034,2011-12-19,32.23467254638672,32.46224916267848,31.291851986329636,31.405641396872443,4820722
1035,2011-12-20,31.714487075805664,32.33219738934167,31.454398638779622,32.33219738934167,6670657
1036,2011-12-21,31.82828140258789,32.13713550495976,31.5356810386617,32.02334610707842,10259801
1037,2011-12-22,32.72232437133789,32.83611373563887,31.698226707007944,31.77950419442494,3456402
1038,2011-12-23,32.917388916015625,33.14496542387476,32.36470027648128,32.67355647085382,3249611
1039,2011-12-26,32.787357330322266,32.86863484602386,32.57603667141561,32.70607981462067,1273482
1040,2011-12-27,32.16963577270508,32.771087816982615,31.584437461002846,32.754834084407314,4187065
1041,2011-12-28,32.57603073120117,32.819863233843286,31.99083228390143,32.25092072767835,3375709
1042,2011-12-29,32.51100158691406,32.67355655075277,32.25091320381355,32.51100158691406,2924882
1043,2011-12-30,32.54351806640625,32.77109462244137,32.29968556962721,32.51100838971167,2087779
1044,2012-01-02,32.51100158691406,32.59227906883342,32.039590427947545,32.39721223030984,1861469
1045,2012-01-03,32.80360412597656,32.94990317248003,32.511006032969625,32.624793200342054,3372939
1046,2012-01-04,32.99867248535156,33.25875871100412,32.299684690728995,32.77109373071576,3739279
1047,2012-01-05,32.933650970458984,33.242507242875746,32.72233034650438,32.98241879469006,5389056
1048,2012-01-06,32.42973709106445,32.93365591691801,32.13713671611104,32.90114623400787,7340405
1049,2012-01-09,32.966163635253906,33.09620676003476,32.21841015578048,32.21841015578048,2368495
1050,2012-01-10,33.35630416870117,33.58388080055603,32.85238306651213,32.85238306651213,3215986
1051,2012-01-11,32.57603073120117,33.38880574000822,32.47849728918566,33.38880574000822,4377469
1052,2012-01-12,32.68981170654297,32.966156039017314,32.33219209340353,32.966156039017314,4082544
1053,2012-01-13,33.14496994018555,33.22624743298096,32.67356092293073,32.706070597173046,5766505
1054,2012-01-16,32.55978012084961,33.14497866395978,32.429736980066764,32.77110077582015,4899595
1055,2012-01-17,32.67356491088867,32.9173974190358,32.54351958366752,32.67356491088867,10428799
1056,2012-01-18,32.21841049194336,32.91739835811546,31.958322034874517,32.787353027184324,6295415
1057,2012-01-19,32.49475860595703,32.90114617758961,32.21841417532941,32.364713260158396,8276461
1058,2012-01-20,32.982421875,33.22625440454745,32.47850087297657,32.51101275883365,6881600
1059,2012-01-23,32.83612823486328,33.5676259446187,32.72233882031709,33.16123832808791,18551268
1060,2012-01-24,32.68981170654297,32.99866791511767,32.52725673562698,32.771089192000964,10219894
1061,2012-01-25,32.787357330322266,32.99868019402265,32.364713807715226,32.86863484602386,13171474
1062,2012-01-27,33.53510284423828,34.12030125739827,32.884882875125676,32.99867225163766,9816649
1063,2012-01-30,33.079952239990234,33.64889475582738,32.91739723546534,33.16122974225268,4243234
1064,2012-01-31,33.843963623046875,34.071540216561964,33.03118849992611,33.16123384250161,10322025
1065,2012-02-01,33.4700927734375,33.94150197184801,33.37255930364368,33.94150197184801,10757718
1066,2012-02-02,34.169063568115234,34.477917582610765,33.37254462395531,33.55135553912419,11556658
1067,2012-02-03,34.7705192565918,35.2094185927943,34.25034242885498,34.31536398112382,11926606
1068,2012-02-06,35.4370002746582,35.599555281334744,34.57545741639654,35.01435681634054,9084488
1069,2012-02-07,35.03060531616211,35.84338017688114,34.73800724822042,35.599547718665434,6079363
1070,2012-02-08,35.01435470581055,36.00594062772712,34.51043377452901,35.30695502306752,11508450
1071,2012-02-09,35.37197494506836,35.92466146793687,35.07937464134281,35.77836241847067,11499785
1072,2012-02-10,34.90056610107422,35.51827418198854,34.4616667455661,34.916819836261574,8590813
1073,2012-02-13,35.91597366333008,36.19439289036884,34.83505496370829,34.83505496370829,15608851
1074,2012-02-14,35.83407974243164,36.11249892149824,35.621172526449115,35.86683572397368,5735198
1075,2012-02-15,36.2598991394043,37.04602276377429,35.80132869119878,35.866838437892845,15930040
1076,2012-02-16,36.2598991394043,36.76760356364068,35.78495069918849,36.12887964601617,3862429
1077,2012-02-17,36.58745574951172,37.177048003585185,36.35817048996854,36.6857214954152,8544515
1078,2012-02-21,36.21076965332031,36.68571812329157,36.11250391644934,36.538320628658724,6934289
1079,2012-02-22,36.01424026489258,36.91500549922977,35.93235251631647,36.14526199542276,5872252
1080,2012-02-23,36.89863204956055,37.37358282687325,35.89960317097275,35.89960317097275,18016976
1081,2012-02-24,37.4390869140625,37.73388637220066,36.947762628772765,37.02965037987896,10958004
1082,2012-02-27,36.538333892822266,37.668384723701955,36.39093634468109,37.668384723701955,11266052
1083,2012-02-28,36.620201110839844,37.14428123464979,36.27627221066492,36.68571084864774,9416477
1084,2012-02-29,37.01327133178711,37.30806633883895,36.685720336686245,36.76760808546146,7991077
1085,2012-03-01,36.8494873046875,37.209794204437166,36.52193638540483,36.6365800956925,2777389
1086,2012-03-02,36.767608642578125,37.01327189262616,36.456435636786765,36.800364631123486,3172662
1087,2012-03-05,36.12887954711914,36.80035944692614,35.752194617302,36.65295974058414,3649302
1088,2012-03-06,36.37454605102539,36.62020928867532,35.89959756917164,36.128882813375455,4557989
1089,2012-03-07,35.572044372558594,36.128880565652636,34.9824521946102,36.03061483243671,15488701
1090,2012-03-09,36.07974624633789,36.27627771090663,35.73581951536327,35.73581951536327,3852720
1091,2012-03-12,36.309043884277344,36.63659493624259,35.9814928323121,36.35817565353304,5124092
1092,2012-03-13,36.472816467285156,36.73485551063535,36.03062169427347,36.472816467285156,9731037
1093,2012-03-14,36.88225555419922,37.144294599716325,36.538326530273544,36.7676118057748,4398722
1094,2012-03-15,36.145267486572266,37.11154262229634,35.94873597159381,36.78399157823071,4513645
1095,2012-03-16,35.31000900268555,36.68572283139109,35.12985549885979,36.194396305328574,3682825
1096,2012-03-19,35.326385498046875,35.522914767319755,34.5238837624702,35.44102701645254,3294232
1097,2012-03-20,35.19536590576172,35.63756067589465,34.884192877798476,35.326387647931405,3413743
1098,2012-03-21,35.62118148803711,35.83408875758291,34.94970146826944,35.17898673270664,3430274
1099,2012-03-22,34.80230712890625,35.604806738251895,34.49113186165079,35.37552145291709,3948023
1100,2012-03-23,35.277252197265625,35.44102770216881,34.6221501776529,34.91694519793965,3647743
1101,2012-03-26,34.70404052734375,35.21174507480955,34.474755247589144,35.04796955764946,4778733
1102,2012-03-27,34.63853073120117,35.09710129026624,34.32735547182029,35.04796952370484,5834802
1103,2012-03-28,34.78592300415039,35.01520824909112,34.474750013063165,34.80230099764915,4875221
1104,2012-03-29,34.654911041259766,34.88419857214776,34.39287195684133,34.785932804816895,12199593
1105,2012-03-30,35.424659729003906,35.817722829046595,34.654913749659734,34.654913749659734,8544753
1106,2012-04-02,35.572044372558594,35.817707594924826,35.260869180483645,35.4082688909811,8676278
1107,2012-04-03,36.063377380371094,36.19439690093814,35.53929485540785,35.75220213166618,3566758
1108,2012-04-04,36.309043884277344,36.456441413392156,35.78496131259386,36.047002598435604,3850338
1109,2012-04-09,35.93235778808594,36.3090428196093,35.55567497791024,36.063379537838806,4475284
1110,2012-04-10,36.16164779663086,36.456445106068266,35.735833163023436,35.93236248130041,4598397
1111,2012-04-11,36.58745574951172,36.6857214954152,35.71944647361705,35.71944647361705,4023851
1112,2012-04-12,36.60382843017578,37.27530611678324,36.39092119608275,36.57107244584742,5102969
1113,2012-04-13,36.685726165771484,37.11154297133116,36.210777591678955,36.685726165771484,6602489
1114,2012-04-16,36.6365966796875,36.93139175194569,36.44006515061681,36.66935045363405,4350870
1115,2012-04-17,37.209800720214844,37.30806423612901,36.35816729241234,36.407299050369424,9477019
1116,2012-04-18,37.291690826416016,37.7502613342186,37.078781345306176,37.24255684399958,4441325
1117,2012-04-19,37.55372619628906,37.668369922767766,37.111533725615075,37.17704347445413,2496045
1118,2012-04-20,37.291690826416016,37.78301732249622,37.111537333583804,37.40633456404035,2778756
1119,2012-04-23,36.276275634765625,37.50459166465426,36.096122172779225,37.16066273201604,3854809
1120,2012-04-24,36.03062438964844,36.5219509647065,35.78496110211941,36.3909314332301,3169871
1121,2012-04-25,35.52290725708008,36.17800912551644,35.27724405641644,35.965101906813395,3380361
1122,2012-04-26,35.40827178955078,36.292659018196964,35.12985255953841,35.81771052701173,4377198
1123,2012-04-27,35.4574089050293,36.03062322405348,35.293633385308105,35.441030908787646,1965594
1124,2012-04-30,36.440059661865234,36.70210092070714,35.40827484302539,35.40827484302539,3199398
1125,2012-05-02,35.89959716796875,36.63658687268218,35.73582167803243,36.29265789954646,3811572
1126,2012-05-03,35.58842849731445,35.86684776988843,35.42465297729392,35.703072249867894,1452253
1127,2012-05-04,34.9660758972168,35.5720460969677,34.753166428036664,35.408270607450945,5666533
1128,2012-05-07,34.654911041259766,35.04797411058323,33.80327957420404,34.8514425759215,4565509
1129,2012-05-08,34.63853073120117,35.09710129026624,34.409243230321024,34.65490650582323,2959419
1130,2012-05-09,34.14720916748047,34.80231133116562,33.983433626559176,34.40924825587618,2412310
1131,2012-05-10,33.57398986816406,34.50750898219359,33.41021435117493,34.11444818568918,3946438
1132,2012-05-11,33.197303771972656,33.73776429335538,32.820620983626625,33.57398878166623,3389145
1133,2012-05-14,33.16453552246094,33.34468672958508,32.82060665380715,33.0826478023694,2233766
1134,2012-05-15,33.70500946044922,33.85240698176394,32.787866119211046,33.11541715384271,3494080
1135,2012-05-16,34.2454719543457,34.491135260271335,33.082667416709384,33.50848203656882,4435353
1136,2012-05-17,34.31098175048828,34.98246185464757,34.01618446943536,34.39286951388947,4208594
1137,2012-05-18,34.42560958862305,34.76953850232958,33.590354290006275,34.01617093453118,4935351
1138,2012-05-21,34.04893493652344,34.68765894310568,33.81964968048717,34.360107942668904,1491370
1139,2012-05-22,33.96704864501953,34.24546567453808,33.770517147779096,34.1799559159071,2362045
1140,2012-05-23,33.934288024902344,34.37648272268479,33.49209554846708,34.0325537601148,3087547
1141,2012-05-24,34.507503509521484,34.654901007165876,33.55760655017118,34.196330520861714,2135683
1142,2012-05-25,34.09806823730469,34.392865483813964,33.983426714785104,34.22908997620242,1446600
1143,2012-05-28,34.8514289855957,35.16260416435858,33.9015321216217,33.9015321216217,890739
1144,2012-05-29,35.162601470947266,35.457396414055644,34.65489487304986,35.27724296155748,5201353
1145,2012-05-30,34.753177642822266,35.260882268429,34.540270326284585,35.12986272307472,4048557
1146,2012-05-31,34.76955032348633,35.04796959146616,34.409243296847436,34.441999288850106,8033660
1147,2012-06-01,33.9506721496582,34.68766196484214,33.737764869366316,34.55664244179292,3787828
1148,2012-06-04,34.081687927246094,34.212709657244055,33.44296393521645,33.737761161701364,3267896
1149,2012-06-05,34.70404052734375,35.11347932024397,34.229091971849016,34.36011149703804,12393979
1150,2012-06-06,35.91597366333008,36.39092437079,34.72041345125202,34.72041345125202,9494285
1151,2012-06-07,35.39189529418945,36.27628256027843,35.211741797809914,35.915975567519354,4231838
1152,2012-06-08,35.047969818115234,35.53929637324689,34.63853102217219,35.31001109178831,3997879
1153,2012-06-11,35.129859924316406,35.5392987476139,35.04797215965691,35.3755232182949,2205393
1154,2012-06-12,35.2608757019043,35.4246512137717,34.736793175389565,35.015212434103184,3376544
1155,2012-06-13,35.24449920654297,35.45740647907459,34.93332396328483,35.211743216300796,2496726
1156,2012-06-14,34.62215042114258,35.408274183014946,34.3928651569351,35.06434517603,6671985
1157,2012-06-15,34.736785888671875,34.966073334266774,34.540256648465345,34.78591986473381,10286920
1158,2012-06-18,35.06434631347656,35.21174382943795,34.62215154424485,34.88419280670262,3027005
1159,2012-06-19,35.62118148803711,35.99786426380198,34.91694547848663,35.06434521116177,9746993
1160,2012-06-20,35.50654220581055,35.99786878619282,35.37552267291437,35.490166430209335,8882639
1161,2012-06-21,35.948734283447266,35.99786604921082,35.01521296315915,35.21174446890851,4083003
1162,2012-06-22,36.046993255615234,36.2599004956713,35.62117655415594,35.70306429592322,7332263
1163,2012-06-25,35.326385498046875,36.17801677425751,35.12985400742659,35.91597552721292,5097127
1164,2012-06-26,35.981483459472656,36.030615215929984,35.14622805026795,35.14622805026795,1992235
1165,2012-06-27,35.96510696411133,36.48918719974673,35.73582172218663,36.030616715897345,5727518
1166,2012-06-28,35.93235778808594,36.292664823221735,35.60480674572528,36.03062354506367,3083553
1167,2012-06-29,37.19342803955078,37.537357058416376,36.128887213420036,36.14526520886079,7486892
1168,2012-07-02,36.88225555419922,37.32445033086759,36.783989801456514,37.20980658244318,2634447
1169,2012-07-03,36.571075439453125,37.17704564970109,36.39092417494177,37.11153589702903,4091332
1170,2012-07-04,37.01327133178711,37.144290841288516,36.45643508438511,36.620210581935545,3061761
1171,2012-07-05,37.4390869140625,37.60286241627488,36.84949688317585,37.01327238538824,2830305
1172,2012-07-06,37.01327133178711,37.504597824438406,36.70209833071076,37.340822326887974,3797719
1173,2012-07-09,36.94776153564453,37.013271290321846,36.71847628360026,36.9641395296507,2397364
1174,2012-07-10,37.06241226196289,37.258943796185356,36.603841643907664,36.65297341678933,3199920
1175,2012-07-11,37.226173400878906,37.50459259644302,36.91500044317886,36.91500044317886,2903254
1176,2012-07-12,36.8331184387207,37.20980342201594,36.718476921380976,37.20980342201594,2728401
1177,2012-07-13,36.70209503173828,37.01326800484481,36.603829297771185,36.88224850712011,1672753
1178,2012-07-16,36.89863204956055,37.078785562884576,36.39092972293958,36.6038370069195,3148848
1179,2012-07-17,36.767608642578125,37.02964988689884,36.652964904016756,36.94776213688282,2407572
1180,2012-07-18,36.42367935180664,36.86587408683324,36.27628184724689,36.718476582273496,2516255
1181,2012-07-19,36.685726165771484,36.94776744775803,36.521950642198355,36.669348169144634,2171498
1182,2012-07-20,36.440059661865234,36.84949843463462,36.292662147937754,36.45643765704551,1581366
1183,2012-07-23,35.80134201049805,36.35817839658,35.719454241328705,36.24353463120376,2728477
1184,2012-07-24,36.34178924560547,36.80036194503192,35.67030930021663,35.75219704425558,8366909
1185,2012-07-25,36.276275634765625,36.489182858074194,35.55566400816702,36.24351965209647,6131518
1186,2012-07-26,36.60382843017578,36.84949164859717,36.09612400116882,36.34178721959021,10181302
1187,2012-07-27,37.45546340942383,37.66837065261274,36.71847372267379,37.11153444467104,4785341
1188,2012-07-30,38.700157165527344,38.81480089967809,37.3408214560975,37.4882211775334,10354713
1189,2012-07-31,38.96220779418945,39.535422127779285,38.70016429035971,38.71654450836524,13034800
1190,2012-08-01,38.978572845458984,39.142348324282814,38.520002393291115,38.81479736663516,5116745
1191,2012-08-02,38.683780670166016,39.060463410167955,38.61826869682024,38.683780670166016,5172210
1192,2012-08-03,38.749290466308594,38.994953716676285,38.22521241968001,38.438119681459725,3992386
1193,2012-08-06,39.45352554321289,39.666432788110995,38.84755535181489,38.96219908143523,3989076
1194,2012-08-07,38.83118438720703,39.584554473671695,38.585521097800275,39.3880229536072,5499481
1195,2012-08-08,38.96220779418945,39.07684710675108,38.749296058985465,38.89669580755816,5783459
1196,2012-08-09,38.99494552612305,39.38800842122978,38.76566253955566,39.011325738323904,4304923
1197,2012-08-10,39.15872573852539,39.813832124008805,38.7165354812983,38.96219870984419,4906011
1198,2012-08-13,39.273380279541016,39.38802403963094,38.68379014578657,38.978585212663795,2775124
1199,2012-08-14,39.322505950927734,39.60092519861893,38.86393542439248,38.86393542439248,3520379
1200,2012-08-16,39.33888626098633,40.1250078001654,38.89669150685594,39.306130271292425,3368688
1201,2012-08-17,38.53639221191406,39.6336892085744,38.07782159258169,39.42078189703035,4100386
1202,2012-08-21,39.15872573852539,39.388013195579305,38.176072824341844,38.3398483100391,2904667
1203,2012-08-22,38.96220779418945,39.17511508669802,38.71654450836524,38.83118382092687,1988035
1204,2012-08-23,38.47086715698242,39.060457050318966,38.25795549962231,39.060457050318966,4652302
1205,2012-08-24,38.356231689453125,38.76567043748391,38.0614366794099,38.32347570107171,5080546
1206,2012-08-27,38.749290466308594,38.88031442066052,38.241588192626615,38.25796396557322,1296282
1207,2012-08-28,39.79745864868164,40.28878518896919,38.71654203712709,38.81480556810654,4356311
1208,2012-08-29,38.99494552612305,40.25601750167215,38.749282327354805,39.96122255168902,6345767
1209,2012-08-30,39.87934494018555,40.28878370871527,38.7165406146391,38.96220387575694,9698034
1210,2012-08-31,39.12598419189453,39.862974065826776,38.91307245193546,39.862974065826776,6414695
1211,2012-09-03,39.813838958740234,39.961234255554075,39.32250797460865,39.33888819160695,3891463
1212,2012-09-04,40.59996032714844,40.84562359659991,39.63368302356126,39.63368302356126,8607402
1213,2012-09-05,40.61981201171875,41.19914903015299,40.470837839490244,40.71912513310491,5181748
1214,2012-09-06,40.09014129638672,40.60326669849327,39.494248952812605,40.60326669849327,2059057
1215,2012-09-07,40.354984283447266,40.66948343300326,40.2225652431635,40.55361508894837,1292419
1216,2012-09-10,40.37154769897461,40.71914831184164,40.05704848531257,40.17291685298552,2343064
1217,2012-09-11,40.040489196777344,40.354983852826514,39.79220181508812,40.13980235339269,1345773
1218,2012-09-12,40.189456939697266,40.35498185261912,39.77564465739263,40.222562820311765,2846913
1219,2012-09-13,40.106693267822266,40.58671729680899,39.89151178557495,39.95772354479743,2572173
1220,2012-09-14,39.725982666015625,40.669475439081374,39.36182700919989,40.38808222744422,13519349
1221,2012-09-17,38.93146896362305,40.09014334116149,38.71628747725316,39.990825700424985,12665195
1222,2012-09-18,38.94801712036133,39.6597732935756,38.73283564801519,38.96457230448044,8408810
1223,2012-09-20,38.65006637573242,39.13009029790253,38.40177906912364,38.40177906912364,6301939
1224,2012-09-21,39.808746337890625,40.05703368107726,38.81559696514409,38.81559696514409,8707245
1225,2012-09-24,39.096988677978516,40.22255702566236,38.89835791305784,39.79219411012589,7593484
1226,2012-09-25,38.8652458190918,39.47768870871554,38.269358109816906,39.32871453632219,11733607
1227,2012-09-26,38.73283386230469,39.04733295441518,38.50109721652326,38.73283386230469,9302273
1228,2012-09-27,38.65006637573242,39.17974686119439,38.4183297601711,38.76593468351309,12478679
1229,2012-09-28,39.89150619506836,39.95771794501174,38.898356886816856,38.898356886816856,8847242
1230,2012-10-01,39.74252700805664,40.05702604553766,39.328714848291774,39.74252700805664,5138030
1231,2012-10-03,38.94801712036133,40.05703485033022,38.832148792128706,39.725985049751465,12133968
1232,2012-10-04,39.06388473510742,39.394934529639684,38.56731004330903,39.163197877407015,7257841
1233,2012-10-05,39.13010025024414,39.428044195923775,39.06388848891505,39.312175858673186,11584935
1234,2012-10-08,39.295616149902344,39.54390346270907,38.74938046960788,39.063879528556235,6807880
1235,2012-10-09,39.79220199584961,39.8915151529161,39.01423396499251,39.428046269687684,5205666
1236,2012-10-10,39.54391098022461,39.94116806214636,39.06388695481657,39.659774822774416,7436554
1237,2012-10-11,39.4445915222168,39.92461552547726,39.26251592933884,39.72598474860568,5476615
1238,2012-10-12,39.70943069458008,39.858400397015366,38.070732536742796,39.3949316169669,2847441
1239,2012-10-15,39.345279693603516,40.04048519080964,39.21286066798102,39.5935670504521,7208908
1240,2012-10-16,39.262516021728516,39.626671698491606,39.14664769410159,39.42804092115262,4006297
1241,2012-10-17,39.64321517944336,39.725977614097104,39.22940300617463,39.52734687289823,2639928
1242,2012-10-18,39.92462158203125,40.02393474045769,39.527359968023625,39.72599077502744,2525746
1243,2012-10-19,39.52735900878906,39.89151473110038,39.39493997071699,39.725989810972585,3153069
1244,2012-10-22,39.262516021728516,39.4611467990675,39.04733455050724,39.212859449931344,4657141
1245,2012-10-23,38.88180160522461,39.27905858754743,38.832140553553586,39.113533722375585,3935245
1246,2012-10-25,38.63352966308594,39.063892687528835,38.43489884790032,38.99768091908325,12050023
1247,2012-10-29,38.0541877746582,38.25281407552581,37.789345223250436,37.789345223250436,2123473
1248,2012-10-30,37.474857330322266,38.186615964628565,37.34243826793198,38.10385348936568,2570824
1249,2012-10-31,37.73968505859375,37.90520995367398,37.42518820695632,37.623816734007555,1852024
1250,2012-11-01,38.71627426147461,38.86524393650278,38.17003864925753,38.17003864925753,4524439
1251,2012-11-02,39.06388473510742,39.163197877407015,38.765940818058425,38.931465715324556,4726469
1252,2012-11-05,38.749385833740234,39.06388493622514,38.66662338468107,39.03077905857143,3632141
1253,2012-11-06,39.6101188659668,39.69288132059216,38.56731283571741,38.964574413979335,4718509
1254,2012-11-07,39.725982666015625,39.92461343247421,39.39493288530133,39.56045777565848,4694784
1255,2012-11-08,39.345279693603516,39.49424941362243,39.130098215698155,39.37838557254674,3005197
1256,2012-11-09,39.57700729370117,40.023925382427706,39.19630095521187,39.2956185805677,5518512
1257,2012-11-12,39.725982666015625,39.974270001551346,39.61011434473562,39.61011434473562,5986709
1258,2012-11-15,39.69287872314453,39.825297743849674,39.279066477097054,39.42804068173424,11277862
1259,2012-11-16,39.428035736083984,39.7094289261298,39.16319323774394,39.65976787071314,7952790
1260,2012-11-19,39.74252700805664,39.85839531082067,39.29561346763003,39.42803246072493,4682624
1261,2012-11-20,40.42118453979492,40.537052850859354,39.759085036740615,39.77563572825712,5826060
1262,2012-11-21,39.75909423828125,40.53706223244696,39.51080686717415,40.42119389456684,8050611
1263,2012-11-22,39.428035736083984,39.94116106075896,39.2956167319888,39.80874205666377,3266009
1264,2012-11-23,39.64321517944336,40.05702735271209,39.34527131271977,39.560452744789615,2809752
1265,2012-11-26,39.85840606689453,39.92461782638434,39.411487915714574,39.72598703806542,2935121
1266,2012-11-27,39.24595642089844,40.04047944083757,39.14664328848093,39.89150525206155,7105541
1267,2012-11-29,39.03078079223633,39.411487176788604,38.69973098129515,39.229411576831126,15583782
1268,2012-11-30,39.03078079223633,39.34527990869063,38.83215000764153,39.13009842960894,9986088
1269,2012-12-03,39.378379821777344,39.4280363878652,38.91490656455805,39.11353731905921,5791740
1270,2012-12-04,39.87496566772461,40.057041291259466,39.29562842355787,39.37839088701026,8486828
1271,2012-12-05,39.77564239501953,40.13979808076516,39.394936014983344,39.97427317725809,7991825
1272,2012-12-06,39.74252700805664,39.92460705244277,39.27905828714985,39.89150118163172,3888336
1273,2012-12-07,39.295616149902344,39.874953213118026,39.09698540162705,39.825292158436994,3172271
1274,2012-12-10,39.24595642089844,39.44458717588322,39.06388084808308,39.32871886129629,2674532
1275,2012-12-11,38.89835739135742,39.461143802726305,38.832145640555225,39.394932051924116,5034484
1276,2012-12-12,38.81560134887695,39.17975705804084,38.66662713008015,39.047338024749614,6283865
1277,2012-12-13,39.14665222167969,39.31217714024788,38.93147072557119,39.03078388065179,7727857
1278,2012-12-14,38.48454666137695,39.130095541119566,38.319021768125005,39.130095541119566,6097530
1279,2012-12-17,38.51766586303711,38.79905917694194,38.219721850141504,38.50111067389468,3910978
1280,2012-12-18,38.76593780517578,39.03077582415834,38.434888036372655,38.7328319302655,4553554
1281,2012-12-19,38.46799850463867,38.96457321713796,38.153499390662304,38.914912153767716,6136261
1282,2012-12-20,38.33557891845703,38.69973464297802,38.236265761838055,38.69973464297802,2121800
1283,2012-12-21,37.9714241027832,38.31902460831626,37.9052123445148,38.269368034690174,3053451
1284,2012-12-24,37.87210464477539,38.38523452131205,37.690029053515744,38.00452366479607,2156093
1285,2012-12-26,38.1700553894043,38.46800385042924,37.93832318545836,38.00453046223533,2963625
1286,2012-12-27,37.55760955810547,38.4017870244708,37.441743471396634,38.18660554552925,7464142
1287,2012-12-28,37.57416534423828,38.20315913423879,37.17690599028663,37.87210929843318,6441596
1288,2012-12-31,37.98797607421875,38.07073852976105,37.54105791626019,37.57416379650723,1528669
1289,2013-01-01,37.690032958984375,38.269370160487604,37.64037413752461,38.120395941183645,6397127
1290,2013-01-02,37.441741943359375,38.00452390453491,37.375530187856256,37.77279174057448,10823940
1291,2013-01-03,37.789344787597656,37.98797557632593,37.45829496976737,37.673476453326955,7768126
1292,2013-01-04,38.0541877746582,38.120395044897215,37.59071667730755,37.90521355885693,7374977
1293,2013-01-07,37.87210464477539,38.120391991120485,37.59071366596268,38.07073541988151,5751436
1294,2013-01-08,38.55076217651367,38.65007532609576,37.73968832437468,37.756239019254856,7147399
1295,2013-01-09,38.25281524658203,38.71628860319656,38.103845516370825,38.650076840779995,8208348
1296,2013-01-10,37.706573486328125,38.63351545286175,37.574154488294596,38.302465712703196,5482985
1297,2013-01-11,37.45829391479492,37.80589890781711,37.35898076830309,37.77279302893637,7053838
1298,2013-01-14,37.094146728515625,37.83900667820306,36.99483132019877,37.441749535086814,10369465
1299,2013-01-15,36.76309585571289,37.4417485080068,36.6968863336764,37.24311769682182,7333310
1300,2013-01-16,37.094146728515625,37.21001283398897,36.547913105310734,36.746543921944436,12729863
1301,2013-01-17,37.292781829833984,37.42520314580122,36.82931283663859,37.11070616862749,8720890
1302,2013-01-18,38.0541877746582,38.21971268548159,37.077589004739984,37.309323430877676,11437257
1303,2013-01-21,37.706573486328125,38.10383497057818,37.47483911723209,37.85554766545926,5767870
1304,2013-01-22,37.57416534423828,38.153502556898104,37.342430908189435,37.772796143751805,5102821
1305,2013-01-23,37.12724685668945,37.93832074367551,36.92861830391612,37.73968994582681,4125262
1306,2013-01-24,36.72998046875,37.25966099814495,36.64721802634922,37.14379268075389,7597320
1307,2013-01-25,36.74653625488281,36.961717723776,36.51480184721128,36.51480184721128,5876853
1308,2013-01-28,37.04447937011719,37.16034769398051,36.33272322374264,36.779641335701115,4530765
1309,2013-01-29,37.11069869995117,37.54106171627349,36.812752482794735,36.96172446883519,8933771
1310,2013-01-30,36.91206741333008,37.34243266918766,36.696885907939034,37.07759233903872,6691139
1311,2013-01-31,36.48169708251953,37.06103424190845,36.283068546345575,36.81274688788463,10621030
1312,2013-02-01,36.5644645690918,36.81275195730686,36.38238670205232,36.465149164790674,6533829
1313,2013-02-04,36.812744140625,36.97826903095476,36.58100974317833,36.59756268122631,4150438
1314,2013-02-05,36.28307342529297,36.729989375587074,36.15065213829527,36.663779854625965,2184943
1315,2013-02-06,36.20030975341797,36.63067274782506,36.08444141180043,36.43204419157765,2852740
1316,2013-02-07,36.94516372680664,37.19345105105716,36.24995832087523,36.24995832087523,5059086
1317,2013-02-08,36.82930374145508,37.342431443322184,36.614122243127945,37.07759112186735,5162866
1318,2013-02-11,37.25966262817383,37.325872135975985,36.53135355220004,36.91205990586871,3760946
1319,2013-02-12,37.35898208618164,38.186606636643546,36.87895805085351,36.978273445923996,9796530
1320,2013-02-13,36.38238525390625,38.070740324596436,36.1837566982856,38.070740324596436,7821046
1321,2013-02-14,34.99197006225586,36.54790356967949,34.37952707498938,36.415484556523225,14843823
1322,2013-02-15,35.516395568847656,35.718098633318135,34.79363043412924,35.16341634592453,8479053
1323,2013-02-18,36.390438079833984,36.77703294901986,35.38192734651392,35.38192734651392,8321446
1324,2013-02-19,36.44087219238281,36.52491477537428,36.037468249983974,36.39044755450833,8484570
1325,2013-02-20,36.3568229675293,36.86107837335797,36.10469526461496,36.47448347414288,7964693
1326,2013-02-21,35.9197998046875,36.625755933526904,35.75171240662061,36.23916107343392,6464828
1327,2013-02-22,36.65938186645508,36.81065804993628,35.97023227526201,36.17193537310416,14054231
1328,2013-02-25,37.66788864135742,37.735122239955444,36.72661142158342,36.81065398978109,15983553
1329,2013-02-26,37.298099517822266,37.617460813208275,37.04597181939112,37.617460813208275,17614848
1330,2013-02-27,36.60895538330078,37.60065963293808,36.50810611299265,37.48299911117746,9561570
1331,2013-02-28,35.062564849853516,36.97873712489814,34.306181777009726,36.844269934979415,11505348
1332,2013-03-01,36.289588928222656,36.64256816397183,35.062566087742255,35.53320582867466,9664596
1333,2013-03-04,36.457672119140625,36.81065133608452,35.73490471686497,36.3063959632505,5835406
1334,2013-03-05,36.508094787597656,36.64256195949519,35.80213643563523,36.491285821160425,4342564
1335,2013-03-06,36.188743591308594,36.642574440697,36.087894317934214,36.50810722299721,2348098
1336,2013-03-07,36.37363052368164,36.575333590095944,36.020651297356835,36.020651297356835,3784471
1337,2013-03-08,36.97874069213867,37.02916532327241,36.32320908839676,36.60895246448905,5865486
1338,2013-03-11,37.11320495605469,37.23086545911683,36.642567503407115,36.96192879483229,3872022
1339,2013-03-12,36.72660446166992,37.1804351558539,36.34000963314293,37.1804351558539,5729772
1340,2013-03-13,36.91151428222656,37.06279048490184,36.57534392970323,36.67619549142045,4784709
1341,2013-03-14,36.861080169677734,36.97874068202517,36.55852782335673,36.844273479171534,4923712
1342,2013-03-15,36.6425666809082,36.995545902370964,36.45767258587529,36.7770338701319,4917271
1343,2013-03-18,36.55852127075195,36.64256382742219,36.47447871408172,36.60894589283399,3593844
1344,2013-03-19,36.00385284423828,36.77704278949331,35.31470092297865,36.62576659497824,5195989
1345,2013-03-20,35.07937240600586,35.93660697667073,34.8944783174624,35.818946480379346,5025753
1346,2013-03-21,34.1549072265625,35.3987367711771,33.9027795237433,34.961717243464264,4921271
1347,2013-03-22,34.440650939941406,34.69277862864345,33.90277762545687,34.171714282699135,8653798
1348,2013-03-25,34.928104400634766,35.146614196372525,34.62555202502849,34.76001924089775,4166875
1349,2013-03-26,35.29789733886719,35.398746624225275,34.79364179287201,34.79364179287201,3767435
1350,2013-03-28,35.56682205200195,35.768525127003315,34.99533304589885,35.281078688850684,4534130
1351,2013-04-01,35.46596145629883,35.78532265645492,35.21383383304931,35.38191891521565,1691135
1352,2013-04-02,35.80214309692383,36.188737997908575,35.331503348115696,35.61724899131351,4652635
1353,2013-04-03,35.701297760009766,35.83576498028059,35.48278567731847,35.58363723242207,2361750
1354,2013-04-04,35.12980270385742,35.78533428129518,34.8944816885408,35.55001554577913,3713922
1355,2013-04-05,35.18022155761719,35.297882045959796,34.877669273022185,34.877669273022185,8205260
1356,2013-04-08,35.012142181396484,35.634058099097906,34.79363241560981,35.29788782570267,3096875
1357,2013-04-09,34.72639465332031,35.70128976116264,34.55830952574065,35.14660747226947,2293912
1358,2013-04-10,35.163414001464844,35.23064759187217,34.59192506330211,34.810434802075996,1905585
1359,2013-04-11,34.81044006347656,35.23065291678552,34.67597286233795,35.23065291678552,3329986
1360,2013-04-12,35.46596145629883,35.58361964593537,34.642342729843854,34.642342729843854,1819318
1361,2013-04-15,34.978519439697266,35.29788297941561,34.84405226072132,35.29788297941561,2619515
1362,2013-04-16,35.93661117553711,36.272781455876256,34.961718274473824,34.97852496465029,2546545
1363,2013-04-17,35.93661117553711,36.35682402596104,35.71810140523691,35.93661117553711,3775629
1364,2013-04-18,35.97023391723633,36.272786298009684,35.38193584810962,35.684488228882984,5080676
1365,2013-04-22,36.777034759521484,37.18044089654915,35.71809934932509,35.71809934932509,5577118
1366,2013-04-23,36.87788772583008,36.97873926400329,36.54171745178643,36.64256898995964,2951714
1367,2013-04-25,36.92831802368164,37.751934814710715,36.306402047708225,36.676190295011466,7103973
1368,2013-04-26,37.079586029052734,37.21405320944048,36.81064938847696,37.06277706155419,3417359
1369,2013-04-29,37.130008697509766,37.449369943972144,36.82745641766123,36.82745641766123,5263605
1370,2013-04-30,37.718318939208984,38.03768029039824,36.810659522218124,37.04597829257858,5652599
1371,2013-05-02,38.625980377197266,38.82768349366031,37.398959544816684,37.41576851782211,7787838
1372,2013-05-03,37.651084899902344,38.72683174604873,37.533424376167304,38.28980759497599,3489204
1373,2013-05-06,37.68470001220703,37.97044339440618,37.24767817377223,37.499805894430686,1570856
1374,2013-05-07,37.88639450073242,38.23937370673123,37.11320249706846,37.617457854266654,4295563
1375,2013-05-08,38.5755500793457,38.71001728406209,37.86959155508294,37.86959155508294,4623152
1376,2013-05-09,38.155338287353516,38.72682962296378,37.92001953258499,38.65959373891497,3439496
1377,2013-05-10,37.76873779296875,38.50830961062224,37.65107729300544,37.93682291874466,3388720
1378,2013-05-13,37.718318939208984,37.98725565382133,37.44938222459664,37.516618113100414,3486486
1379,2013-05-14,38.44107437133789,38.710008721281504,37.751924970056955,37.751924970056955,5187764
1380,2013-05-15,38.239383697509766,38.86129971246193,37.98725595303742,38.5251293864988,7598979
1381,2013-05-16,38.289791107177734,38.74362175496128,38.054472440838076,38.071281405533746,7843384
1382,2013-05-17,39.0125732421875,39.298318928384475,38.23938332386798,38.32342590453757,4225774
1383,2013-05-20,38.42426681518555,39.029376000077136,38.3234175641707,38.995758063205244,6051683
1384,2013-05-21,37.88639450073242,38.62596856866305,37.600651166200315,38.35703420199761,3901355
1385,2013-05-22,37.869598388671875,38.020876871026964,37.61747062448154,37.98725892388114,4300192
1386,2013-05-23,36.844276428222656,37.93682994820962,36.642573327997034,37.70150890467944,5416658
1387,2013-05-24,36.6425666809082,37.24767359201574,36.34001436525465,37.24767359201574,4295474
1388,2013-05-27,37.70151138305664,37.88640552378434,36.64257573676317,36.709809347991154,1976291
1389,2013-05-28,37.81916427612305,38.22256814183676,37.61746120336592,37.76873964783403,3947350
1390,2013-05-29,38.155338287353516,38.30661674666256,37.7183164400401,37.97044416582082,4123634
1391,2013-05-30,38.4578857421875,38.65958880901104,37.701502661299926,38.05448188834089,4814631
1392,2013-05-31,38.08809280395508,38.65958168152509,37.86958080854886,38.64277499555542,8210037
1393,2013-06-03,37.44938278198242,38.12172343861975,37.19725503574343,38.10491674604457,2337051
1394,2013-06-04,38.054481506347656,38.27299353984647,37.38214099675214,37.38214099675214,6339450
1395,2013-06-05,37.80236053466797,37.953636720256405,37.63427537739174,37.83597847804356,2941759
1396,2013-06-06,37.66788864135742,37.85278274735241,37.55022813396046,37.55022813396046,3741327
1397,2013-06-07,37.19724655151367,37.88639602334069,37.130012957145276,37.33171602005089,3373193
1398,2013-06-10,36.97874069213867,37.48299612267871,36.91150709069347,37.31491097916536,4178032
1399,2013-06-11,36.25597381591797,37.60065490204854,36.0710797106149,36.76022922321693,4988953
1400,2013-06-12,36.306396484375,36.77703392718855,36.037459825709924,36.306396484375,1985386
1401,2013-06-13,35.550010681152344,36.44086087220312,35.41554122225771,36.054266022456616,3320850
1402,2013-06-14,36.67619323730469,36.810660458129234,35.63406429661107,35.71810687957666,5440747
1403,2013-06-17,36.37363052368164,36.79384334554439,35.97022667065349,36.6593761544685,1761508
1404,2013-06-18,36.44087219238281,36.87789407989863,36.08789516765944,36.30640497151686,2599492
1405,2013-06-19,36.1383171081543,36.373635867005916,35.919807320606544,36.28959329028742,3158484
1406,2013-06-20,35.5836296081543,36.071078306745804,35.482778074659485,36.03746036898071,3936637
1407,2013-06-21,36.03746795654297,36.18874414873562,35.297893688200375,35.51640349027854,8100913
1408,2013-06-24,35.60044479370117,36.474488530217236,35.31469911220145,35.835763559747534,7726193
1409,2013-06-25,34.6591682434082,35.97023387820565,34.30618894635501,35.70129716236507,5865050
1410,2013-06-26,35.634056091308594,35.76852328116995,34.440651232037375,34.558309453215955,9917951
1411,2013-06-27,35.81895065307617,36.30639938323938,35.5836319128805,35.80214396290554,10124040
1412,2013-06-28,37.41576385498047,37.68470055014865,35.97023111327715,35.97023111327715,13955319
1413,2013-07-01,37.9536247253418,38.08809417654538,37.146817137320774,37.146817137320774,4880398
1414,2013-07-02,37.43256759643555,37.92001400594205,37.1804399074011,37.68469528546999,4836103
1415,2013-07-03,36.407257080078125,37.230873949944694,36.23917191154205,37.230873949944694,3203552
1416,2013-07-04,36.188743591308594,36.8106596027222,35.71810604955841,36.474489278671804,5239017
1417,2013-07-05,36.17193603515625,36.608955622144954,35.902999326377994,36.30640324964495,2878063
1418,2013-07-08,35.39873504638672,36.13831142912789,35.230649919363806,36.13831142912789,5074736
1419,2013-07-09,36.92831802368164,36.97874265749536,35.58363452430659,35.734910705548536,5626482
1420,2013-07-10,36.3568229675293,37.34852708949946,36.255973710204,37.13001504576004,6811029
1421,2013-07-11,37.09639358520508,37.44937049024384,36.69298749978901,36.96192413013299,5779104
1422,2013-07-12,37.079586029052734,37.23086217693901,36.323203009821036,37.21405320944048,3580274
1423,2013-07-15,36.995548248291016,37.298100583129674,36.65937797411447,36.96193030895313,2918182
1424,2013-07-16,37.04597473144531,37.28129347918519,36.40725209046554,36.40725209046554,2477162
1425,2013-07-17,37.28129196166992,37.71831377814135,36.91150602450225,37.01235756365729,9890923
1426,2013-07-18,37.314903259277344,37.55022195555202,37.06277559616871,37.16362711737221,5820812
1427,2013-07-19,37.43256759643555,37.583843753896126,37.1804399074011,37.583843753896126,4552788
1428,2013-07-22,37.36533737182617,37.583849436575306,37.079593982262985,37.214061191492625,2515956
1429,2013-07-23,37.02915954589844,37.73511795042952,36.70979827901069,37.73511795042952,5415186
1430,2013-07-24,36.97874069213867,37.19725046678575,36.55852783335531,36.67618834573492,2594203
1431,2013-07-25,37.02915954589844,37.5670328331412,35.73490323085824,37.180437975298176,4206471
1432,2013-07-26,36.42405700683594,37.23086470351487,36.32320547480096,37.14682214011913,5399927
1433,2013-07-29,36.34001541137695,36.86107749446897,36.08788771447417,36.709801332287405,2056881
1434,2013-07-30,35.48277282714844,36.37362524817147,35.18022055120863,36.34000959517823,1322467
1435,2013-07-31,33.98681640625,35.29788160948346,33.0287303838794,34.99532704882951,6050144
1436,2013-08-01,34.57512664794922,34.944914927747966,33.280869948454594,33.885977006397546,4448345
1437,2013-08-02,30.70915985107422,33.734692077650855,29.0955422076066,33.280861331744205,31014744
1438,2013-08-05,31.364686965942383,31.868942266112512,29.482132933387195,30.910856283869233,15799229
1439,2013-08-06,31.4487361907959,32.104267764190105,31.078950260066105,31.263842085530722,14382559
1440,2013-08-07,31.364686965942383,31.91936916400957,31.112559315857318,31.60000565006176,5717703
1441,2013-08-08,32.2723503112793,32.60852055577802,31.431924700032468,31.53277622934216,6778874
1442,2013-08-12,31.969797134399414,32.74298913169576,31.801712016717616,32.44043455198833,9452703
1443,2013-08-13,32.32278060913086,32.44043883917714,31.600013139701094,31.919376729342485,2256717
1444,2013-08-14,32.64214324951172,32.995122513639714,32.12107883863712,32.27235501474892,9066232
1445,2013-08-16,32.9447021484375,33.29768148270881,32.10427624769684,32.642149736091326,16654810
1446,2013-08-19,32.44043731689453,32.843843457553504,31.852139354867454,32.64214038722402,5042098
1447,2013-08-20,32.423641204833984,32.60853308651785,31.88576769502294,32.44044789967706,5439143
1448,2013-08-21,32.81021499633789,33.23042769158659,32.49085380390883,32.59170530672847,17512680
1449,2013-08-22,32.978309631347656,33.19681938427985,32.28916015546857,32.60852144044655,11299648
1450,2013-08-23,32.87746810913086,33.011937619399134,32.4740641379283,32.87746810913086,19297499
1451,2013-08-26,32.92788314819336,33.09596826552338,32.67575547219832,32.84384058952835,24410353
1452,2013-08-27,32.1715087890625,34.70959520061237,31.86895412846264,32.94469871328219,13466053
1453,2013-08-28,31.54959487915039,32.54129694878515,30.97810574408977,31.936189867038173,11398478
1454,2013-08-29,32.70938491821289,33.1127889139219,31.515979626064425,31.515979626064425,15533827
1455,2013-08-30,32.82703399658203,33.062352721907246,31.532777587592655,32.57490630234778,8242572
1456,2013-09-02,33.28085708618164,33.44894218843812,32.67575254189843,32.8438376441549,15403306
1457,2013-09-03,32.15468978881836,33.61703115949107,31.650434458214008,33.448943769489404,4877060
1458,2013-09-04,32.3900146484375,32.57490876079009,31.650440478827797,31.80171665082513,4850453
1459,2013-09-05,32.726810455322266,34.172641091242085,32.31857407714885,33.186072920120345,9746210
1460,2013-09-06,33.66233825683594,34.15562104716286,32.35258525177381,32.641752218739946,7041237
1461,2013-09-10,34.78498458862305,35.227236708405286,33.764396207386746,33.764396207386746,8723482
1462,2013-09-11,33.67934799194336,35.00611129716688,33.356162857230345,34.665915932816866,5150080
1463,2013-09-12,33.67934799194336,34.24067172737936,33.424201468680856,33.849445674118364,5409563
1464,2013-09-13,33.934505462646484,34.08759295416336,33.492250914965915,33.50925884183597,6331674
1465,2013-09-16,34.887054443359375,35.36332950762716,33.74740095045443,33.9345089290204,14084730
1466,2013-09-17,34.546844482421875,34.88703982559973,33.526258452888335,34.7169421540108,5923058
1467,2013-09-18,34.1556282043457,34.529844086235364,33.645335078367715,34.1896486689167,4635243
1468,2013-09-19,34.1556282043457,35.431361019290684,33.76440209017055,34.97209628307136,10203659
1469,2013-09-20,34.563865661621094,34.88705087861303,34.18965204982445,34.27470091256433,15290056
1470,2013-09-23,33.76441192626953,34.325735912626435,33.62833464253977,34.053579038068406,3730187
1471,2013-09-24,33.73038864135742,33.96852500530404,33.35617270722835,33.52627043963282,8304198
1472,2013-09-25,34.18965148925781,34.30871851088261,33.407201503460186,33.67935601408717,5150528
1473,2013-09-26,33.78141784667969,34.104605391661046,33.52627124196696,34.01955652342347,6791644
1474,2013-09-27,33.66233825683594,34.15562104716286,33.52625873416473,33.781405243688724,4575709
1475,2013-09-30,33.35615921020508,33.66233638890242,32.91390482348485,33.407189893536575,5763141
1476,2013-10-01,33.67934799194336,33.74738891049134,33.30513447541683,33.424201468680856,4024187
1477,2013-10-03,33.985538482666016,34.1046078295493,33.54328387479744,34.019558955232206,11166670
1478,2013-10-04,33.322147369384766,33.84944838061058,33.23709852149703,33.84944838061058,16408671
1479,2013-10-07,33.35615921020508,33.407189893536575,32.8458662194734,33.186061546627855,3643908
1480,2013-10-08,33.42420959472656,33.611317552027984,33.23710394452318,33.54327892403602,7001377
1481,2013-10-09,33.69636535644531,33.81543468201853,33.169061968632136,33.169061968632136,5815351
1482,2013-10-10,33.76441192626953,33.866471042616105,33.42421640984662,33.69637328440465,4045318
1483,2013-10-11,33.66233825683594,33.985523374146865,33.56027919160687,33.866454080196725,2594571
1484,2013-10-14,33.86646270751953,33.98553203180202,33.44121841665054,33.67935475811759,3588795
1485,2013-10-15,33.66233825683594,34.07057221065486,33.424199668935664,33.900474537638864,6566169
1486,2013-10-17,33.20307159423828,33.9515008484975,33.015963703899175,33.59429529550415,7117518
1487,2013-10-18,33.849449157714844,34.01954916449306,33.015970890699876,33.50925375835382,15690831
1488,2013-10-21,33.849449157714844,34.00253893310547,33.69636168942192,33.849449157714844,2023039
1489,2013-10-22,34.68294143676758,35.2442631123113,33.78142193995378,33.78142193995378,9232804
1490,2013-10-23,34.223670959472656,35.14219823574106,34.12161186053214,35.00612097521912,3579487
1491,2013-10-24,33.67934799194336,34.54684663245538,33.40719354614133,34.359741027740846,7207079
1492,2013-10-25,34.087581634521484,34.27468953184068,33.44120910806402,33.883463508882855,5281406
1493,2013-10-28,33.59430694580078,34.325728533124796,33.44121945774162,34.12161034431391,5287076
1494,2013-10-29,34.1556282043457,34.34273614529053,33.339157818522224,33.54327599175255,7086272
1495,2013-10-30,34.07058334350586,34.27470154066134,34.01955494776604,34.24068107210273,3289474
1496,2013-10-31,34.46179962158203,34.87003592616083,33.62832139607923,34.342732621994536,8249061
1497,2013-11-01,33.305137634277344,34.665919220742126,33.20307855387294,34.461801059933336,9616570
1498,2013-11-05,32.36960220336914,33.35616798892381,32.165484030517504,33.25410890249798,17767298
1499,2013-11-06,32.74381637573242,32.913914087184054,32.420631185393894,32.420631185393894,9564186
1500,2013-11-07,32.33557891845703,32.74381292145512,32.165481224949694,32.624745920258555,9949028
1501,2013-11-08,32.67578125,32.8118608179852,31.85931307048124,32.06342896181187,6427427
1502,2013-11-11,32.641761779785156,32.79484926892069,32.046419749848496,32.62475154608165,7123880
1503,2013-11-12,32.43764114379883,32.72680817366174,32.25053320136388,32.64175931865475,5714533
1504,2013-11-13,32.65876770019531,32.743816556390364,32.16548479568356,32.267543884537204,4914428
1505,2013-11-14,32.65876770019531,32.89690634321977,32.573718844000254,32.69278816551248,2329910
1506,2013-11-18,32.777835845947266,32.89690516318841,32.55670975061119,32.760825613898845,4220710
1507,2013-11-19,32.33557891845703,32.77783338299563,32.09744260896629,32.52268684273463,6280476
1508,2013-11-20,31.893333435058594,32.471667601520124,31.82529479991555,32.18250051828936,5017948
1509,2013-11-21,31.774263381958008,32.04642020377509,31.53612702802983,31.978379267997283,4281191
1510,2013-11-22,31.944353103637695,32.04641217463574,31.706216809373903,31.706216809373903,7516975
1511,2013-11-25,32.0294075012207,32.18249498072573,31.876320021715685,31.876320021715685,8325845
1512,2013-11-26,32.06343078613281,32.19951036186057,31.757255778167288,31.893333046796798,7679212
1513,2013-11-27,31.349023818969727,32.216522810603294,31.246964706936648,31.893335237982143,4670852
1514,2013-11-28,32.216522216796875,32.31857901985047,31.178925493265687,31.383041406471232,21937834
1515,2013-11-29,32.35258865356445,32.52268634446578,31.774256965919456,32.09744211721246,19972565
1516,2013-12-02,31.842315673828125,32.21653175278591,31.332022279121535,31.332022279121535,12138526
1517,2013-12-03,31.893333435058594,31.978382305761965,31.706227765189798,31.808284564355223,10819239
1518,2013-12-04,32.52268981933594,32.62474890620071,31.74023989616985,31.842298983034617,21813713
1519,2013-12-05,32.760826110839844,32.87989542988712,32.369602303280786,32.82886473296779,14177075
1520,2013-12-06,33.66233825683594,33.985523374146865,32.641752218739946,32.641752218739946,25973812
1521,2013-12-09,34.46179962158203,34.64890754333105,33.509252089394145,33.849447471811416,30640399
1522,2013-12-10,33.47522735595703,34.52983375700994,32.99895252992466,34.46179284822164,28724268
1523,2013-12-11,33.33916473388672,33.509262477828514,33.049999953444654,33.16906698994492,7491141
1524,2013-12-12,33.322147369384766,33.4071962172725,33.13503944261222,33.23709852149703,9916532
1525,2013-12-13,33.16905212402344,33.39018047630001,33.01596468450721,33.06699536907747,12252500
1526,2013-12-16,33.67934799194336,33.81542752194184,32.93091865179283,32.99895726324334,21800566
1527,2013-12-17,33.57729721069336,33.764402848744,33.28813017663675,33.47523812178527,18137305
1528,2013-12-18,34.01954650878906,34.59787818113634,32.233518494470594,32.31856733767159,156704650
1529,2013-12-19,33.76441192626953,34.35975638710813,32.743825377000796,33.16906977252943,508752991
1530,2013-12-20,33.815433502197266,34.10460053587292,33.42420737974798,33.61131532465,55032517
1531,2013-12-23,33.91748809814453,33.985526712615034,33.52626202751839,33.679349486851414,27772323
1532,2013-12-24,33.526275634765625,33.917501864178035,33.49225746727227,33.8494609149943,16656973
1533,2013-12-26,33.67934799194336,33.88346613339235,33.11802656360483,33.37317308686734,58569185
1534,2013-12-27,33.951507568359375,34.05356664757144,33.40719632439117,33.67935079282645,17259233
1535,2013-12-30,33.67934799194336,34.08758427484135,33.543270769042344,33.81542752194184,10546799
1536,2013-12-31,33.985538482666016,34.019558955232206,33.62833274911454,33.71338162343164,12881038
1537,2014-01-01,33.849449157714844,33.985528701717875,33.73038215219711,33.96851847033028,3186233
1538,2014-01-02,34.66592788696289,34.836025627794136,34.019557394643435,34.053575558550726,29730385
1539,2014-01-03,34.25767517089844,34.955075991087014,34.07056729615072,34.66590906583173,10720086
1540,2014-01-06,33.985538482666016,34.359754452500596,33.71338162343164,34.359754452500596,6603244
1541,2014-01-07,33.611324310302734,34.01956077453523,33.526275431437384,33.98554030014969,12753362
1542,2014-01-08,33.59430694580078,33.84945352826539,33.509258084979244,33.526268318563154,10653844
1543,2014-01-09,33.62832260131836,33.849448684975705,33.509253290365834,33.5943021390183,12969982
1544,2014-01-10,33.15205383300781,33.84945262750774,32.84587655793907,33.84945262750774,21668655
1545,2014-01-13,33.33916473388672,33.47524431329914,32.93093060984607,32.93093060984607,11775173
1546,2014-01-14,33.15205383300781,33.50925719327443,33.04999474131823,33.305141316993215,6262293
1547,2014-01-15,33.16905212402344,33.849442794848706,33.0329749126973,33.186062352213526,8229009
1548,2014-01-16,33.42420959472656,33.56028915780852,33.22009371075068,33.30514257251514,15169976
1549,2014-01-17,33.08401107788086,33.42420649337276,32.89690544503856,33.33915763949979,11229974
1550,2014-01-20,33.509246826171875,33.64532634202364,32.99895383269654,32.99895383269654,13050752
1551,2014-01-21,33.28812026977539,33.59429513828123,33.23709189405682,33.390179328309735,11629511
1552,2014-01-22,33.37317657470703,33.64533335604971,33.28812772473105,33.305137956145785,12315468
1553,2014-01-23,33.35615921020508,33.492238725325194,33.20307177440502,33.339148982427915,5617086
1554,2014-01-24,33.37317657470703,33.577294737488465,33.254107261901574,33.27111749331631,11973294
1555,2014-01-27,32.84587097167969,33.64533102899902,32.60773466963698,33.13503796443712,12637443
1556,2014-01-28,32.86288833618164,32.99896559343372,32.76082923969356,32.845878102250616,7516995
1557,2014-01-29,32.55670928955078,32.98195354925009,32.45465020580339,32.89690469731023,5177129
1558,2014-01-30,32.52268981933594,32.76082615062184,32.31857164560641,32.55671028399014,28308126
1559,2014-01-31,32.48867416381836,32.65877189807241,32.38661736894447,32.65877189807241,15088682
1560,2014-02-03,32.3866081237793,32.87989095088262,32.30155928093053,32.36959789379004,4482727
1561,2014-02-04,32.43764114379883,32.72680817366174,32.25053320136388,32.335582056370875,8237100
1562,2014-02-05,32.91390609741211,32.94792655428319,32.216507495430555,32.216507495430555,8121381
1563,2014-02-06,32.726810455322266,32.82886724276761,32.40362293808531,32.65876952089469,8396200
1564,2014-02-07,33.16905212402344,33.28812141425677,32.59072051524142,32.72680003366484,6497909
1565,2014-02-10,32.998958587646484,33.339153965650134,32.896901819923436,33.118027892786785,3792896
1566,2014-02-11,32.52268981933594,33.1350420334267,32.48866935468174,33.03298294656193,5013980
1567,2014-02-12,32.55670928955078,32.77783538175532,32.437639973995864,32.624747909683116,5538187
1568,2014-02-13,32.31857681274414,32.624754122290476,32.2845586497489,32.50568478406164,6549052
1569,2014-02-14,32.40361785888672,32.437638320767874,32.30156108743856,32.38660993504379,14754417
1570,2014-02-17,32.50568389892578,32.607742999328806,32.352596401870315,32.352596401870315,4752663
1571,2014-02-18,32.5737190246582,32.6927883468308,32.48867016799145,32.539700866250236,4866082
1572,2014-02-19,32.28455352783203,32.60773871405383,32.165484208493446,32.50567962706331,2804777
1573,2014-02-20,32.35258865356445,32.53969657497544,32.063421656193164,32.182490962663124,5141168
1574,2014-02-21,32.42062759399414,32.55670713233994,32.35258897837005,32.403617363313714,4456386
1575,2014-02-24,32.33557891845703,32.40361753444044,31.99538353144236,32.40361753444044,5118446
1576,2014-02-25,32.42062759399414,32.522686670979084,32.28455036274596,32.35258897837005,4052135
1577,2014-02-26,32.3866081237793,32.72680349517435,32.267538820952026,32.488664889519804,21051173
1578,2014-02-28,32.14848709106445,32.45466447694056,31.7232426443744,32.335595109027835,27401493
1579,2014-03-03,32.216522216796875,32.420638130002416,31.927355122549404,32.01240399649297,15373777
1580,2014-03-04,33.154422760009766,33.30959115819125,32.37857843064409,32.482024808917835,9410466
1581,2014-03-05,33.223388671875,33.32683505774349,32.895810398673476,33.171666648169975,5385763
1582,2014-03-06,33.6544075012207,33.895780800796764,33.15441945100071,33.22338291681415,7952223
1583,2014-03-07,34.13715362548828,34.29232434448247,33.53371921571353,33.53371921571353,13092149
1584,2014-03-10,34.10267639160156,34.240603334775,33.68889322362301,34.050952034067855,11546535
1585,2014-03-11,34.08543014526367,34.171635057237644,33.84405685942814,33.93026177140211,7773473
1586,2014-03-12,33.964744567871094,34.05094948551702,33.723371266154096,33.91302255266675,15253272
1587,2014-03-13,34.06820297241211,34.48198859406193,33.8268295854223,33.981998024311544,12326297
1588,2014-03-14,33.913028717041016,34.481982679997806,33.79234087501605,33.895787262686234,11859122
1589,2014-03-18,34.98196792602539,35.15437777836587,33.96474792644992,33.96474792644992,15512927
1590,2014-03-19,35.27505874633789,35.67160275892161,34.94748053660907,34.94748053660907,12921191
1591,2014-03-20,34.24060821533203,35.24058688047734,34.13716182397789,35.068177007706616,6054665
1592,2014-03-21,34.775081634521484,35.46472117212707,34.326815467386105,34.41302040958681,21508819
1593,2014-03-24,35.58540344238281,35.93022315707507,34.82680053775152,34.82680053775152,9956813
1594,2014-03-25,36.41297149658203,36.53365933765706,35.37851230493933,35.37851230493933,14139614
1595,2014-03-26,35.861263275146484,36.72331264825495,35.72333397237398,36.550902773633254,6805235
1596,2014-03-27,36.378482818603516,36.6888195715454,35.861253338061736,35.861253338061736,20892387
1597,2014-03-28,37.0508918762207,37.326748150260144,36.1371181146187,36.326769449174485,6967406
1598,2014-03-31,36.206085205078125,37.34399091380894,36.050914437805815,36.964688231412424,6602071
1599,2014-04-01,37.240535736083984,37.74052381704295,36.24055723570789,36.378486514272616,13292951
1600,2014-04-02,37.37846755981445,37.61984324422473,36.98192580135496,37.292262626370345,8823613
1601,2014-04-03,37.48191452026367,37.7922536884787,36.86123852229213,37.27502407991217,6355761
1602,2014-04-04,36.75779342651367,37.49915729462516,36.67158848871875,37.49915729462516,7240495
1603,2014-04-07,36.86124038696289,37.32674799360445,36.48193771944321,36.79227690335713,6247841
1604,2014-04-09,36.809513092041016,37.03364496630486,36.39572757269499,36.91295947187752,6654828
1605,2014-04-10,37.171573638916016,37.30950058411672,36.61986118119666,36.861234504527026,9464658
1606,2014-04-11,37.11985778808594,37.22330418992438,36.94744789784147,36.96468935455768,6290384
1607,2014-04-15,37.188812255859375,37.3094977390926,36.82675112924355,36.981919515376596,9004170
1608,2014-04-16,37.137088775634766,37.30949861727587,36.44744940907035,37.154330227490505,10220793
1609,2014-04-17,36.964691162109375,37.06813756900629,36.60262990719965,37.05089611144698,10918544
1610,2014-04-21,36.533660888671875,37.309505315341916,36.46469740732625,36.82675860746398,4950498
1611,2014-04-22,36.533660888671875,36.723312216216264,35.981948360989755,36.61986582496854,8749084
1612,2014-04-23,36.41297149658203,36.87847906820463,36.27504453974639,36.516417883437995,11101407
1613,2014-04-24,36.41297149658203,36.41297149658203,36.41297149658203,36.41297149658203,0
1614,2014-04-25,36.378482818603516,36.65433667079278,36.06814372720368,36.34399991785089,5635586
1615,2014-04-28,36.585384368896484,36.72331367552733,36.137118214648886,36.29228897691591,4189566
1616,2014-04-29,36.41297149658203,37.03364747925935,36.25780308552732,36.82675704400588,8984063
1617,2014-04-30,36.481937408447266,37.20605982628154,36.171600565637505,36.46469829153676,9560866
1618,2014-05-02,36.050899505615234,36.706058200347904,35.89573114107199,36.41296058185464,2642603
1619,2014-05-05,36.24055862426758,36.41296847523575,35.84401690242409,35.96470239502685,1955739
1620,2014-05-06,35.344032287597656,36.25780365245303,35.17162241962808,36.17159871846824,4306301
1621,2014-05-07,35.344032287597656,35.74057404854429,35.17162241962808,35.41299576709379,6851875
1622,2014-05-08,35.706092834472656,36.10263695270104,35.34403396531704,35.65437080701003,6511390
1623,2014-05-09,36.843997955322266,36.981924910125535,35.70609005513241,35.79229498649906,19808139
1624,2014-05-12,38.447410583496094,38.964640196451185,36.706070418855575,36.706070418855575,8560913
1625,2014-05-13,38.91291427612305,39.75771975325107,38.654299495527745,38.75774353699922,14210275
1626,2014-05-14,38.61981964111328,39.309459110528984,38.447409773759354,38.94739792139404,8786547
1627,2014-05-15,39.464630126953125,39.861171889146874,37.326745886639934,38.464651486509545,17562208
1628,2014-05-16,41.20596694946289,43.32660734640687,40.36115674305353,40.36115674305353,35379329
1629,2014-05-19,42.154232025146484,43.17145235710281,41.4818315105424,41.4818315105424,25035487
1630,2014-05-20,43.067996978759766,43.99901221312025,42.395601244537076,42.740421008830985,22538200
1631,2014-05-21,42.91282272338867,43.39556936613558,42.412832289558644,42.75765198822308,10213784
1632,2014-05-22,43.24040222167969,43.774875605142455,42.464557835258105,42.79213844695841,17055437
1633,2014-05-23,45.119667053222656,45.51620876421773,41.395611568041325,43.44729060920024,22941667
1634,2014-05-26,44.18866729736328,46.48171786758463,42.4128417131428,45.41277562883646,23747350
1635,2014-05-27,43.75761413574219,44.309326411926385,42.75763826592301,43.30935054210721,11091241
1636,2014-05-28,43.05074691772461,43.79210828711746,42.86109796633907,43.79210828711746,13246147
1637,2014-05-29,43.11971664428711,43.792112268720054,42.89558009255952,43.39557053991346,14803509
1638,2014-05-30,42.06801223754883,43.61970086850556,41.43009486499444,43.274881172737395,69911271
1639,2014-06-02,43.17143630981445,43.56797801698708,42.136977242277354,42.171460146578525,13367356
1640,2014-06-03,43.18868637084961,43.63695488655797,42.602495556809124,43.102481426703875,18372713
1641,2014-06-04,42.843868255615234,43.41281997365572,42.68870215628658,43.188688045569194,23251745
1642,2014-06-05,43.75761413574219,44.309326411926385,43.27486764792413,43.34383343629028,19424103
1643,2014-06-06,44.17141342163086,44.27486213675594,43.464534914400176,44.10244761154747,14951210
1644,2014-06-09,47.361000061035156,49.17130363804312,44.18866136080943,44.430032364927015,41900147
1645,2014-06-10,46.87824249267578,48.619579848859026,46.37825213100315,48.06787215215023,22963428
1646,2014-06-11,46.119651794433594,47.29204270828919,45.36105113614046,46.878257129644005,14529763
1647,2014-06-12,47.050662994384766,47.42996562963448,45.58517915399207,46.06792583662041,15766959
1648,2014-06-13,45.99896240234375,47.75753918154195,44.82657164698943,47.343758335755105,10439654
1649,2014-06-16,45.4472541809082,45.86103506538852,44.70589267057852,45.86103506538852,11540459
1650,2014-06-17,46.03343963623047,46.481708055617226,45.18863417128022,45.18863417128022,16756330
1651,2014-06-18,46.1886100769043,47.067898441847866,45.343799940455376,46.20584919115162,13262126
1652,2014-06-19,45.240360260009766,46.55067337654904,45.067950393258975,46.20585364304745,4904553
1653,2014-06-20,45.619659423828125,45.98171824563168,45.05070784231542,45.48173247632756,9100975
1654,2014-06-23,45.3093147277832,46.03343224521617,45.08517821561836,45.516202774526455,9955400
1655,2014-06-24,45.65414047241211,46.05068218418595,45.48173062582205,45.8437894328946,10866416
1656,2014-06-25,45.65414047241211,45.94723347008207,45.309320779232,45.51620885360694,14393130
1657,2014-06-26,45.70586395263672,46.033439865483544,45.37828336287333,45.87827380474028,19577916
1658,2014-06-27,47.085147857666016,47.378245573298635,45.343805357094006,45.861034969298494,21315448
1659,2014-06-30,47.9989013671875,48.34372098028083,47.34374503769325,47.516154844239914,33365772
1660,2014-07-01,48.27477264404297,48.843728952925474,47.74030392123961,48.27477264404297,17681327
1661,2014-07-02,48.72303771972656,49.22302817550122,48.48166204930086,48.48166204930086,15633096
1662,2014-07-03,48.44717788696289,48.96440744425609,47.981675026932265,48.87820251804056,10773481
1663,2014-07-04,49.7230110168457,50.44713330842674,48.11960037779108,48.41269805258774,11771805
1664,2014-07-07,50.36092758178711,50.671264365538555,49.67128820593221,50.17127862419355,13259170
1665,2014-07-08,47.498931884765625,50.481626587406986,46.89549729725834,50.343699617074506,14948074
1666,2014-07-09,46.96445846557617,48.06788347269478,46.136892048695664,47.58513210900732,8629784
1667,2014-07-10,47.42996597290039,48.18856657197319,44.826574207916956,47.24031231544451,17933570
1668,2014-07-11,45.75758361816406,47.87822375452476,45.0679442452392,47.34375511127452,11319671
1669,2014-07-14,46.1886100769043,47.136864252670165,45.430004865525,45.757585451556174,7915363
1670,2014-07-15,46.6024055480957,46.86102037857698,45.89552220529636,46.36102983554617,9737615
1671,2014-07-16,46.981693267822266,47.30927385211759,45.96447796354082,46.67135647459939,6411041
1672,2014-07-17,47.82649230957031,48.06786791328154,46.79203345409144,46.91272125594705,8924449
1673,2014-07-18,47.2747917175293,47.636855212955155,46.86101087879247,47.53340649558353,5148178
1674,2014-07-21,47.20583724975586,47.58513523627049,47.03342737337022,47.27479839415979,4656631
1675,2014-07-22,46.80929183959961,47.516175154743145,46.42999384460057,47.240316540205185,6944595
1676,2014-07-23,46.99894714355469,47.65410377580716,46.619644458487215,47.05066917403719,7269605
1677,2014-07-24,46.429988861083984,47.06790160797664,46.2058522992927,46.964457561701295,5942240
1678,2014-07-25,46.48170471191406,46.75755858329554,45.5506897113982,46.378256002458855,8230977
1679,2014-07-28,45.93000030517578,46.75756674061354,45.58518056733362,46.55067396252485,5386124
1680,2014-07-30,46.447235107421875,46.87825982793802,45.861039616752905,45.861039616752905,8577572
1681,2014-07-31,45.89551544189453,46.42998881894357,45.654144441832194,46.27481807275457,19081582
1682,2014-08-01,44.75761413574219,45.86103449078169,44.56796047376249,45.86103449078169,10682255
1683,2014-08-04,45.671382904052734,46.44722727006835,44.25762112392982,45.17139244185375,23311942
1684,2014-08-05,45.671382904052734,46.223095388602744,45.17139244185375,45.861031878312076,16126934
1685,2014-08-06,46.22309494018555,46.51619263322031,45.29207983923203,45.464489696674036,9867110
1686,2014-08-07,46.378257751464844,47.016175114622236,46.154125887900456,46.46446267413702,11406313
1687,2014-08-08,45.48173904418945,46.257583497448344,44.98174852576682,46.11965185311294,5755079
1688,2014-08-11,45.49897384643555,46.13689127178022,44.82657351327716,46.13689127178022,7165189
1689,2014-08-12,45.602420806884766,45.826557383537434,45.2058790339808,45.55069878031766,4457748
1690,2014-08-13,45.619659423828125,46.292055046737104,45.1196689776074,45.51621070551525,7838517
1691,2014-08-14,45.93000030517578,46.205854224682696,45.70586841096178,46.03344435576162,4598772
1692,2014-08-18,46.48170471191406,46.65411455075654,45.63689463081944,45.723099550240676,5649943
1693,2014-08-19,47.085147857666016,47.55065544403347,45.99896660742001,46.58515736176819,7522151
1694,2014-08-20,47.2747917175293,47.44720156956545,46.998937825038084,47.13686477128369,11632976
1695,2014-08-21,47.050662994384766,47.27479488164968,46.757565290922855,47.13686792617257,5097954
1696,2014-08-22,46.2575798034668,47.205834059503125,46.17137487109986,47.0679024261825,3969492
1697,2014-08-25,45.671382904052734,46.37826145565582,45.516212160082915,46.274817410953766,7109144
1698,2014-08-26,45.171390533447266,45.861029940769626,44.964502452783805,45.49897112269201,7855848
1699,2014-08-27,44.65415573120117,45.585170692460984,44.085204222393955,45.06794119774242,14179712
1700,2014-08-28,44.550724029541016,44.930026699331854,43.94728945207473,44.671411880417736,24486863
1701,2014-09-01,45.65414047241211,45.79206741430087,43.861076197108986,44.13693008088651,7250215
1702,2014-09-02,45.688629150390625,45.94724397942773,45.25760443532878,45.44725811610648,8985537
1703,2014-09-03,45.77483367919922,46.03344850589619,45.30933073267862,45.912765328304886,8220774
1704,2014-09-04,46.71860122680664,46.840487166957224,45.464877458371205,46.00467289584324,8542895
1705,2014-09-05,46.82307052612305,47.188737749014706,46.318097005436144,46.89272367502067,5566453
1706,2014-09-08,46.35293960571289,47.258407236792,45.882792496928545,47.014625854894945,6820385
1707,2014-09-09,46.683773040771484,47.014613718191846,46.492229226290355,46.52705580378954,6490318
1708,2014-09-10,47.415103912353516,47.57181639817002,46.5792850938871,46.5792850938871,5594235
1709,2014-09-11,48.00715255737305,48.12904323554259,47.11910067440689,47.55442115106275,6309287
1710,2014-09-12,47.06686019897461,48.024565187328335,46.892732019273936,47.815610426981685,7528757
1711,2014-09-15,47.62407302856445,47.8156168862277,46.61413039457671,46.683783565277864,3929071
1712,2014-09-16,47.345455169677734,47.98973026731785,46.84048164688534,47.449930169931434,6434969
1713,2014-09-17,47.415103912353516,47.57181639817002,46.59670074132977,47.5369898268126,5122756
1714,2014-09-18,47.55441665649414,48.024563671552784,47.06685871342663,47.293224395187,16935401
1715,2014-09-19,47.65888595581055,48.45987829520575,47.27580307379793,47.27580307379793,17128011
1716,2014-09-22,47.71113967895508,47.850446027799265,47.1713441095391,47.64149122806305,7010679
1717,2014-09-23,47.53700256347656,48.19869342597167,47.275810293606135,47.8852589233038,10349414
1718,2014-09-24,47.31064224243164,47.85044249553021,47.13651404276044,47.39770634226725,6457902
1719,2014-09-25,47.362876892089844,47.728548923393404,47.10168460838563,47.362876892089844,16106351
1720,2014-09-26,47.71113967895508,47.850446027799265,47.03204248422498,47.380298909275304,5236288
1721,2014-09-29,48.59918975830078,48.790728876502186,47.53700497287371,47.711133161612956,8073293
1722,2014-09-30,47.1016845703125,48.42506164079514,46.701190680328985,48.39023505829017,12952693
1723,2014-10-01,47.345455169677734,48.05937869297753,46.91013479607338,47.36286609521056,7924373
1724,2014-10-07,47.798187255859375,47.97231540816831,46.997199644649655,47.345455949267524,8847590
1725,2014-10-08,48.02457046508789,48.33800027828829,47.64148748294087,47.71113592835779,4593053
1726,2014-10-09,48.076805114746094,48.372823979832525,47.81561283205738,48.11163169714381,9248781
1727,2014-10-10,47.380306243896484,48.007166016614924,47.258415531553794,47.88527530427223,11619666
1728,2014-10-13,46.96236801147461,47.484752412138825,46.85789302075293,46.9623680114746,10406480
1729,2014-10-14,47.380306243896484,47.589261075979564,46.788268340249566,47.06687635753727,14165351
1730,2014-10-15,47.380306243896484,47.380306243896484,47.380306243896484,47.380306243896484,0
1731,2014-10-16,46.64895248413086,47.41511839388492,46.143978854038956,47.362876159128994,11263977
1732,2014-10-17,46.70118713378906,47.188745081244576,46.492232378156956,46.99720597730711,5532569
1733,2014-10-20,47.0494499206543,47.53700793479694,46.49223873726425,46.49223873726425,7878465
1734,2014-10-21,48.73849105834961,49.051920851405015,47.06686234636788,47.27581239271854,6706899
1735,2014-10-22,48.68626022338867,49.27829330845346,48.39024131909125,49.1041650969291,11612786
1736,2014-10-27,49.46982955932617,50.636489341637116,48.80814340210676,49.06933567918253,11023074
1737,2014-10-28,49.626548767089844,49.765850375637285,48.68625464321802,49.36535175621034,7011349
1738,2014-10-29,49.64397048950195,50.14894424423908,48.75591368532946,49.93998942422611,13392055
1739,2014-10-30,50.30563735961914,50.566829602729996,49.31310589109216,49.45240747604554,15543181
1740,2014-10-31,50.77579116821289,50.96733028283318,50.09668935541486,50.305644122701125,12145111
1741,2014-11-03,50.4449348449707,52.23845854739725,50.34045984562841,51.01956151193829,13632949
1742,2014-11-05,49.609127044677734,50.810613308910774,49.469825453172334,50.39270381086565,5298871
1743,2014-11-07,50.46236038208008,50.6713151452381,49.48723972851909,49.48723972851909,4488647
1744,2014-11-10,51.5767822265625,52.02951837185676,49.71361430169839,50.49719118642692,10354057
1745,2014-11-11,51.420066833496094,52.551900048699245,51.1588745530646,51.890213882978664,8362310
1746,2014-11-12,49.78325653076172,51.40264761231305,49.46982676070808,51.176281929692585,6309241
1747,2014-11-13,50.37530517578125,50.6190818395196,49.80068301839719,50.13152378851282,10971261
1748,2014-11-14,50.183746337890625,50.81061055093239,49.80066816292633,50.09668225748444,6123081
1749,2014-11-17,51.10663604736328,51.21111106809148,50.04445129348991,50.28823263989476,4923950
1750,2014-11-18,51.66385269165039,52.168826413450965,50.84545384556909,51.17629462577445,6475424
1751,2014-11-19,51.07180404663086,52.23846369743626,50.58424612908601,51.80314328471251,5431984
1752,2014-11-20,50.89767074584961,51.193689541338536,50.2359847299809,50.915081671190244,3590544
1753,2014-11-21,51.03697967529297,51.1936969200601,50.65389675082921,50.65389675082921,5424821
1754,2014-11-24,49.609127044677734,50.67131171740537,49.173806619017775,50.42753038962423,6633290
1755,2014-11-25,48.442474365234375,49.104160563228604,47.31064109482622,49.104160563228604,55543705
1756,2014-11-26,48.45988464355469,48.93002694028915,48.07680171135738,48.23351423575917,5741991
1757,2014-11-27,49.01709747314453,49.55689772424588,48.52953946057502,48.52953946057502,4482174
1758,2014-11-28,49.69619369506836,50.00962347301662,48.56436052992859,49.06933413917185,4619433
1759,2014-12-01,48.18128204345703,49.76585145520543,47.98974291799045,49.43500599463994,2477146
1760,2014-12-02,48.076805114746094,48.47729900349624,47.972325367552955,48.05938946178253,2350906
1761,2014-12-03,47.78078079223633,48.425055960653246,47.67630578050553,48.0593839725377,8617759
1762,2014-12-04,47.53700256347656,47.95491208468093,47.25839936502645,47.745957324078745,4516507
1763,2014-12-05,47.62407302856445,48.12904670732323,47.36288072372988,47.4673604797816,5700055
1764,2014-12-08,47.31064224243164,48.163872310232435,47.171340627400625,47.624072057133866,3081176
1765,2014-12-09,46.9971923828125,47.65887831463943,46.87530175032466,47.15390958508653,4817465
1766,2014-12-10,47.798187255859375,47.989731057516266,46.770833991353726,46.875308993327714,3714413
1767,2014-12-11,47.345455169677734,48.05937869297753,46.92754572160621,48.02455684191187,3222482
1768,2014-12-12,46.94496154785156,47.48475692374697,46.509641172604184,47.39769284869749,4812683
1769,2014-12-15,46.82307052612305,47.08426274919661,46.30068607997591,46.579289228509715,2791969
1770,2014-12-16,46.335514068603516,46.96237353370075,46.022084336054895,46.50964222263369,4811157
1771,2014-12-17,45.621585845947266,46.78824542375436,45.1340279589091,46.17879688407453,6760384
1772,2014-12-18,45.83055877685547,46.44000755857207,45.11663495054245,45.987276067280455,5750448
1773,2014-12-19,47.2932243347168,47.415115001210076,45.447462856389,46.1962177833353,4845177
1774,2014-12-22,47.65888595581055,47.79818753376192,46.92754676715527,47.328045298617106,3767407
1775,2014-12-23,48.42505645751953,48.66883306190229,47.519589026956176,47.641479690912014,6644017
1776,2014-12-24,47.46735382080078,48.390232223710555,46.70118794468938,48.390232223710555,8715919
1777,2014-12-26,47.7459602355957,48.66883870070857,47.5370054622516,48.23351822437896,2310253
1778,2014-12-29,47.71113967895508,48.49471663531831,47.606664640852,48.0593961040054,1421574
1779,2014-12-30,47.93749237060547,48.233506443384826,47.79818607338186,48.05937829538364,2146065
1780,2014-12-31,48.059391021728516,48.808146035229996,47.86785189761811,48.16387077231293,3960548
1781,2015-01-01,47.7459602355957,48.129043199471646,47.67631179350065,48.05939003384712,778837
1782,2015-01-02,48.32057571411133,48.52953045889084,47.7633693594044,47.7633693594044,3612848
1783,2015-01-05,48.372825622558594,48.7907304549348,47.41512055350994,48.23351928823694,7291352
1784,2015-01-06,47.2932243347168,48.16386520462735,46.718602305281635,48.07680111763629,8288963
1785,2015-01-07,47.97233200073242,48.23352431953644,46.49224219417629,47.014626831784334,3256180
1786,2015-01-08,48.18128204345703,48.37282589245322,47.44994267830621,48.059391362010295,2436600
1787,2015-01-09,48.21611404418945,48.581781406081866,47.69372939946879,48.163876524423415,2079643
1788,2015-01-12,47.53700256347656,48.47729662442178,47.18874620364932,47.92008550399236,3660975
1789,2015-01-13,47.31064224243164,47.98974411056123,47.10168745812025,47.55442361138322,2850708
1790,2015-01-14,47.380306243896484,47.67632519571995,46.94498564519457,47.2932421241561,3939014
1791,2015-01-15,49.78325653076172,50.04444879306126,47.53700118557407,47.53700118557407,6425406
1792,2015-01-16,51.31560516357422,51.8728165028165,49.034527000354615,49.731039993524696,8222495
1793,2015-01-19,51.48970413208008,51.85537607967247,50.28822273620659,51.24592755721351,5082702
1794,2015-01-20,51.33300018310547,52.23846765487224,51.12404542446251,51.89021129831034,6145107
1795,2015-01-21,51.15886306762695,51.559356863003046,50.86284427155651,51.2981646412106,2865190
1796,2015-01-22,51.66385269165039,52.72603765596499,51.071819584347544,51.2285321464879,7016755
1797,2015-01-23,52.081748962402344,52.23846620792597,51.2633456024449,51.82055670221565,4549463
1798,2015-01-27,52.2210578918457,52.586729941589674,51.263352803301,51.62902485304496,6048058
1799,2015-01-28,52.04692459106445,52.83050140486731,51.89021206242141,52.395180952754615,5448999
1800,2015-01-29,51.82056427001953,52.22105818275425,51.40265470327828,52.18623632180056,6923717
1801,2015-01-30,51.541954040527344,52.41259491670877,50.84544133958221,51.716082215763635,3094145
1802,2015-02-02,51.48970413208008,51.78572293055153,50.84543375858902,51.28075413177398,2427202
1803,2015-02-03,51.26334762573242,52.029513508597745,51.01957100738741,51.855385328267374,1320013
1804,2015-02-04,50.93251037597656,51.9772795289076,50.81061969676204,51.36783085636449,1740828
1805,2015-02-05,50.02703857421875,51.158871726896066,49.69619314787066,50.932506041066425,2453418
1806,2015-02-06,49.957393646240234,50.4971939190486,49.313118339226335,49.59172630299094,2422833
1807,2015-02-09,49.2608757019043,49.957388453624816,48.75590206749516,49.80067591860534,2511094
1808,2015-02-10,50.53200912475586,50.915092072261785,48.75590071252239,48.82555387517048,3982617
1809,2015-02-11,50.75838088989258,51.83797187491018,50.49718860831811,50.84544498375073,5670681
1810,2015-02-12,52.32553482055664,52.93498348037325,50.86285614758503,51.82056118443969,7776840
1811,2015-02-13,52.760860443115234,53.17876530224503,52.0121101040857,52.84792454587518,8270115
1812,2015-02-16,53.19618606567383,53.770808254368,52.93499373231008,52.93499373231008,3789682
1813,2015-02-18,53.8927001953125,53.979764308438064,52.67380261155467,52.969821540887665,4034642
1814,2015-02-19,53.7359733581543,53.99716565114025,52.6389666723192,53.91010155347826,2708022
1815,2015-02-20,53.37030029296875,53.9100957509613,53.03945486805132,53.59666597781953,4586215
1816,2015-02-23,54.29317855834961,54.85038966682674,53.10910790504136,53.283236081219904,5857600
1817,2015-02-24,54.589202880859375,54.920043614682676,54.17129332667994,54.293184006943065,3786009
1818,2015-02-25,53.823028564453125,54.93745071984,53.14393154899169,54.88521321457817,3842514
1819,2015-02-26,53.19618606567383,54.4847320761501,52.517084109515956,53.66633321043464,7368101
1820,2015-02-27,54.711082458496094,54.85038404044398,52.969800875325994,53.26581496564203,4870174
1821,2015-03-02,54.571773529052734,55.372765852914135,54.119042228608556,54.93744547805306,3288237
1822,2015-03-03,54.17129135131836,54.46731021444032,53.68373337157423,54.39765705010713,3773373
1823,2015-03-04,53.788204193115234,54.798151379411884,53.3180619029422,54.38024187311472,4927543
1824,2015-03-05,54.0319709777832,54.38022723142101,52.795663166780095,53.631477230805274,2511965
1825,2015-03-09,52.55927658081055,53.99350698479392,52.36687709981768,53.626201472696486,2904210
1826,2015-03-10,51.94709777832031,52.59425094648653,51.31743331282248,52.559268796520705,4007085
1827,2015-03-11,51.737220764160156,52.47182709311532,51.579803427730454,52.26193889275241,3350372
1828,2015-03-12,52.349403381347656,53.31138682782308,51.78970297265392,51.78970297265392,4034334
1829,2015-03-13,51.28245544433594,52.61174404161411,51.07257201627625,52.559273184599185,3743353
1830,2015-03-16,51.334930419921875,51.667249006716524,50.91515407966303,50.91515407966303,1546607
1831,2015-03-17,51.64977264404297,52.122019953516,51.09007230483901,51.45737313185664,4288235
1832,2015-03-18,51.299949645996094,51.859649866505045,51.03759061244154,51.59729083295049,3493449
1833,2015-03-19,51.10755920410156,52.20947113541592,50.72276968260867,51.299958709478354,2641643
1834,2015-03-20,51.84215545654297,52.419349115367716,50.58283116989808,51.07257181915901,3763675
1835,2015-03-23,52.19198226928711,53.13647693779537,51.96460532898128,52.29692875724957,4249360
1836,2015-03-24,51.75471878051758,52.76917780731978,51.59730616040169,52.12202438338314,5170910
1837,2015-03-25,51.247493743896484,51.96460674703735,51.142547253070155,51.68475892742894,6008163
1838,2015-03-26,50.75773620605469,52.296912940273856,50.390435470851536,51.387400709497804,11848617
1839,2015-03-27,50.63532257080078,51.05509430090852,50.09311089554412,50.757753026687894,3479176
1840,2015-03-30,50.7227668762207,50.932650332829716,50.233026158452745,50.74025558272809,4359504
1841,2015-03-31,50.81021499633789,51.2299866136905,50.5478559562564,50.897668009698386,4797950
1842,2015-04-01,51.22999954223633,51.36992344999879,50.75775220198606,50.75775220198606,2808077
1843,2015-04-06,51.75471878051758,52.27943700349902,51.020112319417365,51.21251184795578,5315447
1844,2015-04-07,51.75471878051758,51.84217181768115,51.072587937420245,51.492359669026854,2457023
1845,2015-04-08,51.52732467651367,52.40185475696984,51.42238296471067,51.614777684559286,4009038
1846,2015-04-09,52.82163619995117,53.03152438847738,51.56231181342374,51.614782674397844,2422269
1847,2015-04-10,53.41630172729492,53.53873687149942,52.57675390859496,52.9965301902593,2200148
1848,2015-04-13,53.99349594116211,54.4657383328499,52.73417182586084,53.45128450886205,2208671
1849,2015-04-15,53.0140266418457,54.57069210723856,52.82163191899015,54.20338662092874,2330815
1850,2015-04-16,52.71669387817383,53.25890546988322,51.59729802573895,52.87411121810272,2492100
1851,2015-04-17,52.50681686401367,53.03153506868917,52.15699998293258,52.716700350179266,3666806
1852,2015-04-20,52.40185546875,53.38133201894285,51.99957257520178,52.54177933459772,2278982
1853,2015-04-21,52.06953811645508,53.17144995506497,51.807179058620335,52.471825800838985,2312891
1854,2015-04-22,51.43988037109375,52.3144105995034,51.28246303212796,52.12201584710533,4849646
1855,2015-04-23,51.299949645996094,52.10451545104492,51.03759061244154,51.77219685532019,3515131
1856,2015-04-24,51.020103454589844,51.75470978805099,50.39044359426892,51.072579063475004,2613457
1857,2015-04-27,50.70528793334961,51.68476490451244,50.54787529585248,51.10757099979531,2052351
1858,2015-04-28,50.53036117553711,51.24747871297784,50.19804258030024,50.47789031782913,3429520
1859,2015-04-29,50.04063034057617,50.652801480093416,49.84823559457989,50.49538414636556,2061972
1860,2015-04-30,49.74327850341797,50.652790665440826,49.11361879220237,49.708296353988445,4099911
1861,2015-05-04,50.42542266845703,50.5828352515964,49.32351086333241,50.02313974092779,3652050
1862,2015-05-05,50.07561492919922,51.29995726768906,49.51591462553496,50.04063277060203,7999174
1863,2015-05-06,49.1835823059082,49.93568197298868,48.99118758550071,49.93568197298868,6031578
1864,2015-05-07,49.078636169433594,49.34099517068127,48.291559165690565,48.97368972215716,5448071
1865,2015-05-08,48.973697662353516,49.74328608863973,48.86875594269162,49.32350972073276,2987105
1866,2015-05-11,50.023136138916016,50.145566557665305,48.903735708923755,49.236054301375276,3927933
1867,2015-05-12,48.72883224487305,50.04062746854953,48.48396190526822,49.98815660852841,4551824
1868,2015-05-13,49.271026611328125,49.498403443819136,48.2915549892306,48.79877950099847,4097879
1869,2015-05-14,48.7638053894043,49.253541233493024,48.36151779943931,49.253541233493024,3467677
1870,2015-05-15,48.9912109375,49.568400118473036,48.72885178754575,49.04368181856453,6305129
1871,2015-05-18,48.9912109375,49.306040968518786,48.53645223080032,48.79881138075458,14967798
1872,2015-05-19,48.536434173583984,50.337970128742064,48.309057277141946,48.973699260830145,6595326
1873,2015-05-20,49.2535514831543,49.463439672764004,48.6413803644934,48.658869070031784,5168468
1874,2015-05-21,48.798797607421875,49.306027052021896,48.518949824309615,49.148609708627326,2628801
1875,2015-05-22,49.30601501464844,49.65582703045218,48.06418425639677,48.72882613749807,5380668
1876,2015-05-25,50.058128356933594,50.16307484714764,49.34101535797652,49.58588101254755,5557091
1877,2015-05-26,50.04063034057617,50.233025086572454,49.51591222098996,50.16306551740562,2220470
1878,2015-05-27,50.093109130859375,50.23303303596604,49.603373090670694,50.04063825952322,1137269
1879,2015-05-28,50.093109130859375,50.460414719473945,49.16610792181817,50.460414719473945,3848527
1880,2015-05-29,50.26801300048828,50.53037209032844,49.4109714091582,49.848241303522336,3473570
1881,2015-06-01,50.058128356933594,51.38741735389544,49.76079182957097,51.299964317699164,15815832
1882,2015-06-02,49.84823226928711,49.98815614291668,49.445944608736305,49.84823226928712,4635659
1883,2015-06-03,50.093109130859375,50.28550865193293,49.23606750205612,49.72580828687555,6029264
1884,2015-06-04,50.495384216308594,50.775236727253535,49.81325350667967,50.02314170373088,8566490
1885,2015-06-05,50.68778991699219,51.17752594035619,50.023147832096015,50.372959955160376,8696044
1886,2015-06-08,51.12504196166992,51.31743668217048,50.35545359040896,50.880171640460695,4215142
1887,2015-06-09,51.54481506347656,51.82466754513877,50.827702271936786,51.07257260031254,2699663
1888,2015-06-10,51.474853515625,51.84215424938861,51.14253018916892,51.61477737874307,2875048
1889,2015-06-11,51.072574615478516,51.54481709727577,50.6702869537554,51.28245805421965,2113307
1890,2015-06-12,50.862693786621094,51.0550885481631,49.760786595380615,50.897675946346105,2614529
1891,2015-06-15,49.39347839355469,50.72276717959962,49.20108364230232,50.72276717959962,3574132
1892,2015-06-16,50.407928466796875,50.60032794727171,49.14860409730881,49.253550562466835,2705206
1893,2015-06-17,49.60336685180664,50.495385786219806,49.131119579916664,50.26800887594097,3030212
1894,2015-06-18,49.655845642089844,49.918204752278164,49.27105133155413,49.428468695519484,4549773
1895,2015-06-19,48.973697662353516,49.813250398167455,48.51894388431238,49.655833074044914,9119658
1896,2015-06-22,49.42845916748047,49.743289090092325,49.11362924486862,49.271041833859556,1849073
1897,2015-06-23,48.7638053894043,49.60335322850338,48.67635239065171,49.32350078571779,4200054
1898,2015-06-24,48.92123794555664,49.16610834004934,48.6413901329628,48.6413901329628,3101425
1899,2015-06-25,49.42845916748047,49.63834736409837,48.571417674886554,49.043664931119324,11124905
1900,2015-06-26,48.65886306762695,49.41095797170831,48.588903509473596,49.14859895321742,4184617
1901,2015-06-29,48.798797607421875,49.0436679761178,48.16913772310416,48.20411988215076,3452315
1902,2015-06-30,48.65886306762695,49.11362154645536,48.15163847865546,48.79878692856291,2588831
1903,2015-07-01,49.79576110839844,50.058120174100296,48.41400620914672,48.67636527484858,1988394
1904,2015-07-02,49.4984245300293,50.02314745530402,49.18359457056889,50.00565400250422,2965570
1905,2015-07-03,49.4984245300293,50.00565400250422,49.148612409599835,49.148612409599835,3051297
1906,2015-07-06,48.973697662353516,49.74328608863973,48.86875594269162,49.14860369154314,2083899
1907,2015-07-07,48.483970642089844,49.49842484894524,48.36153545022458,49.3235187876036,3234495
1908,2015-07-08,48.27408218383789,48.69385862686034,47.71438658598202,48.30906434486152,2440394
1909,2015-07-09,47.924259185791016,48.46647069701851,47.889281777336535,48.30905338045549,2478234
1910,2015-07-10,48.50145721435547,48.67636325088411,47.871792636074424,47.959245654338744,2901055
1911,2015-07-13,48.973697662353516,49.11362628140897,47.94175493691256,48.41400216465048,1612390
1912,2015-07-14,49.04366683959961,49.3060259094239,48.55393085818697,49.008684681363675,2264950
1913,2015-07-15,48.88623046875,49.21855372567481,48.79877747952013,48.99117690260283,1504877
1914,2015-07-16,48.83378601074219,49.02618553778508,48.658879937774586,48.86876817426189,1827243
1915,2015-07-17,49.39347839355469,49.58587314480706,48.79879594392536,48.85127155302157,1696436
1916,2015-07-20,49.04366683959961,49.58587368605108,48.99119597456079,49.58587368605108,1668294
1917,2015-07-21,48.973697662353516,49.28853231059859,48.85126723762453,49.026173266814155,1315889
1918,2015-07-22,49.95316696166992,50.11058426275356,48.55391893294066,48.868748790478946,1890132
1919,2015-07-23,49.76077651977539,50.12807726094072,49.23605371940727,50.05811295565713,1225377
1920,2015-07-24,49.6908073425293,50.005637196178974,49.39346619117113,49.743278194032754,1692284
1921,2015-07-27,49.11363220214844,50.00565116069817,48.99119701802998,49.44595085089253,1296310
1922,2015-07-28,49.44595718383789,49.56839238363762,48.78131505659332,49.32352198403816,1547151
1923,2015-07-29,48.973697662353516,49.428456185024345,48.79879163316389,49.218568001070864,1900932
1924,2015-07-30,49.81324768066406,50.11058886299126,48.93871758242492,49.04365929636184,2942993
1925,2015-07-31,49.67331314086914,49.970654287709486,49.113617740497745,49.970654287709486,1956499
1926,2015-08-03,49.1835823059082,49.988152829042605,49.07864059380036,49.340999618699314,1508372
1927,2015-08-04,49.32351303100586,49.848235898420405,48.9562122429087,49.14860699007768,1001510
1928,2015-08-05,49.236053466796875,49.480923789403704,49.008676592735895,49.32350647563797,1107859
1929,2015-08-06,49.34101104736328,49.638352293379945,49.04366980134661,49.07865196169512,1295185
1930,2015-08-07,48.83378601074219,49.77828070261959,48.74633297425839,49.166109447232984,2213871
1931,2015-08-10,48.29158020019531,49.49842928482805,48.06420324900054,49.008693218109066,2570753
1932,2015-08-11,48.256591796875,49.25355725589765,47.43453239225526,48.973704722074764,3873211
1933,2015-08-12,47.57444763183594,48.23909431335497,47.46950591613794,47.92425967700194,1472522
1934,2015-08-13,48.20411682128906,48.483964586631565,44.07633144239233,47.50449266330284,2470225
1935,2015-08-14,48.396514892578125,48.64138526255221,48.16913797453379,48.204120133762984,1304682
1936,2015-08-17,48.30906295776367,48.78131025644666,47.90677997911906,48.44898685321001,813782
1937,2015-08-18,48.06418991088867,48.51894368708122,47.80183086817074,48.309055503980936,1461999
1938,2015-08-19,47.73187255859375,48.4140080532534,47.609437374343266,48.09917336671493,2417706
1939,2015-08-20,47.609432220458984,47.906773422984735,46.99726111010646,47.2596201574004,2256015
1940,2015-08-21,46.664939880371094,47.29459966071821,46.542504716239854,47.22463535417765,4024183
1941,2015-08-24,45.86037063598633,46.35010656178902,44.67101060342848,45.772917622641934,7651174
1942,2015-08-25,44.98585891723633,46.752413356699456,43.77900494121331,45.825407240080715,12357515
1943,2015-08-26,45.807899475097656,46.455052718508306,44.775952026580974,44.98584020615059,2616303
1944,2015-08-27,47.17216873168945,48.431493150074935,45.56303223845411,46.332620700975774,5402025
1945,2015-08-28,47.277122497558594,48.099177204625754,46.76989301288976,47.43453510875776,2205183
1946,2015-08-31,45.702964782714844,47.38206098810955,45.51056527827294,47.049737590656484,2305711
1947,2015-09-01,45.16075897216797,45.86038327168741,44.77596465850609,45.2482120096079,3973158
1948,2015-09-02,43.79648208618164,45.47557810650493,43.28925269221429,45.23071250688226,4507483
1949,2015-09-03,44.49610900878906,44.7934502327027,43.761502674599505,43.866444403213684,3114461
1950,2015-09-04,43.23678207397461,44.39116000135005,42.83449914441225,44.39116000135005,3868544
1951,2015-09-07,43.24032211303711,44.159572610904874,42.621588438771155,43.417101792697174,3112256
1952,2015-09-08,44.5661735534668,45.078831791414515,42.81605265573543,43.13425514747128,2951677
1953,2015-09-09,44.54848861694336,46.13950572501593,44.05350647574526,45.750594268296084,3201416
1954,2015-09-10,43.61155700683594,44.10653914494437,42.674625674799316,44.10653914494437,3984541
1955,2015-09-11,43.94743728637695,44.47777628257398,43.523164171237205,43.84136660986435,1783681
1956,2015-09-14,45.09651565551758,45.23793846181188,43.66459715371458,44.12422726849163,2400945
1957,2015-09-15,45.379364013671875,46.01577387368531,44.548498382670765,45.07883753495359,3189547
1958,2015-09-16,46.35164260864258,46.49306539343744,45.25560763443485,45.43238731429236,2668351
1959,2015-09-18,47.20018768310547,47.695174660512066,46.49306891018871,46.669848603417904,2710372
1960,2015-09-21,48.27853775024414,48.43763656741941,46.563774084320485,46.95269029650758,3040868
1961,2015-09-22,46.3162841796875,48.43764026772306,45.69755532067713,48.33157438150351,2618545
1962,2015-09-23,45.18488693237305,46.66983298115359,44.47776839615722,46.333954553723764,5775906
1963,2015-09-24,44.33634948730469,45.98040424055901,44.03582788724827,45.2556047225063,9733917
1964,2015-09-28,44.83134841918945,45.60917629185395,44.08887265333861,44.70760165897153,2407051
1965,2015-09-29,45.379364013671875,46.13951583951924,44.336361762666286,44.49546542653383,2414852
1966,2015-09-30,46.79359436035156,46.91734110209196,45.37935684436068,45.397037690584156,3047665
1967,2015-10-01,46.15717697143555,47.34160153133766,46.05110630901546,47.023394339532096,2020545
1968,2015-10-05,46.84663391113281,47.43001080507069,46.298618714626116,46.31629476788505,1811432
1969,2015-10-06,46.75823974609375,47.553748387675284,46.56378399633408,46.970376342940064,1868486
1970,2015-10-07,46.86431121826172,47.09412387054389,46.56378476737442,46.881987270184844,1403044
1971,2015-10-08,46.82894515991211,47.02340087485908,46.52841876780332,46.98804877792716,1318938
1972,2015-10-09,46.86431121826172,47.200189772995266,46.63449856597954,47.02341007193878,1421375
1973,2015-10-12,47.12947463989258,47.27089742325218,46.59913560570232,46.8466242777177,1574616
1974,2015-10-13,47.04108810424805,47.27090074277759,46.82895151658385,47.02340725792669,715400
1975,2015-10-14,47.023399353027344,47.200179013787185,46.740553813993685,46.98804725723954,1722301
1976,2015-10-15,47.748207092285156,47.88962988624571,47.09412127532957,47.20018717193597,2959602
1977,2015-10-16,47.73051834106445,48.08407766513967,47.2355362464502,47.87194590705873,3651488
1978,2015-10-19,47.30625534057617,47.85427043623696,46.97037202681261,47.73052369982639,1640198
1979,2015-10-20,48.048728942871094,48.4729972842785,47.20018266914512,47.37696234359543,3296804
1980,2015-10-21,48.048728942871094,48.50835417825968,47.69516959397046,48.08408104139669,3504240
1981,2015-10-23,48.20783615112305,48.6321093617247,47.907309693234915,48.260869103584156,2367650
1982,2015-10-26,47.99568176269531,48.384597929071425,47.81890212302022,48.26085122220794,1788557
1983,2015-10-27,47.341617584228516,48.172478346585144,47.182513934375876,47.92498964126099,1680870
1984,2015-10-28,46.33396911621094,47.359290356885275,46.12183252958204,47.07644477168408,4725765
1985,2015-10-29,45.308650970458984,46.17486863146685,44.619208215684935,46.17486863146685,6657486
1986,2015-10-30,45.5207633972168,46.616798040187696,45.34398377078453,45.432373584000665,3034065
1987,2015-11-02,45.591487884521484,45.75059150389746,44.95507820247297,45.520774099142066,1507300
1988,2015-11-03,46.546104431152344,46.72288411593729,46.03344142709366,46.12183126948614,2879807
1989,2015-11-04,46.387001037597656,47.34161325857696,46.10415545865499,47.09411978041021,10212719
1990,2015-11-05,46.29861068725586,46.84662578874631,46.10415495329623,46.599137108748224,9402139
1991,2015-11-06,46.4223518371582,46.84662014985283,45.62684335596862,46.81126805371972,4219805
1992,2015-11-09,45.98040771484375,46.28093413306339,44.77830204196517,45.60916750570568,5260832
1993,2015-11-10,45.3616828918457,45.94505493508524,45.149546295543274,45.67988538857125,1531108
1994,2015-11-13,46.03343963623047,46.45771278139096,45.07882745734721,45.2556071352548,1386876
1995,2015-11-16,45.60915756225586,46.21021026765705,45.45005876055888,45.78593720555565,1462412
1996,2015-11-17,46.227901458740234,46.599141708566364,45.679886303155016,45.69756235509403,1602664
1997,2015-11-18,46.28092956542969,46.52841821830706,45.874332500960946,46.192539733233055,1327429
1998,2015-11-19,46.6168098449707,46.91733624509876,46.121827724706804,46.56377690270234,2523368
1999,2015-11-20,46.28092956542969,46.91733443906329,46.10414990103643,46.669840990730606,2168468
2000,2015-11-23,46.45771789550781,46.59914069431073,46.139510603881,46.139510603881,2177227
2001,2015-11-24,46.6168098449707,46.88197935176802,46.298607395905016,46.31628344484264,1241516
2002,2015-11-26,47.30625534057617,47.536067967935345,46.45771382661995,46.493065926632305,4171542
2003,2015-11-27,47.20018768310547,47.376967376334655,46.84662829664709,47.2532254274391,1605635
2004,2015-11-30,48.154788970947266,48.402282403250396,47.129467942964986,47.21785776943682,2006989
2005,2015-12-01,48.08407974243164,48.791198421130474,47.85426713094561,48.119436635457674,2520479
2006,2015-12-02,47.87195587158203,48.278548219809466,47.58910547617354,48.08408767381809,1390936
2007,2015-12-03,47.30625534057617,48.08408306359613,47.129475658691305,47.73052369982639,1173194
2008,2015-12-04,46.227901458740234,47.27090361409363,46.12183555619352,47.27090361409363,1376556
2009,2015-12-07,46.36931610107422,46.61680473635679,45.8566531925986,46.31627836916263,1525844
2010,2015-12-08,46.03343963623047,46.386998992045655,45.73291322469643,46.31628520270035,1469647
2011,2015-12-09,46.01577377319336,46.563788977839465,45.626857436610614,45.856670109673274,2198948
2012,2015-12-10,46.227901458740234,46.31629130934794,45.69756235509403,45.962731906917135,1086874
2013,2015-12-11,45.25560760498047,46.31628568343521,45.043471030198376,46.31628568343521,1514970
2014,2015-12-14,45.308650970458984,45.75060022468432,44.813663969361556,45.00812451849449,1552518
2015,2015-12-15,45.78594970703125,45.89202039924569,44.990441094975125,45.30864837616241,1842404
2016,2015-12-16,47.14714431762695,47.41231379888469,45.85665380126363,45.962719675584715,2623492
2017,2015-12-17,47.57142639160156,47.78356297576929,46.58145726397077,47.129477172692084,1092627
2018,2015-12-18,47.87195587158203,48.2608673726523,47.04109032796998,47.37696887848124,28017527
2019,2015-12-21,49.30386734008789,49.462970980206094,47.871953760848115,47.871953760848115,6238035
2020,2015-12-22,48.96797180175781,49.71044727812517,48.77351610827212,49.339211937668914,9652753
2021,2015-12-23,49.51599884033203,49.67509766864576,49.07404965814578,49.07404965814578,3720080
2022,2015-12-24,49.533668518066406,49.79883799327018,49.26849904286263,49.49831162894826,2224191
2023,2015-12-28,50.258480072021484,50.47061666239548,49.37458160834325,49.65742719853785,5761043
2024,2015-12-29,49.83420181274414,50.41757378022999,49.63974608873406,50.27615099954488,8576492
2025,2015-12-30,49.85187911987305,50.08169653917254,49.58670960110197,49.58670960110197,8189382
2026,2015-12-31,49.904903411865234,50.205424949124826,49.35688367680924,49.85186568603879,7159928
2027,2016-01-01,49.85187911987305,50.152405533571404,49.763489280282684,49.993306699582185,3229824
2028,2016-01-04,49.83420181274414,51.03630264175102,49.46296641401376,49.675098187313644,6809859
2029,2016-01-05,49.19779586791992,50.18776010736478,48.86191257482855,49.86955765864718,4259054
2030,2016-01-06,49.3215446472168,49.48064829138734,48.791205560589866,49.00334215433187,5320149
2031,2016-01-07,48.82655715942383,50.117047837728705,48.61442058870596,49.32153929412843,6787347
2032,2016-01-08,50.081695556640625,50.20543749327492,49.10940734022161,49.498318790424726,10345830
2033,2016-01-11,50.64738464355469,51.44289307691369,49.144752807310496,49.67509176288316,8283638
2034,2016-01-12,50.470603942871094,51.88484112834238,50.22311051723167,50.73577341514696,6611338
2035,2016-01-13,50.523643493652344,51.05398250764511,49.5336744569259,50.6120333293178,7462021
2036,2016-01-14,50.5059700012207,51.08934683789723,49.99331175700849,49.99331175700849,10278564
2037,2016-01-15,49.180118560791016,50.647393772028224,48.89727298502201,50.25847750875398,7430643
2038,2016-01-18,48.84423065185547,49.86955166128629,48.57906117723776,49.49831151954855,7411237
2039,2016-01-19,48.0663948059082,49.427598969800485,47.659802599928575,48.95029299084416,7282040
2040,2016-01-20,47.606781005859375,49.604390420470395,46.157186678241,47.58910016067708,15997901
2041,2016-01-21,46.74055099487305,48.5613804317864,46.66983721665207,47.65980613447107,10416175
2042,2016-01-22,47.05875778198242,48.01336989946094,46.70519844890969,47.09411467438077,8099084
2043,2016-01-25,47.023399353027344,47.53606228741296,46.40467054036791,47.37695867454702,8893503
2044,2016-01-27,48.879581451416016,49.233140741546265,47.164822730648154,47.306245487609296,14527719
2045,2016-01-28,50.80649185180664,51.08934221880988,49.67509997470519,49.851879655786306,22594616
2046,2016-01-29,52.27375793457031,52.46821844499546,51.08933800537285,51.19540388709176,11216960
2047,2016-02-01,51.88484573364258,52.468217665338614,51.672709177901666,52.29143800146374,12278379
2048,2016-02-02,51.70806884765625,53.15766312839719,51.26611966422642,51.79645868434222,18267134
2049,2016-02-03,50.925960540771484,51.974694408036115,50.286050471857635,51.13925907524469,12098041
2050,2016-02-04,52.187984466552734,52.43683912247048,50.783742148701535,51.49474994066059,8726120
2051,2016-02-05,51.636962890625,52.401295414135134,51.31700548009578,52.27686806802165,6170693
2052,2016-02-08,50.64155197143555,51.921367224580635,50.35715072488384,51.5658632554754,3820374
2053,2016-02-09,50.463802337646484,51.72584437985869,50.12607162253148,50.41047770416291,7297377
2054,2016-02-10,50.961517333984375,51.38812413241488,50.12608183312686,50.12608183312686,8119293
2055,2016-02-11,48.59740447998047,51.13925691202415,47.673093189646984,50.78375294049829,7247688
2056,2016-02-12,49.183990478515625,50.05497723328873,48.45520918545942,49.059563110429224,16065640
2057,2016-02-15,49.30841827392578,50.00165302939233,49.09511490133364,49.45061891504329,8464543
2058,2016-02-16,49.52170944213867,49.96608934976053,48.98845355299245,49.45060672818694,6766384
2059,2016-02-17,49.62837219238281,49.71724819808546,48.82848814105908,49.71724819808546,7804863
2060,2016-02-18,49.71725082397461,50.392707538623505,49.41507142425922,49.80612683437136,8779283
2061,2016-02-19,50.126075744628906,50.48157975952937,49.43284580867208,49.69947381984743,6323086
2062,2016-02-22,49.646141052246094,50.30381951464932,49.18398301545644,50.12606753630661,2293985
2063,2016-02-23,48.73960494995117,49.87721958396558,48.59740432615717,49.77056549974668,3873885
2064,2016-02-24,49.66391372680664,50.12606693623271,48.93513255305838,49.05955507894397,11387961
2065,2016-02-25,46.8376579284668,49.859441688776755,46.5888080413047,49.80611705737282,19051305
2066,2016-02-26,47.51312255859375,48.31300654946018,46.926537107826476,47.459793101737425,12511003
2067,2016-02-29,46.23331069946289,47.76197606868945,45.93113131573246,47.76197606868945,11485783
2068,2016-03-01,47.548667907714844,47.76197126429369,46.30440395314152,46.57103194340723,14281573
2069,2016-03-02,48.13525390625,49.13066315280796,47.655322553797184,47.99304845231474,13550709
2070,2016-03-03,48.224124908447266,48.668504851382394,47.6553176171241,48.52629941217837,7057560
2071,2016-03-04,49.2906494140625,49.468401436828216,48.15303453962905,48.49076531161679,29228314
2072,2016-03-08,48.952919006347656,49.66392710270133,48.38411156489827,49.59282436433306,20131612
2073,2016-03-09,49.68168258666992,49.84166127979823,48.56184620026338,48.66850026962575,7284193
2074,2016-03-10,49.646141052246094,50.090520998102875,49.095107026285085,49.80611493965593,3713460
2075,2016-03-11,49.130672454833984,49.91278331223091,48.93514715140095,49.64615526836819,4685588
2076,2016-03-14,49.27286911010742,49.41506975757963,48.95291644783696,49.27286911010742,4423191
2077,2016-03-15,49.39728546142578,49.77056268046947,49.11288422994782,49.11288422994782,11655129
2078,2016-03-16,49.32619094848633,49.770570960241486,48.88181093673116,49.557272412064385,6170234
2079,2016-03-17,49.05955505371094,49.85943894626608,48.66850456370429,49.503934994019346,7509036
2080,2016-03-18,48.65073013305664,49.45061408578819,48.526302776043245,49.23731073402684,9195901
2081,2016-03-21,49.05955505371094,49.21953376095434,48.437423137279154,48.54407721605174,4674151
2082,2016-03-22,49.130672454833984,49.53950115772367,48.881817685162495,49.059569714404304,6628643
2083,2016-03-23,48.86404037475586,49.46839915299037,48.686288360196535,48.81071573475447,11545428
2084,2016-03-28,49.45060729980469,49.770559872624744,48.52629611690066,49.024005476654814,8691695
2085,2016-03-29,49.11288833618164,50.126070821676436,48.89958498382383,49.77056684169052,11478000
2086,2016-03-30,49.68168258666992,49.894985903564155,49.18397806180374,49.37950811138617,5797932
2087,2016-03-31,49.45060729980469,49.9305385699501,49.237303977314426,49.237303977314426,15715729
2088,2016-04-01,49.16621780395508,49.77057173626617,49.09511507223293,49.69947382637582,3935188
2089,2016-04-04,49.27286911010742,49.8061251545022,49.16621982996127,49.3261937501805,5649881
2090,2016-04-05,49.43284225463867,50.054974235985554,49.308414894003,49.69947024664448,7744995
2091,2016-04-06,49.66391372680664,50.23272101506016,49.53948637909009,49.717238355304886,10418272
2092,2016-04-07,49.8416748046875,50.090529545564344,49.6283714299119,50.001653541227164,12408704
2093,2016-04-08,50.09052658081055,50.179402579887345,49.85944512574564,49.85944512574564,4133630
2094,2016-04-11,50.57045364379883,50.819303526972995,49.96609497268943,50.001646333666066,12360599
2095,2016-04-12,50.89042282104492,51.636982357341736,50.481589269426465,50.481589269426465,8901453
2096,2016-04-13,51.54808807373047,51.67251060083728,51.1570327578535,51.31700664491839,10239725
2097,2016-04-18,51.885807037353516,52.17021305735799,50.74819742282669,51.54808121725055,7347390
2098,2016-04-20,52.61461639404297,53.29007315713752,51.601428838484885,51.7969541466485,7716065
2099,2016-04-21,51.9569091796875,53.16562149145632,51.583627186606485,52.73901487702954,6315086
2100,2016-04-22,51.921363830566406,52.36574376289956,51.299231925299985,52.01023981703304,4320738
2101,2016-04-25,51.12147521972656,51.93913229079151,50.67709532853248,51.93913229079151,3605005
2102,2016-04-26,51.60141372680664,51.992469050444285,50.85485444019497,51.352559023992384,8964411
2103,2016-04-27,51.3170166015625,51.9036021001041,51.06816667723546,51.654747353945126,3177289
2104,2016-04-28,50.42825698852539,51.708072453912465,50.250504974494746,51.26369241883584,9408511
2105,2016-04-29,50.979286193847656,51.139260097901634,49.94832075473052,50.57045756548992,4383214
2106,2016-05-02,50.78375244140625,51.19258586210803,50.3393724813662,50.83708189407599,3383764
2107,2016-05-03,51.61919021606445,52.18799755666951,50.83708434183497,50.83708434183497,4572397
2108,2016-05-04,50.74821472167969,51.58364533428085,50.48158187748595,51.47699605406896,4435593
2109,2016-05-05,50.925960540771484,51.299237797931006,50.51712709875788,50.83708454413051,2770226
2110,2016-05-06,50.64155197143555,50.96150457926403,49.94831730294787,50.89040667854169,3714029
2111,2016-05-09,51.01483917236328,51.24591581119879,50.35715579888401,50.65933516743737,5027038
2112,2016-05-10,50.42825698852539,51.10371849930744,50.1260776003069,50.890415118104265,7758595
2113,2016-05-11,50.28604507446289,50.552673035767604,49.592810446338284,50.05496847236499,4574270
2114,2016-05-12,51.15703582763672,51.31700972430118,50.197173160324816,50.44602787313347,4877581
2115,2016-05-13,51.459224700927734,51.61919862721318,50.62378923532977,50.94374190973285,6719824
2116,2016-05-16,51.35257339477539,51.86805621407567,50.83709539730755,51.5303254260055,4500368
2117,2016-05-17,51.512550354003906,51.90360577343014,50.694888145779565,51.90360577343014,4754541
2118,2016-05-18,50.854862213134766,51.51254560952692,50.73043484270947,51.19259295831317,2573082
2119,2016-05-19,51.33478546142578,51.761387321459814,50.94373014002128,50.94373014002128,6035130
2120,2016-05-20,51.47698974609375,51.60141710564834,51.08593439684994,51.405887020110725,3055890
2121,2016-05-23,52.66793441772461,52.93456243451467,51.548097711572765,51.76139626753929,10093334
2122,2016-05-24,52.152442932128906,53.058980930662614,51.97469095067105,52.970104939933684,3545037
2123,2016-05-25,53.218963623046875,53.32561772266034,52.276878929870016,52.61460967923148,7201959
2124,2016-05-26,53.53892135620117,53.823322646200616,52.82790848753872,53.325617977785626,11348343
2125,2016-05-27,53.627777099609375,54.178806198972254,52.898991233869666,53.82330230987876,7635493
2126,2016-05-30,53.9477424621582,54.37434433740211,53.09453388983914,53.716665843672175,6049447
2127,2016-05-31,53.32560729980469,54.16104255190843,53.16562859256937,54.036615204262176,4297008
2128,2016-06-01,52.9345703125,53.5389291692339,52.75681827485269,53.5389291692339,5018958
2129,2016-06-02,53.39670944213867,53.538914891800125,52.65015011874137,52.93455619623295,3951078
2130,2016-06-03,53.467811584472656,53.62779030268326,53.05898297572823,53.53891430852877,3453446
2131,2016-06-06,53.058990478515625,53.57446842440391,52.810135730961306,53.396716410959954,2395810
2132,2016-06-07,53.290069580078125,53.66334689672815,53.0589929163504,53.112317558467225,3771426
2133,2016-06-08,54.23215103149414,54.35657840341972,53.076762961301576,53.32561770515273,3804592
2134,2016-06-09,54.32102584838867,54.907606506824564,54.16105193526895,54.28547448264037,4520638
2135,2016-06-10,54.88982391357422,55.15645187866059,54.338794714461436,54.356567983401476,8988984
2136,2016-06-13,53.96552658081055,54.65876139746103,53.8055526536212,54.65876139746103,7199310
2137,2016-06-14,53.52113342285156,54.17881670963071,53.4322574333363,53.94774010125723,2914984
2138,2016-06-15,54.88982391357422,55.01425126164739,53.734436064866614,53.734436064866614,5287666
2139,2016-06-16,54.960933685302734,55.565287590614204,53.98329768787412,54.889830956757116,5385026
2140,2016-06-17,55.8319091796875,56.15186177774495,54.35656871732244,55.10312799401049,8985642
2141,2016-06-20,55.68971633911133,55.991895710195095,55.192011692413665,55.81414370624367,5237563
2142,2016-06-21,55.45863342285156,55.92078665209708,55.12090272482749,55.65415867634055,5276594
2143,2016-06-22,55.31644821166992,55.707498827597156,54.96094414494881,55.47642214859493,4797461
2144,2016-06-23,55.68971633911133,56.116323077327436,54.33880303781315,55.280887694389385,5027803
2145,2016-06-24,55.38753128051758,55.511958634873004,53.538913522348444,54.552095983366826,6010853
2146,2016-06-27,54.74761962890625,55.814131417803935,54.39211569927369,54.409888967023065,5121198
2147,2016-06-28,55.26311492919922,55.45864504549724,54.623209582009004,54.94316225560411,5842035
2148,2016-06-29,56.61403274536133,57.00508815310516,55.298665870722665,55.38754188058117,9838712
2149,2016-06-30,57.98271560668945,58.24934359646641,56.63179756538736,56.88065228457842,18696297
2150,2016-07-01,58.711509704589844,59.15588978484612,57.947176930915546,58.30268099512057,9960809
2151,2016-07-04,58.800376892089844,59.475833548296805,58.5337488839688,59.26253499926536,5753019
2152,2016-07-05,57.325050354003906,58.942592073597545,57.16507158093072,58.764840024330866,5510329
2153,2016-07-07,58.071590423583984,58.35599167816935,56.951749031804695,57.23615510822138,5911690
2154,2016-07-08,58.46265411376953,58.80038004908969,57.44946666414505,58.12492335661737,7803900
2155,2016-07-11,59.226966857910156,60.8445077202803,58.9958902806902,59.04921490284397,11133401
2156,2016-07-12,59.226966857910156,60.08017527786178,59.03143681423913,59.36916745759703,9182267
2157,2016-07-13,57.53832244873047,59.88464918587729,57.12948910055442,59.315841973564375,11106820
2158,2016-07-14,58.675926208496094,58.87145622985486,57.55608998373164,57.78716653458306,7428442
2159,2016-07-15,58.39152908325195,59.155861491355864,57.982700569320116,59.031434164029605,6629943
2160,2016-07-18,58.01826095581055,58.94257226574593,57.80496242583657,58.51597038396667,3891623
2161,2016-07-19,59.1558723449707,59.369175684975765,57.94715984738337,58.05380910647038,5987973
2162,2016-07-20,59.8491096496582,60.435690244321755,59.33362695692982,59.36917831881303,7071425
2163,2016-07-21,57.7694091796875,59.84910835376472,57.520554473724665,59.831330262292425,4189305
2164,2016-07-22,59.13810348510742,59.74245736804657,57.89383953444097,58.12491616091275,7206087
2165,2016-07-25,60.06241989135742,60.2934965373677,59.067005753558945,59.20920639557821,3967394
2166,2016-07-26,60.933387756347656,61.50219501481154,59.44027412743947,60.169055263019935,8278821
2167,2016-07-27,61.30669021606445,61.75107028145903,60.98673753334683,61.502215516105146,8851677
2168,2016-07-28,62.639827728271484,63.58191246217528,61.20003348498567,61.46666151279799,31420184
2169,2016-07-29,62.568729400634766,63.10198549383196,62.10657604859684,62.959784833345864,12377513
2170,2016-08-01,62.995330810546875,63.95518880302362,62.444296668320725,62.568724043780314,11965659
2171,2016-08-02,63.59968185424805,64.06183996735302,62.586499267854414,63.101977197069594,6487056
2172,2016-08-03,62.53315734863281,63.670771899946274,61.75105156370679,63.63522054112445,10713465
2173,2016-08-04,63.3508186340332,63.759647201517666,62.69313537929867,62.853114081363834,9047354
2174,2016-08-05,62.74647521972656,64.41734607505926,62.58650130070447,63.63523528706693,8816394
2175,2016-08-08,63.45748519897461,63.99074125555846,62.39097308580691,62.92422914239076,9540514
2176,2016-08-09,62.60428237915039,63.866319903398434,62.39097897202652,63.45749118581333,6314021
2177,2016-08-10,61.99991226196289,62.74647164030716,61.71551098537064,62.60427100201104,3789657
2178,2016-08-11,61.875484466552734,62.764244407775955,61.306677139803625,61.89325773664469,5017074
2179,2016-08-12,63.29750061035156,63.63522649618663,61.92880933135868,61.92880933135868,4369997
2180,2016-08-16,63.10197067260742,65.09279391731079,62.657590699317886,63.56412873792732,22372774
2181,2016-08-17,62.08880615234375,63.56415206250146,61.946605473077476,63.261972605414954,11599079
2182,2016-08-18,64.70172882080078,65.12833545956802,62.65758125188305,62.92420919565493,20664320
2183,2016-08-19,64.3284683227539,65.05724962946455,63.74188765859268,65.05724962946455,16563739
2184,2016-08-22,64.68399810791016,64.98617760735041,64.25739118848465,64.50624602845515,11335483
2185,2016-08-23,64.75507354736328,65.1994535916004,63.990740835641844,64.50622361568973,7423678
2186,2016-08-24,64.80840301513672,65.05725294682946,64.38179624390335,64.80840301513672,5319170
2187,2016-08-25,64.79061126708984,65.76824715847195,64.16847933621031,64.87948725721549,12995397
2188,2016-08-26,64.275146484375,65.19945311212523,64.0618431003434,64.93282508754373,7097916
2189,2016-08-29,64.0796127319336,64.47066811013119,63.137528062979214,64.41734347261146,2956326
2190,2016-08-30,65.16389465332031,65.3416466372121,63.88407940493323,64.31068127317482,5212793
2191,2016-08-31,65.30610656738281,65.5905078620497,64.64842314890464,65.09280318546665,6435761
2192,2016-09-01,65.51939392089844,65.76824378739634,64.7906079461248,65.2349878739755,6116318
2193,2016-09-02,65.34165954589844,65.76826149841813,64.80840348887475,65.60828757441028,3858397
2194,2016-09-06,66.33706665039062,66.72812204317385,65.34165730678966,65.67938323823229,9001076
2195,2016-09-07,65.67937469482422,66.47925864890267,65.3771953478061,66.15930603163756,5024999
2196,2016-09-08,66.81202697753906,67.26006888005777,65.10946288640221,65.91593831093587,5980354
2197,2016-09-09,65.88011169433594,66.90164840358716,65.73673436831933,66.66866267959355,5051740
2198,2016-09-12,64.60765075683594,65.7367152710263,64.42843401294651,65.44997042542933,4144478
2199,2016-09-14,64.21338653564453,64.89441419578341,63.98040569160213,64.50013630348363,6680869
2200,2016-09-15,62.65419006347656,64.66141367048475,62.38536495237026,64.66141367048475,8920122
2201,2016-09-16,63.102256774902344,64.69728347889935,62.06279537986927,63.19186518057298,21690721
2202,2016-09-19,63.586116790771484,63.8728665089662,62.45705223314139,62.976782755043025,4266806
2203,2016-09-20,63.83702850341797,64.30299015694052,63.44275064036334,63.67573146712462,4769662
2204,2016-09-21,62.83341598510742,64.55389500294913,62.564590834721784,63.8370279352541,4957941
2205,2016-09-22,63.998321533203125,64.62558018375054,63.15600180158346,63.47859099240899,4676363
2206,2016-09-23,63.06640625,64.30299920993595,62.976797853124936,63.89080155662396,7599534
2207,2016-09-26,62.97679901123047,63.908727328182124,62.672129483939216,62.976799011230476,6333433
2208,2016-09-27,63.156009674072266,63.85495219772419,63.030556956011786,63.317301858807504,6069513
2209,2016-09-28,63.962486267089844,64.19546711225792,63.15601074503902,63.15601074503902,4515648
2210,2016-09-29,62.152381896972656,65.27075526072183,61.54304786994535,64.07000207529816,13380901
2211,2016-09-30,63.281471252441406,63.69366893101116,61.489303205123356,62.403306964628776,11831869
2212,2016-10-03,64.94816589355469,65.55749991877434,62.94093734707106,63.49650732029567,9403402
2213,2016-10-04,64.8764877319336,65.48582671716946,64.67935122224527,65.05570450858342,7967290
2214,2016-10-05,65.01985168457031,65.73671869749408,64.66141817810842,64.93024330795484,5347763
2215,2016-10-06,63.76535415649414,65.32454136470898,63.62198168182812,64.98403234507306,5654229
2216,2016-10-07,63.424835205078125,64.37468317026554,63.19185436253273,63.765344171393295,3980080
2217,2016-10-10,63.81910705566406,64.15961598975699,63.5144375850587,63.5144375850587,4458994
2218,2016-10-13,62.72587966918945,63.74741615859289,62.25991804461664,63.63988804878861,14897308
2219,2016-10-14,63.69366455078125,63.980409474005825,61.84773256130227,63.0126417119479,4958871
2220,2016-10-17,63.102256774902344,63.67574668194069,62.65421474654917,63.19186518057298,4534814
2221,2016-10-18,63.227699279785156,63.72951019814489,62.72589322299217,63.353152009375094,7289895
2222,2016-10-19,63.998321533203125,64.78687234838047,63.120157477810466,63.42482693753235,9020687
2223,2016-10-20,64.0341567993164,64.60765135740667,63.74741195105396,64.28506218772007,4037879
2224,2016-10-21,63.424835205078125,64.28507477993529,63.120165705642,64.28507477993529,10350237
2225,2016-10-24,63.120155334472656,63.926630714934284,62.779641562540434,63.29937208568636,2945373
2226,2016-10-25,63.9266471862793,64.1417083154615,62.9409548006304,63.28146866029945,3002870
2227,2016-10-26,62.90511703491211,63.90873412199828,62.65421640931602,63.80120111539944,3927291
2228,2016-10-27,62.90511703491211,63.389003410688716,62.25993844158814,62.761744554347594,7017500
2229,2016-10-28,63.048465728759766,63.442743547735816,61.668500654691776,63.01262626831549,4282450
2230,2016-11-01,63.406898498535156,64.35675114385475,62.42120639318232,62.81548420763653,5277438
2231,2016-11-02,62.76172637939453,63.26353234683771,62.5287455582494,63.06639585084549,4859666
2232,2016-11-03,62.707950592041016,62.97677568805153,62.47496981447823,62.779634367371514,4078615
2233,2016-11-04,62.20615005493164,63.03054514212676,61.38175010617115,62.72587570153191,4179894
2234,2016-11-07,62.36744689941406,62.58250798315728,62.206154732780966,62.474979872068545,7660803
2235,2016-11-08,63.442752838134766,63.65781394012066,62.33160786251276,62.45706057713505,3265787
2236,2016-11-09,64.58975982666016,64.9840378113325,59.84051399597408,60.933734676523876,13247214
2237,2016-11-10,67.54680633544922,68.10237628893665,64.9302389951366,66.31020887566716,18046820
2238,2016-11-11,65.62918853759766,67.56472843964382,65.05569397288183,66.66864470151454,8770575
2239,2016-11-15,66.29229736328125,66.88371171065464,65.43205787059578,65.43205787059578,11489252
2240,2016-11-16,67.56474304199219,68.28161018742766,65.71881111480916,66.8658004921325,10203154
2241,2016-11-17,69.14186096191406,70.39637858092837,66.02348665002317,67.36761267039564,9392264
2242,2016-11-18,68.80133056640625,70.00208382850438,68.60419407539621,69.44651381815554,12168642
2243,2016-11-21,66.32814025878906,69.4106694975789,66.05931511927075,69.4106694975789,12187225
2244,2016-11-22,65.8621826171875,66.91956358600912,64.78688191461627,66.63281867661668,11976002
2245,2016-11-23,65.10948181152344,67.22424409535411,64.37469482244138,66.02349047527242,13625626
2246,2016-11-24,66.32814025878906,66.99124324191406,64.62558104183974,65.21699537646688,18404432
2247,2016-11-25,67.6185073852539,68.17407744069381,66.31022104423182,66.70449891981795,14716858
2248,2016-11-28,68.28160858154297,69.82287582492073,67.00917137294748,67.02709110653534,10318399
2249,2016-11-29,67.90524291992188,68.65795424019093,67.56472915122036,68.33536506338004,12406804
2250,2016-11-30,68.78340911865234,69.07015398234168,67.24214210701665,68.38913128490528,7446808
2251,2016-12-01,66.059326171875,68.99848346699501,65.7725763914723,68.99848346699501,11056167
2252,2016-12-02,65.88011169433594,66.63282320965614,65.41414510791546,66.31022908768553,9676372
2253,2016-12-05,66.34606170654297,66.68657550336843,64.82271920986273,65.84425573877324,12282830
2254,2016-12-06,65.5575180053711,66.88372424881705,65.41414553997426,66.45360685262654,4550359
2255,2016-12-07,65.39620971679688,66.48942996576777,65.23491269442681,66.20268510551607,4265108
2256,2016-12-08,66.543212890625,66.65074102046646,65.0736342339144,65.93387385734583,5413273
2257,2016-12-09,66.11306762695312,66.66863754029046,65.86216226260181,66.66863754029046,3451184
2258,2016-12-12,66.22061920166016,66.47152465498435,65.73673289114441,66.04140240973334,3689403
2259,2016-12-13,66.39981842041016,66.86578487303858,65.3962065958595,66.48942679265808,4417447
2260,2016-12-14,65.21699523925781,66.4535928230667,65.03777847995599,66.31021552637264,7312670
2261,2016-12-15,65.71881866455078,66.5790583655839,64.69728189263836,64.87649869958555,5253972
2262,2016-12-16,65.88011169433594,66.75827107757057,65.12740017901572,65.79050329635892,26025533
2263,2016-12-19,65.98762512207031,66.31021431058583,65.53958323203052,66.00554485304563,3627943
2264,2016-12-20,65.21699523925781,66.11307903576693,65.14530659091078,65.951782007769,5757036
2265,2016-12-21,65.68296813964844,65.84426519532406,65.14531776948515,65.25285076045775,5279390
2266,2016-12-22,65.14531707763672,65.75465610197718,64.91233622535354,65.59335904801455,2653684
2267,2016-12-23,65.34245300292969,65.48582544916016,64.15961938300448,65.09154757585176,4805945
2268,2016-12-26,64.08793640136719,65.36037356241206,63.89079503143615,65.36037356241206,5932940
2269,2016-12-27,64.89440155029297,65.12738234893612,63.28145082828822,64.05208186759963,4555998
2270,2016-12-28,64.51805114746094,65.59335175684032,64.19546193696031,64.89440927768331,3739977
2271,2016-12-29,64.53600311279297,65.03780930435389,64.15964482294626,64.23133350526983,14737238
2272,2016-12-30,65.77257537841797,66.34607006882364,64.60766626354285,64.6614303273007,4872601
2273,2017-01-02,65.82633972167969,66.38191468038058,65.44998641221014,65.77257565769354,1811713
2274,2017-01-03,67.40345764160156,67.56474984863364,66.13101541332473,66.27439274610919,7819727
2275,2017-01-04,66.93748474121094,67.6901962213083,66.68658415555615,67.40345130582668,7829503
2276,2017-01-05,68.40705108642578,68.55042351841848,66.70449191029414,67.04500569014672,6362320
2277,2017-01-06,67.67227172851562,69.12392566110766,67.47513035911416,68.51459154316552,6298387
2278,2017-01-09,66.86579895019531,67.81564692368036,66.3460683371131,67.81564692368036,2956484
2279,2017-01-10,66.86579895019531,67.49305768798665,66.32814860351704,66.88371868379139,4626997
2280,2017-01-11,68.03071594238281,68.60421068448117,66.63282585084534,67.1346319270938,21835704
2281,2017-01-12,70.9698715209961,71.59713031458587,68.10239788873318,68.10239788873318,26857806
2282,2017-01-13,70.6651840209961,71.6508761602524,70.27090619298046,71.6508761602524,23933005
2283,2017-01-16,71.4716796875,72.06309416655246,70.52183160155914,70.61144000328125,8473484
2284,2017-01-17,70.8802490234375,71.91970527374788,69.93039629282195,71.47166336744462,10193606
2285,2017-01-18,71.13115692138672,71.56127914049284,70.62935090680715,70.96986473539667,21229809
2286,2017-01-19,72.33191680908203,73.01293966572874,70.7010459001465,71.29246035824582,8756982
2287,2017-01-20,71.4716796875,72.61866431260269,70.77273220944086,72.61866431260269,12987134
2288,2017-01-23,71.75841522216797,72.47528234197658,71.34621760059127,71.6329625038882,7334154
2289,2017-01-24,72.88745880126953,73.37134493896119,71.90176679772038,72.04514406930672,7122776
2290,2017-01-25,72.79786682128906,73.13838062559573,72.36774949442199,72.99500818330671,10336365
2291,2017-01-27,73.3176040649414,74.17784365851385,72.6007369267033,72.94125076199298,11095330
2292,2017-01-30,73.72981262207031,73.99863783874292,72.58282794787411,73.22800652326153,5832917
2293,2017-01-31,74.26744079589844,75.002232418178,73.28174863019824,73.65810673767771,7593736
2294,2017-02-01,73.7656478881836,74.76926482398807,73.38929457573602,74.76926482398807,7325455
2295,2017-02-02,73.1025619506836,73.83735387529165,72.85166130403044,73.80150953675043,7773806
2296,2017-02-03,72.29606628417969,73.76564486678002,72.08100517377562,72.83371662940665,4479429
2297,2017-02-06,72.08099365234375,73.19213849385396,71.59711230823619,72.49319607371771,6337200
2298,2017-02-07,71.65088653564453,72.9770877799267,71.39998110105712,72.2781452605468,6562928
2299,2017-02-08,72.08099365234375,72.65448823456505,71.07738177963067,72.04515419097694,9024346
2300,2017-02-09,72.45735931396484,73.69395212246694,71.97347305778312,72.54696769986641,12790725
2301,2017-02-10,71.65088653564453,73.76564355014463,71.41790569585123,73.55058244357917,16817238
2302,2017-02-13,72.77996063232422,73.10254990289494,71.50752328557482,72.2960742956847,9508762
2303,2017-02-14,71.99138641357422,73.10253127264536,71.72256127968114,73.08461154167875,9403263
2304,2017-02-15,72.20646667480469,72.61866435062879,71.59713245971551,72.18854693907765,7302351
2305,2017-02-16,72.4586181640625,72.9269044497412,71.72016070025249,72.04436415968215,6272531
2306,2017-02-17,72.9629135131836,73.21507062498813,71.8822485525679,72.76479355806492,4966775
2307,2017-02-20,74.36778259277344,74.70999514376831,72.69275275467163,73.44921926131029,9917513
2308,2017-02-21,74.25971221923828,74.85407696862148,73.68335659815017,74.36777676064656,7428835
2309,2017-02-22,72.6207046508789,75.25032578583605,72.36855241217503,75.16027036790915,26345564
2310,2017-02-23,71.7381591796875,72.7647918452705,71.52202521548811,72.7647918452705,13404307
2311,2017-02-27,69.43275451660156,72.0443619280495,69.12656508430236,72.0443619280495,14798634
2312,2017-02-28,69.21661376953125,70.18920936548824,69.00047978626775,69.12655835032305,10051421
2313,2017-03-01,69.39674377441406,70.1351964615445,69.10856342186472,69.70293326145126,10348326
2314,2017-03-02,68.35208129882812,69.88302838873621,68.08191502751836,69.88302838873621,10629352
2315,2017-03-03,68.74832153320312,68.89240922441464,67.72168879386504,68.08191046480337,8454072
2316,2017-03-06,69.82898712158203,70.67550903242838,68.83837751833651,69.10854377376711,14858083
2317,2017-03-07,70.08114624023438,70.58545562087981,69.72092455608488,70.08114624023438,11746802
2318,2017-03-08,70.45938110351562,71.17982451321801,69.93706256297314,70.35131654638809,7938282
2319,2017-03-09,70.04513549804688,70.53143583492522,69.34270602106274,70.53143583492522,9777769
2320,2017-03-10,69.36070251464844,70.4953998367105,68.46014830891357,70.2432475905963,16388459
2321,2017-03-14,69.75695037841797,71.57606799884945,69.37871466405554,71.48601257435642,11886293
2322,2017-03-15,69.50479888916016,69.90104376632469,69.34270204337912,69.88303463428898,7772586
2323,2017-03-16,70.27925872802734,70.4053372812172,69.43274176907852,69.93705109601918,5161993
2324,2017-03-17,69.88301849365234,70.96368342587468,69.55881510533065,70.89163714273236,9522200
2325,2017-03-20,69.73892974853516,70.04511913993878,69.43274524295056,69.88302232271498,9378518
2326,2017-03-21,69.61287689208984,70.08116324075493,69.4867982948891,69.88304322073981,8126819
2327,2017-03-22,69.19860076904297,70.45937665644783,68.96445765283163,69.00048079820705,8203222
2328,2017-03-23,69.54080963134766,69.70291133402583,69.01848626566819,69.52280050252519,5875356
2329,2017-03-24,69.79297637939453,70.29728580001415,69.61286552304327,69.82899464200905,6164329
2330,2017-03-27,70.18920135498047,70.63947839963252,69.75693832360568,69.88301687327198,7104197
2331,2017-03-28,70.85562896728516,70.96369841482506,70.1171763952848,70.1171763952848,6020578
2332,2017-03-29,70.90965270996094,71.12578669319643,70.5134127741516,71.07175441884235,6451066
2333,2017-03-30,70.40535736083984,71.23387031393756,69.97309419410293,71.07176857277362,13016042
2334,2017-03-31,71.0717544555664,72.008331792858,70.4773896657261,70.4773896657261,8522874
2335,2017-04-03,70.67549896240234,71.82821010899264,70.60345756937699,71.82821010899264,9945512
2336,2017-04-05,70.24324798583984,71.28788989320641,69.95506770689161,70.90965419317796,7061975
2337,2017-04-06,71.03572845458984,71.3058947014565,69.55881866122168,70.74755307892634,7466431
2338,2017-04-07,70.24324798583984,70.69352509124089,70.06313714367943,70.621478800049,9205565
2339,2017-04-10,70.35131072998047,70.47738929341855,70.00909818433698,70.26125531121315,5763232
2340,2017-04-11,71.7381591796875,72.62069927859173,70.06312950732512,70.36931399697059,10668096
2341,2017-04-12,71.17982482910156,72.58469339291142,70.60347400743755,72.04436083323672,6620702
2342,2017-04-13,72.04436492919922,72.42259578814736,70.89165344869656,71.25187517562615,5910355
2343,2017-04-17,72.87286376953125,73.17905317602528,71.68413417469473,72.02634184068985,11138596
2344,2017-04-18,72.89088439941406,73.59331874361773,72.63873211402763,72.94492156882974,7675098
2345,2017-04-19,76.0788345336914,76.90734731944609,72.74678403285034,73.07098256387644,29099215
2346,2017-04-20,75.25033569335938,76.51111171033091,74.00756880801667,76.36702399984098,11822555
2347,2017-04-21,74.06157684326172,75.80865258629072,73.41317991541213,75.43042185934816,7938078
2348,2017-04-24,73.79142761230469,74.54789412597395,73.52126134926704,74.38579729964293,7520828
2349,2017-04-25,75.14226531982422,75.61055156415034,73.77341996149819,74.2056879453526,6293621
2350,2017-04-26,74.09761810302734,75.10624176458933,73.57529958501823,75.10624176458933,5977354
2351,2017-04-27,74.8360824584961,75.70061361609275,73.89950500200811,74.20569444356647,13646716
2352,2017-04-28,74.92613983154297,75.17829211255959,74.18768234913303,74.56591809938786,5477289
2353,2017-05-02,74.20567321777344,75.23230581130763,73.66534078810474,75.23230581130763,5123042
2354,2017-05-03,76.02479553222656,77.0154050529279,74.31374272374242,74.52987668724101,10859280
2355,2017-05-04,75.88072204589844,76.63718861673694,75.28635719946094,76.00680062200813,12952295
2356,2017-05-05,75.2863540649414,76.3670191537691,74.76403065101357,76.3670191537691,4993008
2357,2017-05-08,75.64657592773438,75.8266867762688,74.45784139591552,75.32237737753631,6855459
2358,2017-05-09,75.05220031738281,76.18689752289424,74.83606635304284,75.66457418289086,4729357
2359,2017-05-10,75.82666778564453,75.98876457723705,75.28633537536635,75.5384875686719,4623710
2360,2017-05-11,74.99816131591797,76.18689564761877,74.27771804306364,76.00678482940519,4946190
2361,2017-05-12,74.29574584960938,75.50248953283976,74.06159783380652,74.92613383039037,5386419
2362,2017-05-15,74.45783996582031,75.28635278465727,74.33176628292325,75.25032963847838,5353854
2363,2017-05-16,74.70999145507812,74.90811141535482,74.29573751988748,74.47584835134593,4077710
2364,2017-05-17,75.21430969238281,75.53850825014749,74.25972315003477,74.7820465773031,3694898
2365,2017-05-18,75.01619720458984,75.43045123011734,74.60194317906236,74.92614176922213,5797418
2366,2017-05-19,74.11564636230469,76.27697691352773,73.52127655206212,75.53851937703435,17793954
2367,2017-05-22,72.94491577148438,74.81806573079096,71.75618119775517,74.56591346544451,7423973
2368,2017-05-23,72.54866027832031,73.30512673510495,71.08975963613163,73.10700189228433,6465473
2369,2017-05-24,72.00833129882812,73.44921799683144,71.5040219316908,72.90888548508019,6650433
2370,2017-05-25,71.66612243652344,72.38656582254744,70.4773928039116,72.29651039929443,9992276
2371,2017-05-26,72.83683776855469,73.44921655753369,71.43197424269475,72.04435303167375,6466364
2372,2017-05-29,75.32237243652344,75.91673722053388,73.16103751007064,73.17905152523407,14504778
2373,2017-05-30,73.52125549316406,75.25032237037323,72.78280305400797,75.25032237037323,10884114
2374,2017-05-31,74.90811157226562,75.39441179538589,73.82744658125122,73.82744658125122,7781359
2375,2017-06-01,74.80005645751953,75.53850900681499,74.33177019003747,74.76403330944716,6369921
2376,2017-06-02,74.24170684814453,75.05221054633866,73.95353144696129,74.96215512274146,6713770
2377,2017-06-05,73.95352172851562,74.69197903646142,73.55727693959578,74.47584507106707,5093948
2378,2017-06-06,73.28712463378906,74.07961436225509,72.87287063810807,74.04359121353941,5324457
2379,2017-06-07,73.86346435546875,74.09760744267098,72.83683171146969,73.44921044952349,7605903
2380,2017-06-08,74.69198608398438,74.81805976369282,73.34114989426695,73.84546415637766,7487370
2381,2017-06-09,74.6379623413086,75.10625354233916,74.38581005074148,74.71000864479642,6432439
2382,2017-06-12,74.2777328491211,74.89011170744247,73.84546973073506,74.34977914509523,3684911
2383,2017-06-13,75.73663330078125,76.78127527199669,74.20569104884599,74.36778788520621,15775215
2384,2017-06-14,75.82666778564453,76.72722180277484,75.46644617879241,76.00677858907059,13639132
2385,2017-06-15,75.77265930175781,76.45707959240701,75.41243758185615,75.64658072262827,5595511
2386,2017-06-16,75.6285629272461,76.18690949669428,74.78204583641931,75.64657694383318,6127735
2387,2017-06-19,76.51107788085938,76.70919778445659,75.6285331048697,75.64654711435337,6393073
2388,2017-06-20,75.03418731689453,77.4476743272818,74.06158690713994,76.45706478934683,12876594
2389,2017-06-21,74.09761810302734,74.92613091993391,73.75541042967365,74.92613091993391,13855413
2390,2017-06-22,72.87286376953125,75.17828155438285,72.04435585625964,74.15164878475899,33713902
2391,2017-06-23,74.20567321777344,74.56589483755256,72.9088744094049,73.12500835843606,9034020
2392,2017-06-27,74.11564636230469,74.45785410142283,72.5847038885217,74.20570180193899,6947747
2393,2017-06-28,74.78204345703125,75.26833883047786,73.2691104028303,74.20568777515378,7103873
2394,2017-06-29,74.92613983154297,75.82669416193075,74.52989494900835,74.92613983154297,7577681
2395,2017-06-30,75.84469604492188,76.02480689378432,74.85408637617847,74.89010952311486,7751039
2396,2017-07-03,76.16887664794922,76.60114453769107,75.46644743439161,75.64655824081433,8768284
2397,2017-07-04,75.89871215820312,76.72722481801297,75.55650454973643,76.72722481801297,4530105
2398,2017-07-05,75.66456604003906,76.16887531201387,75.46644611077626,76.16887531201387,6062229
2399,2017-07-06,75.59253692626953,76.00679086388631,75.28634753383314,76.00679086388631,5577232
2400,2017-07-07,75.44845581054688,75.79066839862422,74.99817866087655,75.53851124048093,7641379
2401,2017-07-10,76.13287353515625,76.36701665290398,75.64657328394524,75.64657328394524,2844699
2402,2017-07-11,76.3489990234375,76.85331326649384,75.9707682269643,76.54712387201508,13833624
2403,2017-07-12,77.08746337890625,77.44768507907273,76.34900596207325,76.34900596207325,9211263
2404,2017-07-13,77.48369598388672,78.16811612890126,77.24955289293683,78.15010700106617,9596900
2405,2017-07-14,77.51972198486328,77.897952769902,77.26756487095821,77.897952769902,4889330
2406,2017-07-17,78.06007385253906,78.33024016202775,77.53775036653289,77.53775036653289,6302565
2407,2017-07-18,77.59176635742188,79.24878701815126,77.35762324886448,78.15011287794087,7549621
2408,2017-07-19,78.76248168945312,79.06867106659328,77.8259044300086,78.3122046306643,8521832
2409,2017-07-20,78.78050994873047,79.2487962202209,78.40227421946236,78.88857450805297,10233967
2410,2017-07-21,77.55577850341797,79.05070302422094,76.90738115609285,79.05070302422094,4948380
2411,2017-07-24,78.07807159423828,78.2581824409533,76.81729566723315,76.81729566723315,6137724
2412,2017-07-25,78.1681137084961,78.74446929701628,77.91595661170021,78.34822452454499,6113154
2413,2017-07-26,78.27618408203125,78.51033206901363,77.6457961788426,78.47430892595334,5258903
2414,2017-07-27,78.04206085205078,78.92460609555744,77.7178622535982,78.42029662176229,21380991
2415,2017-07-28,77.32158660888672,78.09606208777699,76.38500945230905,77.84390989404108,8260545
2416,2017-07-31,80.43751525878906,80.76171866544183,77.32159883853181,77.32159883853181,17403810
2417,2017-08-01,80.83377075195312,81.26603876075072,79.48293933173524,80.61763674755433,15263765
2418,2017-08-02,79.8971939086914,81.41012706474565,79.50095393118073,80.9238267727411,12014487
2419,2017-08-03,80.31146240234375,80.88781330619067,78.97863994410213,79.60902802027744,5285543
2420,2017-08-04,80.90583801269531,81.1039580513355,79.82517259650324,80.83379169728748,7975937
2421,2017-08-07,81.39212799072266,81.50019256415703,80.32947184673009,81.04991536514666,4619568
2422,2017-08-08,80.2934341430664,81.62625636493445,79.77111561835984,81.59023321837758,3229672
2423,2017-08-09,79.93321228027344,81.12194679922217,79.53696744062387,80.18536941981937,4573769
2424,2017-08-10,78.31221008300781,79.89718446313167,77.57375760950826,79.89718446313167,6813656
2425,2017-08-11,78.85253143310547,79.42888700408913,76.36700322442051,76.54711403498925,8860877
2426,2017-08-14,80.2394027709961,80.67167076291429,78.8885714035261,78.97862682802409,4990789
2427,2017-08-16,79.50093841552734,80.92381097939543,79.12270275742159,80.58160334871164,5221989
2428,2017-08-17,79.05064392089844,79.82511930832864,78.79848687112224,79.42887460974505,2837686
2429,2017-08-18,80.31146240234375,80.61764698782983,78.78051993163228,78.88858450464852,7721084
2430,2017-08-21,79.35684967041016,81.0318843061593,79.08668342410468,80.6896717731781,5203218
2431,2017-08-22,79.06868743896484,80.09532032274706,78.5463639882873,79.95123261126284,6646897
2432,2017-08-23,79.15874481201172,79.53697567466746,78.40227820088033,79.1047125296066,5312780
2433,2017-08-24,79.59101867675781,80.04129587283808,78.90659343005959,79.06869517497658,5492256
2434,2017-08-28,78.20413970947266,79.5729800071872,78.04203801477175,79.5729800071872,9753985
2435,2017-08-29,77.55577850341797,78.72649946473706,77.01544575203992,78.27622217192202,12235532
2436,2017-08-30,77.663818359375,78.33022947569486,77.17751809147568,78.11409548042633,9313551
2437,2017-08-31,78.97862243652344,79.2487886949952,77.46568943475386,77.89795740263637,8143692
2438,2017-09-01,77.98802947998047,78.78051929509719,77.73587229721963,78.78051929509719,8803556
2439,2017-09-04,78.3842544555664,78.97861922285554,76.65518754021193,78.02403279226161,6239751
2440,2017-09-05,77.87995147705078,78.38426086978154,77.77188203772457,78.34823772333948,3937595
2441,2017-09-06,77.19551849365234,77.82590639184755,76.7272322950349,77.44767560725799,4800221
2442,2017-09-07,77.77188873291016,77.86194416385827,76.92536670483388,77.62780102055713,5008597
2443,2017-09-08,76.76326751708984,78.04205264318476,76.51111036380536,77.87995580391875,8588797
2444,2017-09-11,78.90420532226562,79.05059428213731,77.09262767277893,77.22071987411117,6205180
2445,2017-09-12,78.79442596435547,79.16040092066984,78.42845100804111,78.9042214295616,4307268
2446,2017-09-13,78.22716522216797,79.08720734528652,77.95268401035479,78.79442440770737,3679773
2447,2017-09-14,78.30035400390625,79.05060058547937,77.82458364157124,78.06246634081253,6793237
2448,2017-09-15,77.76969146728516,78.11736963179693,76.15940278903334,77.84288347402006,9054445
2449,2017-09-18,78.81272888183594,79.54467880552903,77.76969924780268,77.76969924780268,10470233
2450,2017-09-19,78.99569702148438,79.19698121567639,77.87947068283697,79.19698121567639,5530915
2451,2017-09-20,77.91609191894531,79.12381232837896,77.76970292006487,79.01401685632862,5687495
2452,2017-09-21,77.42201232910156,77.9160794647223,76.98284540265735,77.9160794647223,5113744
2453,2017-09-22,76.69007110595703,77.3488290154307,76.1594103897219,76.87305858683531,5195124
2454,2017-09-25,76.9096450805664,78.26375421341322,75.99470781887324,76.48877493295802,13057600
2455,2017-09-26,77.12923431396484,78.13566534485939,76.90964836899916,78.13566534485939,6570371
2456,2017-09-27,76.17770385742188,77.97098009969538,75.68363668764935,77.58670839201281,7885119
2457,2017-09-28,76.48878479003906,77.18413620576509,75.02488498267778,75.3908599345181,11633088
2458,2017-09-29,77.22073364257812,77.82459131212426,75.42745243188863,77.22073364257812,13782560
2459,2017-10-03,75.44575500488281,77.67820319856378,75.20787227952361,77.6416047106963,12296210
2460,2017-10-04,76.507080078125,77.09264098255885,75.04318029896682,75.04318029896682,12075908
2461,2017-10-05,75.00658416748047,76.63517470848493,74.71380618799458,76.48878571874198,17352392
2462,2017-10-06,74.93338012695312,75.33594854316657,74.4942082643629,75.02487385133841,13466622
2463,2017-10-09,73.54267883300781,74.96998006282024,73.06691341102123,74.96998006282024,21446056
2464,2017-10-10,74.93338012695312,75.39084874887952,73.56097426117393,73.57927102051009,14560236
2465,2017-10-11,74.23802947998047,75.42744798718219,73.70736881661743,75.17126851778877,11830976
2466,2017-10-12,74.03675079345703,74.73210221074483,73.74397281686836,74.31123200795376,5518551
2467,2017-10-13,75.26276397705078,75.79342961644986,73.26819860287105,74.0733454425415,11394674
2468,2017-10-16,75.29936981201172,76.34239946760766,75.07978383759364,75.64704305464156,11521216
2469,2017-10-17,74.98828125,75.72023110248765,74.64060308452731,75.11637346695586,4936452
2470,2017-10-18,78.15396881103516,78.41015326278479,75.39085991104231,75.4640519230758,18484486
2471,2017-10-19,77.0926513671875,77.95269359606397,76.69007788092047,77.89779833972155,559370
2472,2017-10-23,78.15396881103516,78.39185650073966,77.22073466967412,77.93438284722875,14162373
2473,2017-10-24,78.70291900634766,79.0139986597366,77.36711163293279,78.0624629403684,7050716
2474,2017-10-25,79.08719635009766,80.14852256211925,78.24545110591674,79.0505978675068,16306452
2475,2017-10-26,77.58671569824219,78.95912187470732,77.12924697275382,78.4650546584092,23524154
2476,2017-10-27,77.4952163696289,78.1539693013278,77.00114918892824,77.71480233481287,9985329
2477,2017-10-30,77.73309326171875,78.50164160024288,77.53180903765767,77.5684025592305,4118717
2478,2017-10-31,77.53180694580078,80.11192812281925,77.11093182054242,77.84288165389262,16442260
2479,2017-11-01,76.98284149169922,78.09906295737169,76.3606821726951,77.89777874679216,12417385
2480,2017-11-02,78.7578353881836,79.16040388411753,77.51351651905,77.58671349859429,16259892
2481,2017-11-03,76.87306213378906,80.6975026461475,76.70837637171181,80.6975026461475,26293141
2482,2017-11-06,77.1109390258789,78.0624748909173,76.671772063144,77.1292407517343,7985183
2483,2017-11-07,75.99471282958984,77.65989677012449,75.57384265423136,77.4403157839219,9702210
2484,2017-11-08,76.17770385742188,76.83645677454997,75.81172891149451,76.12280860830336,12777065
2485,2017-11-09,76.12279510498047,76.78154790525328,75.02487046195779,76.78154790525328,9492091
2486,2017-11-10,77.34880828857422,77.58669095720087,75.57382920691849,75.75681663876234,8999608
2487,2017-11-13,77.22073364257812,78.08077576046644,76.59857424737733,77.5501101019803,7885278
2488,2017-11-14,75.738525390625,77.23902353200849,75.42744572070303,77.22072677183468,4927717
2489,2017-11-15,75.75682067871094,75.95810487893253,74.80528498960919,75.6470252354384,8653007
2490,2017-11-16,76.23259735107422,76.43388654501076,75.07977729072047,75.79343040438614,18027175
2491,2017-11-17,76.34239196777344,76.83645415686121,76.03131228156256,76.59857144288326,9193722
2492,2017-11-20,76.41559600830078,76.96455849492742,75.26277577915553,76.96455849492742,8277194
2493,2017-11-21,75.61044311523438,76.4704802493195,75.31766018622743,76.4704802493195,15596732
2494,2017-11-22,75.77513122558594,76.17770466313453,75.06147808793828,76.17770466313453,8665005
2495,2017-11-23,76.507080078125,76.78156128671716,75.59214271615113,76.0862098843876,6824919
2496,2017-11-24,77.29391479492188,77.5318024480424,76.12279810781162,76.30578555553373,7734712
2497,2017-11-27,76.9096450805664,77.53180440405869,76.12280002828075,77.51350268051343,14811199
2498,2017-11-28,76.25088500976562,76.85474255247219,75.46403506821419,76.85474255247219,21546865
2499,2017-11-29,76.39729309082031,76.76326805242705,75.95812115135098,76.34239783934991,7324543
2500,2017-11-30,75.40914916992188,76.30578969797745,75.0797727389115,76.30578969797745,19256592
2501,2017-12-01,74.2746353149414,75.88492911665459,74.00015409381118,75.75683688735653,8172074
2502,2017-12-04,74.20143127441406,74.64059817873057,73.52437671259226,74.47591245105649,7124561
2503,2017-12-05,73.30480194091797,74.09164710767182,72.04218635055841,73.9269613549204,17485101
2504,2017-12-06,73.2864990234375,73.50608000866409,72.70093814717713,73.08520983517629,5557173
2505,2017-12-07,74.03675079345703,74.29293524586184,72.99372118559883,73.28650412604048,11119755
2506,2017-12-08,74.32953643798828,74.58572091682146,73.15841944696655,74.2929429100294,14615599
2507,2017-12-11,74.76869201660156,75.17126541055366,74.1465326837799,74.585704561519,8231500
2508,2017-12-12,74.25634002685547,74.84190096966427,73.89036505808163,74.84190096966427,8310332
2509,2017-12-13,73.37799072265625,74.09163883257982,73.1401030554959,73.56097818117806,12105970
2510,2017-12-14,73.23160552978516,73.78056797090551,72.64604956367258,73.67077746822267,12838407
2511,2017-12-15,72.77413177490234,73.98185203980636,72.28006958328766,73.7073708383081,22654959
2512,2017-12-18,73.1584243774414,73.2316164021454,70.77958677941149,72.81074612757241,16832008
2513,2017-12-19,74.14653778076172,74.2929317259731,72.90222399343418,73.45118639641863,20133065
2514,2017-12-20,74.2746353149414,74.42102430677357,73.17671043042048,74.32953056639684,14097971
2515,2017-12-21,74.32953643798828,74.95169590723829,73.96356144757146,74.95169590723829,7881749
2516,2017-12-22,74.31123352050781,74.5125177630279,73.8720615828328,74.29293675804347,7399925
2517,2017-12-26,74.09164428710938,74.65890842859973,73.63417560712661,74.25633499744431,7946762
2518,2017-12-27,73.63418579101562,74.84190625151422,73.48779678594556,74.1099562623103,7831439
2519,2017-12-28,72.88392639160156,73.9452526990268,72.64604367915581,73.72566674759507,15796200
2520,2017-12-29,73.32311248779297,73.81717976663649,72.99373595651528,73.03033445195813,8561565
2521,2018-01-01,73.26818084716797,73.83544483523718,72.84731076818211,72.84731076818211,6388017
2522,2018-01-02,73.4695053100586,73.85377709650894,72.93883954414726,73.65249282053094,4383705
2523,2018-01-03,73.79888153076172,74.09165956076438,73.41460478204759,73.74398627061795,8187397
2524,2018-01-04,73.32311248779297,74.23805005459431,73.19502519952397,73.92697525296505,4204055
2525,2018-01-05,73.65247344970703,73.94525140391971,73.41458577757504,73.67077021040059,4923559
2526,2018-01-08,73.39628601074219,74.3844202524804,73.21329855589084,73.92695161535204,11797863
2527,2018-01-09,73.56098937988281,73.70737837621559,73.30480491341052,73.59758290607607,7380366
2528,2018-01-10,73.14010620117188,73.8903577916903,72.64604401299592,73.8903577916903,8710385
2529,2018-01-11,72.40815734863281,73.3047979320387,72.20687311832673,72.8656260210128,12305664
2530,2018-01-12,71.85918426513672,72.57283727355801,71.62130158361364,72.49964031131151,9411915
2531,2018-01-15,72.9388198852539,73.28649804698468,71.42002495045871,72.38985750179643,9962401
2532,2018-01-16,71.8042984008789,72.93882168072243,71.12724378517773,72.86562470891857,13205546
2533,2018-01-17,72.24347686767578,72.71924233606838,70.99916298092708,71.7311129100561,13012437
2534,2018-01-18,72.09708404541016,73.12181190622431,71.63961536400153,72.68263998653089,24603506
2535,2018-01-19,71.76769256591797,72.46304883529152,71.10893974255082,72.09707394145373,8082214
2536,2018-01-22,71.47493743896484,72.0787952136749,71.36514692132802,71.78601719074086,9833311
2537,2018-01-23,71.67620086669922,71.85918831878595,71.01744802472793,71.47491665494475,16134097
2538,2018-01-24,71.71281433105469,72.07878931168216,71.42003633209406,71.4749315864175,11061376
2539,2018-01-25,71.10894012451172,72.04217412327007,70.688069987108,71.98727888166997,13143678
2540,2018-01-29,71.05404663085938,71.73110119752224,70.99915138790884,71.18213884031219,11002896
2541,2018-01-30,71.34683227539062,71.7860041941349,69.7914387619629,70.92596208217488,22826262
2542,2018-01-31,70.92596435546875,71.4749267895678,70.26721142009109,71.34683456217408,14372442
2543,2018-02-01,71.31024932861328,71.42004481415319,69.16929444490566,71.18216204126433,17028230
2544,2018-02-02,70.59658813476562,71.1821490592905,69.901231744725,71.1821490592905,22083930
2545,2018-02-05,71.91409301757812,72.07877875643182,69.53525102800494,69.53525102800494,21997294
2546,2018-02-06,71.34683227539062,71.58471499643841,69.5352543153866,69.5352543153866,13495253
2547,2018-02-07,71.54812622070312,72.04218845725812,70.77957779382962,71.65791672574797,14316750
2548,2018-02-08,71.60371398925781,72.14111434628148,71.2886863671008,71.90021264469648,33536651
2549,2018-02-09,71.60371398925781,72.01139649870515,70.78834897036313,71.15897354637382,15183068
2550,2018-02-12,73.56798553466797,73.77182423418054,71.64076226336527,71.97431878386234,11747845
2551,2018-02-14,72.43760681152344,73.549465441151,71.78902261090735,73.549465441151,13853923
2552,2018-02-15,73.34562683105469,73.49387364322708,72.15964227997699,72.64145070309887,8833619
2553,2018-02-16,72.47466278076172,73.47533746164741,72.17816918553198,73.41974051404915,6252218
2554,2018-02-19,71.95580291748047,72.99353562053561,71.75195915401837,72.4931982353004,4332550
2555,2018-02-20,72.27082824707031,72.77116058963495,71.80755383591855,72.23376528880836,8479558
2556,2018-02-21,71.88166809082031,72.60437811624959,71.64076642462676,72.4931892517266,9258406
2557,2018-02-22,70.51038360595703,72.08552170104807,70.13976406048839,71.64077623574597,25535938
2558,2018-02-23,71.62224578857422,71.84461348977898,70.54744510745493,70.64009999190665,11567495
2559,2018-02-26,72.6970443725586,73.08619289219894,71.52959378678817,72.27083289227407,8362326
2560,2018-02-27,73.2900161743164,73.47532589888512,72.47465137547489,73.1047064497477,17333449
2561,2018-02-28,73.27149963378906,73.45680940248532,72.41907670852594,72.93794305550563,5795018
2562,2018-03-01,73.16031646728516,73.56799896759819,72.47466931132905,73.04912758891838,8106682
2563,2018-03-05,72.99352264404297,73.03058559688802,71.99285307831674,72.93793072819956,6992551
2564,2018-03-06,71.58517456054688,73.1973703691502,71.19602107469166,73.04911854967281,9525018
2565,2018-03-07,71.65929412841797,71.90020081722353,70.88099219783876,71.43692645697979,9481007
2566,2018-03-08,72.41907501220703,72.60438477656267,71.30721642607325,71.84461172659513,10429826
2567,2018-03-09,71.49252319335938,72.51172685458886,71.0848407234978,72.45613493298248,9887071
2568,2018-03-12,72.27082824707031,72.51172993549942,71.52958918922751,71.7148989536882,14242997
2569,2018-03-13,72.28933715820312,73.01204704984465,71.6222242019553,72.23374524965708,10581316
2570,2018-03-14,72.02992248535156,72.71556962830283,71.71489990307724,72.14111136160939,8577503
2571,2018-03-15,72.19670104980469,72.5487916067737,71.82608152745793,71.88167345044015,6132848
2572,2018-03-16,71.25163269042969,73.0676675844452,70.91807105477712,72.04846376336153,10373796
2573,2018-03-19,71.97432708740234,72.3078836463812,71.34427692640871,71.67783348538757,13496140
2574,2018-03-20,72.23377227783203,72.6785127394594,71.45547018642216,71.93727360989755,9661410
2575,2018-03-21,71.97432708740234,72.4561354742375,71.75195437246681,72.4561354742375,9675146
2576,2018-03-22,71.41841888427734,72.15965813485322,71.251643069008,71.97434832220925,11371840
2577,2018-03-23,71.99286651611328,72.36348606004489,70.78834797148625,70.78834797148625,9062739
2578,2018-03-26,72.23377227783203,72.4561450220705,71.99287056609434,72.04846249544157,15451169
2579,2018-03-27,72.62290954589844,72.771156343447,72.30788195932725,72.30788195932725,7563470
2580,2018-03-28,71.62224578857422,72.56732359924206,71.27015521691801,72.45613974863967,14095921
2581,2018-04-02,72.23377227783203,72.34495613652648,71.49253314827017,71.49253314827017,6821616
2582,2018-04-03,73.58651733398438,73.93860785782105,72.10403938410113,72.19669425596884,6269850
2583,2018-04-04,72.65997314453125,74.08685926560783,72.14110683509854,73.73476871982376,9689298
2584,2018-04-05,72.73410034179688,73.54946026334706,72.64144546251738,73.34562153967174,8673501
2585,2018-04-06,72.62290954589844,73.34561959586476,72.54878866054855,73.1973727983162,7948746
2586,2018-04-09,72.5858383178711,72.82674499163852,72.34493667095188,72.64143525910863,4610445
2587,2018-04-10,72.99352264404297,73.62357776186374,72.75262099082268,72.95645969119792,7562115
2588,2018-04-11,73.0120620727539,73.45680245947935,72.56731665917975,73.38268157511614,5790314
2589,2018-04-12,72.77115631103516,73.34561956319705,72.67850143425247,73.08618389746603,3537785
2590,2018-04-13,73.19737243652344,73.3826821892554,72.78968997514335,72.82675293105949,3438013
2591,2018-04-16,73.82743072509766,74.45748596463999,72.9379448192168,73.10472562581604,9628436
2592,2018-04-17,75.93994903564453,76.77384284897126,74.93927444891312,75.30989392150279,23457958
2593,2018-04-18,75.9770278930664,76.27352152246586,75.73612116397382,76.01408582660432,8814122
2594,2018-04-19,77.12594604492188,77.42243966102376,75.95849049275401,76.16233425231705,10627620
2595,2018-04-20,76.79237365722656,77.68186443429538,76.42175417573071,77.38536583298963,5446620
2596,2018-04-23,76.6441421508789,77.0518246671755,76.05114985688834,77.0518246671755,4139986
2597,2018-04-24,76.5144271850586,77.16301143143349,75.90290590098934,77.16301143143349,3594644
2598,2018-04-25,76.84798431396484,77.83012510981598,75.56934486389966,76.49589373297607,5924775
2599,2018-04-26,76.71825408935547,77.34830420256681,76.4217554829779,76.92209279692561,7950190
2600,2018-04-27,77.05181884765625,77.34831245883343,76.75532523647907,76.90357204206767,7371596
2601,2018-04-30,77.03328704833984,77.45949848379716,76.73678842122037,76.92209817810172,5644871
2602,2018-05-02,76.03260040283203,77.49654926289223,75.86581963710687,76.7182474009216,7210903
2603,2018-05-03,76.5144271850586,76.92210971672131,75.32844757922571,75.9770318256006,3782713
2604,2018-05-04,76.86650848388672,77.01475528831799,75.79171286819869,76.71826167945544,22466426
2605,2018-05-07,77.57067108154297,77.83010671430527,76.71824833420652,76.71824833420652,6003886
2606,2018-05-08,78.84931945800781,79.31259383727111,77.40390440007607,77.64480607192324,19748071
2607,2018-05-09,78.5157470703125,79.20139401866751,78.25631145952485,78.57133897923907,13934330
2608,2018-05-10,77.08888244628906,78.49723465135611,75.86583497961063,78.27486192770102,13973187
2609,2018-05-11,76.66266632080078,77.4594972574048,76.32910474221644,77.38537134508634,10688957
2610,2018-05-14,77.47802734375,77.75599197869532,76.34763983904521,76.34763983904521,13962128
2611,2018-05-15,79.25699615478516,80.05382702381505,77.32977286642826,77.45949068856065,56040833
2612,2018-05-16,79.1087646484375,79.6832229371682,78.77520303371712,79.46085020297106,18183776
2613,2018-05-17,79.1087646484375,80.05384248521365,78.68254814670576,78.75667406705459,17900935
2614,2018-05-18,78.92345428466797,79.68322741698543,78.60843167259813,79.20142398817895,18414996
2615,2018-05-21,78.81224822998047,79.4793662822066,78.42309980298472,79.4793662822066,16669979
2616,2018-05-22,78.10807037353516,79.31258360421114,77.64479605404439,79.21992874031298,9411261
2617,2018-05-23,78.3119125366211,78.73812392408608,77.71892037600321,78.20072870575137,18219990
2618,2018-05-24,78.47869873046875,78.71960039855828,78.34898090092865,78.71960039855828,17260447
2619,2018-05-25,78.58988952636719,78.96050905680676,77.9227763823156,77.9227763823156,30090956
2620,2018-05-28,76.69970703125,78.75664785439808,76.45880541056985,78.66399299822513,17488299
2621,2018-05-29,76.71825408935547,77.71892369040238,76.25497972956101,77.18152844914992,15749359
2622,2018-05-30,77.64481353759766,78.55282839215157,76.7182646899819,76.7182646899819,36016623
2623,2018-05-31,77.62626647949219,78.83077977866466,74.71690258227514,77.79304725473234,274352477
2624,2018-06-01,76.3291015625,77.0518115835277,74.25363139937936,76.68119209107218,17096388
2625,2018-06-04,74.75397491455078,76.69972741119004,74.34629243369466,76.69972741119004,14456405
2626,2018-06-05,73.69772338867188,74.55015148296309,72.30789989163733,74.42043361786985,13788817
2627,2018-06-06,74.53160095214844,75.32843693515119,73.19737471247176,73.19737471247176,8130515
2628,2018-06-07,75.14311981201172,75.58786017269942,73.4753321490239,74.66131147103951,7683528
2629,2018-06-08,73.34562683105469,74.56866931503853,72.91941536099058,74.45748546262155,12429285
2630,2018-06-11,72.53026580810547,73.84596827717739,72.08552534715756,73.60506153895818,19668041
2631,2018-06-12,72.28933715820312,72.80820334937894,71.67781611050134,72.80820334937894,13416832
2632,2018-06-13,73.43826293945312,73.88300326225382,72.30787060361601,72.75261595326471,10866676
2633,2018-06-14,73.69772338867188,73.88303318827649,72.86382929045115,73.4568216545559,7205187
2634,2018-06-15,73.32709503173828,73.75331154140429,72.7341077653062,73.69771458668303,9527937
2635,2018-06-18,73.62360382080078,73.93863149121464,72.73411777192943,73.32710511994358,4303444
2636,2018-06-19,73.64209747314453,74.01271690133709,72.9379215649482,73.21588613609262,8099053
2637,2018-06-20,73.80889892578125,74.01273765771329,72.93794201990517,73.64211812558295,8160216
2638,2018-06-21,72.43760681152344,73.62359136053254,71.82608557059812,73.41974759565794,10942576
2639,2018-06-22,73.27149963378906,73.5309353207035,71.93726829380614,72.71557032770028,7677797
2640,2018-06-25,71.97432708740234,73.49386810813812,70.9736523836169,73.27149539320258,8701812
2641,2018-06-26,70.69569396972656,72.15964319730642,70.0471097597341,71.86314956919247,9869227
2642,2018-06-27,69.37998962402344,71.34427605051472,68.8240603569342,71.14043230313936,13094540
2643,2018-06-28,68.49050903320312,69.95445319890828,67.87898277121887,69.82474038149269,22542641
2644,2018-06-29,69.25025939941406,70.54742745719973,68.23105592543962,68.65726728191389,8435793
2645,2018-07-02,68.58316040039062,69.43558328723866,68.00869712721133,69.30586544962728,13100144
2646,2018-07-03,68.3978500366211,68.73140659692982,67.15627364789242,68.2125402779108,9990760
2647,2018-07-04,67.82339477539062,70.13976703272813,67.50836714302282,68.65728878803213,10626271
2648,2018-07-05,67.32305145263672,68.10135346815058,66.91537399261196,67.87898074559675,7739370
2649,2018-07-06,67.37864685058594,67.78632430121526,67.02655629575267,67.32304990109198,7229617
2650,2018-07-09,68.37932586669922,68.56463565202753,67.45277694005762,67.5269028649288,10238815
2651,2018-07-10,68.21255493164062,68.69435839705099,67.97164817208544,68.56464053271742,7258266
2652,2018-07-11,67.78630828857422,68.47195524416132,67.6009985722992,68.11986979934746,3825437
2653,2018-07-12,67.67514038085938,68.0457599005469,67.30452086117185,67.89751309804168,11523981
2654,2018-07-13,67.3601303100586,67.95312270121798,67.17482050199942,67.52691114805195,4793733
2655,2018-07-16,67.21186065673828,67.63807206524476,66.93389603899294,67.10067682037958,12191173
2656,2018-07-17,67.24893188476562,67.54542550276547,66.71153154693562,66.97096723282235,4698206
2657,2018-07-18,66.15560150146484,68.11988803595449,65.98882572827787,67.67514258709103,5845129
2658,2018-07-19,65.7664566040039,67.00803310876854,65.63673875541369,66.37797785952995,5980121
2659,2018-07-20,65.15492248535156,65.95175335959337,64.52486736050079,65.78497258335392,5273662
2660,2018-07-23,65.61819458007812,65.97028005682009,65.09932330597715,65.21051216193374,6336970
2661,2018-07-24,65.87763214111328,66.13706780553716,65.32170288321821,66.04441292922131,6260188
2662,2018-07-25,65.09933471679688,66.34091115142616,64.74724917834021,66.21119331016355,7757736
2663,2018-07-26,67.39717864990234,68.1198887552242,64.5619402072959,65.32170824470674,33869484
2664,2018-07-27,66.67445373535156,68.49049307831343,66.04440368074167,67.91602990949046,19690254
2665,2018-07-30,67.89749908447266,68.10133776749034,66.7300488437803,67.04507134901709,10288607
2666,2018-07-31,67.56394958496094,68.78699186336809,67.39716880751976,68.0642818635876,11713824
2667,2018-08-01,68.45343780517578,68.84258626411466,66.76711608712725,67.82338265305239,10299992
2668,2018-08-02,69.93592834472656,70.51038665429851,68.4719790660955,68.99085047366314,12305598
2669,2018-08-03,70.49185943603516,70.76982411405072,70.0471139404704,70.34361261313012,7491196
2670,2018-08-06,70.2138671875,71.10335280251012,69.91737365811252,71.10335280251012,4944677
2671,2018-08-07,70.08417510986328,70.65863844584139,69.54677976222513,70.36213978076734,3270258
2672,2018-08-08,70.23241424560547,70.67715968113698,69.62089304188636,70.08416744271129,6225545
2673,2018-08-09,71.38133239746094,71.52958422021001,69.6208897573787,70.23241093224804,6328977
2674,2018-08-10,70.62156677246094,71.84460916282427,70.08416646426708,71.78901724087119,4909902
2675,2018-08-13,69.67647552490234,70.41771446579976,69.36145299649957,69.89884821254122,2537940
2676,2018-08-14,69.6394271850586,70.0471046371895,69.13908982571279,69.5097093471765,2304692
2677,2018-08-16,69.56529235839844,70.41771513782619,69.34291966863735,69.45410852694206,3661689
2678,2018-08-17,69.3429183959961,70.04709437827559,68.84258110992837,69.86178464468371,4022502
2679,2018-08-20,69.54678344726562,69.99152392816767,68.78701029042709,69.49118648865931,2487784
2680,2018-08-21,69.50971984863281,69.78768453172522,68.8796645562168,69.54678281174841,3655095
2681,2018-08-23,70.49185943603516,70.78835308184523,69.50971857908344,69.50971857908344,9442607
2682,2018-08-24,70.76982116699219,72.12258153829849,70.25095479500682,70.60304035638822,8393334
2683,2018-08-27,73.30855560302734,73.49386535405458,70.75128204422133,70.84393691973493,14042229
2684,2018-08-28,73.06764221191406,74.29068436177668,72.5487759976344,73.23441794497829,8224129
2685,2018-08-29,71.54812622070312,73.77184364491585,71.19603561779626,73.01207553571636,6955827
2686,2018-08-30,72.99352264404297,73.4567969874852,71.30720604465256,71.62223360356296,22347117
2687,2018-08-31,74.67984771728516,74.95781233618052,72.21522407493396,72.21522407493396,11854651
2688,2018-09-03,72.08551025390625,75.97701486335806,71.90020051059902,75.18017894565817,8999761
2689,2018-09-04,72.06697845458984,72.80821745035537,71.02924587125754,72.08551244559317,5387824
2690,2018-09-05,72.51172637939453,73.0120637242708,71.43693080360218,71.95579711327619,7334087
2691,2018-09-06,73.86448669433594,74.77250650770627,72.45613456221956,72.64144431785849,16457730
2692,2018-09-07,72.53026580810547,74.45748955276173,71.47399904472366,74.45748955276173,4580610
2693,2018-09-10,72.54905700683594,73.31985836326972,71.49626137343262,72.62425888057122,6293799
2694,2018-09-11,70.27428436279297,73.26347555982514,70.01108282854615,72.58667890007129,9560546
2695,2018-09-12,72.86865234375,73.41385314155725,70.34945604326892,70.34945604326892,13582243
2696,2018-09-14,75.25625610351562,75.93305259520874,72.90626120205992,73.41386112073742,22816500
2697,2018-09-17,75.91426086425781,76.53465854885228,74.22226439728253,74.22226439728253,15162744
2698,2018-09-18,74.78624725341797,76.66624292647282,74.50424790245974,75.76384602336942,4937349
2699,2018-09-19,74.5606460571289,75.19984661993045,73.77104686184893,74.8238474888271,6025625
2700,2018-09-21,75.35025787353516,75.91425666465969,73.3574590850059,74.82386002178202,11174973
2701,2018-09-24,74.29745483398438,75.33145258659107,73.15065936647397,75.19985695247519,3992299
2702,2018-09-25,72.41744995117188,74.67344476836082,72.06025383167244,74.07185023029551,10770907
2703,2018-09-26,72.51144409179688,72.9438471446234,70.76304926451256,72.73704457592066,7286693
2704,2018-09-27,73.1506576538086,73.6582575586215,72.24826065626078,72.56786097409224,8101331
2705,2018-09-28,70.8382568359375,74.42904655668534,70.4434546819432,73.13185259308469,10284429
2706,2018-10-01,72.34225463867188,72.90625335431149,69.8982602042335,70.80065712929394,4684738
2707,2018-10-03,71.04505157470703,72.30464965573572,70.8194510811204,71.62784817497585,10349581
2708,2018-10-04,71.15787506103516,71.79707584122428,69.39068160372837,70.68787598731265,11239097
2709,2018-10-05,70.4246597290039,72.02265612954368,70.06745849366318,71.06385522933087,7035573
2710,2018-10-08,70.18025970458984,71.08265663148306,68.61985917496588,70.1238557530595,4680183
2711,2018-10-09,70.14265441894531,71.23305085045858,69.67265551744697,70.33065397954465,5552286
2712,2018-10-10,70.3682632446289,71.0450597030069,70.01106199726465,70.01106199726465,3526073
2713,2018-10-11,69.82305908203125,70.87585465588803,69.20266150815797,69.91705886897613,10016561
2714,2018-10-12,70.8570556640625,71.34585250883863,69.97345666021508,70.02985551156391,6856067
2715,2018-10-15,70.72545623779297,71.43985360084399,69.9734579398835,70.85705695989009,6926558
2716,2018-10-16,70.38704681396484,70.98864637644559,69.59744770694726,70.66904613077013,6530627
2717,2018-10-17,71.10145568847656,71.4774548390269,70.68785560290821,70.70665862032465,4151254
2718,2018-10-19,71.12024688720703,71.98504274983601,70.33064778230307,71.06384294414573,9497796
2719,2018-10-22,71.12024688720703,71.81584112028015,70.78184362809532,71.21424665922383,4377225
2720,2018-10-23,71.79705810546875,72.43625872775857,69.86066342003558,70.6878585255585,4599675
2721,2018-10-24,71.59026336669922,72.28586287078356,71.21426418609312,72.00385838551371,4510189
2722,2018-10-25,71.92864990234375,72.2482501738046,70.19905293309778,71.32705029132588,7455415
2723,2018-10-26,70.8382568359375,71.81585051291839,70.61265633362856,71.57145209367316,6390862
2724,2018-10-29,71.27066802978516,71.62786421646358,70.46227075488432,71.21426916871127,8374975
2725,2018-10-30,69.99226379394531,71.27065993224072,69.78546119374978,71.06385733204517,5105532
2726,2018-10-31,69.91704559326172,70.21784281444462,67.22865321706774,69.59744535837122,9622136
2727,2018-11-01,70.8570556640625,71.17665595479217,69.76665917199782,69.97345666021508,5603131
2728,2018-11-02,71.38345336914062,72.30465330620557,70.95105537616075,71.082656095715,6034462
2729,2018-11-05,69.95468139648438,71.25187579683721,69.55987910956415,71.08267918799976,4872816
2730,2018-11-06,70.72545623779297,71.06385445188926,69.55985785607032,70.34945708883824,7337064
2731,2018-11-07,71.08264923095703,71.43984532117716,70.72544804092266,71.43984532117716,223308
2732,2018-11-09,72.07905578613281,72.26705536476287,70.98865925004151,71.06385602160455,9231137
2733,2018-11-12,69.91704559326172,72.53024121406689,69.27784512348073,72.00383842727602,3906667
2734,2018-11-13,69.2026596069336,70.68785313997074,68.75145860206818,70.31185400252113,7750412
2735,2018-11-14,69.91704559326172,70.31184258354101,69.22144628198566,69.29664813718831,9918943
2736,2018-11-15,70.3494644165039,70.87586225990766,69.76666771484537,69.93586428960975,8814911
2737,2018-11-16,70.72545623779297,71.43985360084399,70.01105887474193,70.31185615397979,5537047
2738,2018-11-19,71.32705688476562,71.62785416817289,70.55626065865016,70.76305815351579,5155461
2739,2018-11-20,70.8382568359375,71.85345144660565,70.49985353256676,71.85345144660565,2673334
2740,2018-11-21,68.46946716308594,70.63146245331737,68.1686698582842,70.49986172003588,6426666
2741,2018-11-22,67.60464477539062,69.07103999025914,66.85264670624643,69.07103999025914,6231287
2742,2018-11-26,68.60106658935547,68.75146523889089,67.24746854390632,67.69866959232776,5022526
2743,2018-11-27,68.63867950439453,69.54107665889386,67.79268121583591,68.41307894081568,6727512
2744,2018-11-28,69.29666137695312,69.55985772082077,68.24386070203798,68.39425934136447,9281286
2745,2018-11-29,67.86787414550781,70.87586788937753,67.41667814381682,69.54107270546166,16395530
2746,2018-11-30,67.73626708984375,69.0146683917622,67.0406726812188,68.05586741532336,10573839
2747,2018-12-03,69.10867309570312,70.8758663212377,68.09347318968224,68.09347318968224,11107638
2748,2018-12-04,70.40585327148438,70.76305448937252,68.48825666456601,68.95825558293744,6304336
2749,2018-12-05,68.99586486816406,70.57506346497637,68.61986568795307,69.59746457646472,5774768
2750,2018-12-06,68.99586486816406,69.71026739041717,68.69506756392137,68.99586486816406,8600328
2751,2018-12-07,68.67627716064453,70.31187491497975,67.9242786620827,69.10868037717054,8378029
2752,2018-12-10,67.41666412353516,68.58225737702988,66.42026232324203,67.86786003139336,6431248
2753,2018-12-11,67.79267120361328,68.16867038744178,66.60826969470126,66.85267324404204,6514193
2754,2018-12-12,68.63867950439453,69.10867855359378,67.94307989161645,68.01827667959869,7396629
2755,2018-12-13,68.63867950439453,68.80787610221661,68.09347856739699,68.56347761659623,4251108
2756,2018-12-14,69.82305908203125,70.02985657338407,67.8678614736517,68.24386062143124,9276710
2757,2018-12-17,72.39865112304688,73.90264764890954,71.32705257840679,71.43985027792066,23727234
2758,2018-12-18,73.82744598388672,74.07184949985714,71.77825377170309,72.53025203668379,15507368
2759,2018-12-19,74.8238525390625,75.01185211730322,73.33865383103492,73.33865383103492,11434466
2760,2018-12-20,74.42904663085938,74.80504576847741,73.28225130105025,74.09064842696608,7938383
2761,2018-12-21,74.03425598144531,74.86145109588192,73.56425701876027,74.44785608857119,8722621
2762,2018-12-24,72.92504119873047,74.37263872221763,72.6430418798621,74.07184148868366,8563441
2763,2018-12-26,73.43265533447266,73.80865449973194,71.94745659177245,72.79345471360585,4766041
2764,2018-12-27,73.90266418457031,75.0118639105024,72.7558686169313,73.33866536117753,46486470
2765,2018-12-28,74.09065246582031,74.57944933144334,73.54545164662812,74.25985412689789,5142112
2766,2018-12-31,74.6922607421875,75.19986068407309,73.69586387837687,73.95906025948437,6317785
2767,2019-01-01,75.1998519897461,75.38785156872231,73.73345119387965,74.24105107707841,3961625
2768,2019-01-02,73.41386413574219,75.19986033419688,72.94386513614884,74.86145697463725,7876559
2769,2019-01-03,72.5866470336914,73.31984734305512,72.19185000545824,73.28224641183903,7942863
2770,2019-01-04,73.65825653076172,73.97785684413334,71.96626027153972,72.68065767213709,4017540
2771,2019-01-07,74.61705780029297,74.78625947845254,73.63945887053701,73.73345866955555,3592512
2772,2019-01-08,74.20346069335938,74.63586386634616,73.62066395558298,74.41026331953037,3990870
2773,2019-01-09,74.29745483398438,74.72985797401759,73.54545646845223,74.20345503829286,4087529
2774,2019-01-10,73.56424713134766,74.24104350672316,73.2822477916388,74.24104350672316,3589725
2775,2019-01-11,73.0754623413086,73.65826417317608,72.66186729266053,73.28226496544828,2995789
2776,2019-01-14,72.37985229492188,73.07544659952208,71.81584850501125,72.96264890142868,5370460
2777,2019-01-15,72.3610610961914,74.823858838373,71.59026480043826,74.823858838373,11498868
2778,2019-01-16,72.1918716430664,73.00026895734374,72.04146787312246,72.37987125568048,8515441
2779,2019-01-17,72.90625,73.15064841223646,72.19185267968781,72.19185267968781,5325531
2780,2019-01-18,72.79345703125,73.95905550062785,72.37986201614854,72.94386078199442,4366941
2781,2019-01-21,71.90986633300781,73.2070656856964,71.68427088020616,72.92506626987851,4067143
2782,2019-01-22,71.32705688476562,71.90985353379781,70.87585585983979,71.81585374525618,3577455
2783,2019-01-23,70.04866027832031,72.0038528060789,69.82305976747493,71.27065752060001,6173490
2784,2019-01-24,70.21784973144531,71.10144866795547,69.76665385522467,70.19905181569983,6157088
2785,2019-01-25,69.87947082519531,71.10146828090583,69.65387027494714,70.53746945519329,3868441
2786,2019-01-28,70.61265563964844,70.91345290656098,68.43185760518121,69.93585413937323,7440853
2787,2019-01-29,69.78546905517578,70.61266934951306,69.05226856247613,70.23667014296258,17469350
2788,2019-01-30,70.3494644165039,70.65026682688847,68.95826538053687,69.59746604026559,12711500
2789,2019-01-31,70.91345977783203,72.003856350814,70.23666331179221,70.8758588408709,25774313
2790,2019-02-01,71.51506042480469,72.1354580435954,69.89826601222097,71.7970598060564,9474849
2791,2019-02-04,69.40946197509766,71.251856858238,69.0898616658208,71.251856858238,3678667
2792,2019-02-05,69.97346496582031,70.29306529448542,68.99586606041571,69.22146659240374,5500377
2793,2019-02-06,70.2366714477539,70.96986685425856,69.46587000011685,70.02986882041999,4322649
2794,2019-02-07,69.40946197509766,70.57506040314645,69.18386145679546,70.29306103022247,4309303
2795,2019-02-08,68.05587005615234,70.66906651905704,67.86787045737692,69.40946818729854,7692145
2796,2019-02-11,68.56346893310547,68.88306926604712,66.87147257027776,67.52947115582187,7913450
2797,2019-02-12,68.14986419677734,70.08626398322946,67.84906690363928,68.80786273785503,11930402
2798,2019-02-14,65.78108215332031,67.24747811977834,64.85988200653959,66.73987814297705,36962390
2799,2019-02-15,68.24385833740234,68.50705977196496,66.77746273010335,67.07825999833378,16005610
2800,2019-02-18,67.96186065673828,68.99585830394469,67.51066474330072,68.22506209777129,7973918
2801,2019-02-19,67.47307586669922,68.80787102806582,67.2662732404123,67.77387319607837,10824411
2802,2019-02-20,68.3566665649414,68.65746385705326,67.15346719686389,67.96186438175266,9658184
2803,2019-02-21,68.3566665649414,68.80786250310918,67.9994653182204,68.695064793521,9197823
2804,2019-02-22,68.3942642211914,68.65746568365292,67.86786639608357,68.31906744607039,12182132
2805,2019-02-25,68.41305541992188,68.61985289054468,67.11585645019176,68.05585422541233,29907322
2806,2019-02-26,68.13105773925781,68.69505641806484,67.24745878916393,67.49185719668408,13683801
2807,2019-02-27,68.22506713867188,69.2966657994616,67.62346744315701,68.16866828280192,13566494
2808,2019-02-28,68.75146484375,69.46586224979873,67.90546670768346,68.7702627624032,69863939
2809,2019-03-01,68.88306427001953,69.08986177055124,68.46946416914105,68.84546333360966,7227772
2810,2019-03-05,68.807861328125,69.72906130668632,68.65746268463732,69.18386048675167,15733697
2811,2019-03-06,69.37187194824219,70.0862745518494,68.31907616368818,68.84547405596518,20336766
2812,2019-03-07,70.3682632446289,71.25185720422931,69.40946231214251,70.31185928991817,12295538
2813,2019-03-08,70.31184387207031,70.85704458274623,69.65384547633715,70.6878429553464,6211299
2814,2019-03-11,73.05667114257812,73.69587189445264,70.59387304547681,70.8758724772186,17678891
2815,2019-03-12,73.82744598388672,75.95184516230889,73.18825051854189,73.18825051854189,26457157
2816,2019-03-13,73.2258529663086,74.54184995724403,72.60545030501582,74.48544600635215,6930222
2817,2019-03-14,72.71421813964844,73.54756214594299,72.57855626485785,73.2374823668731,8466765
2818,2019-03-15,74.9041748046875,75.27239388109399,72.52041615793999,72.52041615793999,14301914
2819,2019-03-18,76.37705993652344,76.6677616911947,74.90417314906635,75.25301420323322,14247336
2820,2019-03-19,77.13288879394531,77.59800846032381,75.69875799392659,76.0475990580088,16995997
2821,2019-03-20,76.51273345947266,77.46235618170759,76.16389235217831,77.22979894830736,9060589
2822,2019-03-22,76.93910217285156,77.8499636632602,76.4158378491482,76.70653966707292,8782833
2823,2019-03-25,78.29571533203125,78.87711900259995,75.62125424165947,76.43522043189459,14506515
2824,2019-03-26,78.62515258789062,79.03213820487909,77.28792765056839,78.35383410042493,8371544
2825,2019-03-27,77.5979995727539,79.34220995058779,76.93907880655453,78.68328918438841,11579885
2826,2019-03-28,76.84219360351562,77.52049777504548,76.14450615848291,77.52049777504548,17034861
2827,2019-04-01,75.79566192626953,77.40421070071446,75.62123875793483,76.82280714919025,10617688
2828,2019-04-02,77.44298553466797,77.83058797014729,75.97009838272436,75.97009838272436,17946031
2829,2019-04-03,77.88870239257812,78.50886714259343,77.57862264616688,77.6755232240695,15076661
2830,2019-04-04,77.26854705810547,78.78020046334274,76.93908925884482,78.08251306311166,10130253
2831,2019-04-05,76.08637237548828,77.79182193626643,75.98947177252141,77.79182193626643,9883976
2832,2019-04-08,76.88095092773438,77.63677769158592,75.79566633793131,76.7452942969044,13511642
2833,2019-04-09,76.88095092773438,77.26855331797745,76.37706992329592,77.113513413319,10655872
2834,2019-04-10,76.99723815917969,77.3848405663372,76.64839704417673,76.64839704417673,8637199
2835,2019-04-11,75.95069885253906,77.28792907164188,75.83442024965768,77.19102848350961,13713296
2836,2019-04-12,76.37705993652344,76.60962239169909,75.60185525740009,76.22202005213741,11004111
2837,2019-04-15,76.76465606689453,77.84994042700556,76.39643177121788,76.66775548984202,8965316
2838,2019-04-16,76.29953002929688,77.4623369361744,76.16387342924864,77.13287918497991,4918434
2839,2019-04-18,75.3111572265625,76.68714349716615,75.00107744245824,76.49334231780263,11593259
2840,2019-04-22,75.50495910644531,76.24140254342059,74.96231685063161,75.27239663761273,7772049
2841,2019-04-23,74.8072738647461,75.40805539863437,74.43904953288343,75.11735363890908,6686014
2842,2019-04-24,74.4002914428711,75.44681992571576,73.66384800470321,74.84603310882585,7288151
2843,2019-04-25,74.24524688720703,75.89255682631209,73.91578384794738,74.49718735586681,17599280
2844,2019-04-26,73.95455932617188,75.34992906440831,73.7801361374445,74.03207665445524,8664580
2845,2019-04-30,72.24909210205078,74.61346729490984,71.86148978378512,74.30338228598157,14290974
2846,2019-05-02,73.72198486328125,73.9545473247793,72.26847605041011,72.50103851190816,8897549
2847,2019-05-03,73.97393035888672,74.78789640076465,73.7219898656657,73.99331363202292,10782838
2848,2019-05-06,73.81887817382812,74.74912267092458,73.19871342336621,73.64445503060068,5477945
2849,2019-05-07,74.24524688720703,75.11735214908619,73.83826127734753,73.83826127734753,9450289
2850,2019-05-08,73.64446258544922,75.09797666133736,73.21810420438676,74.40028927404785,10180731
2851,2019-05-09,72.83051300048828,73.66385713265655,72.22972610915272,73.60571782244838,7921214
2852,2019-05-10,71.91966247558594,73.04370866906241,71.72586122646257,73.02433064702821,5938686
2853,2019-05-13,70.79559326171875,72.11344563085396,70.5630360268775,71.88088313881869,5504435
2854,2019-05-14,70.40797424316406,71.39636328673771,70.17541706321053,70.5048748205423,11334983
2855,2019-05-15,69.18704986572266,71.55142575175118,68.7800694151055,70.98940012261849,7616268
2856,2019-05-16,70.48550415039062,70.8149671992352,69.32269710072268,69.51649827566733,8660893
2857,2019-05-17,70.6017837524414,71.16380927061844,69.90410161563642,70.42736584683686,10183233
2858,2019-05-20,72.88863372802734,73.21809674480392,71.33822447937787,72.1328071164336,6287120
2859,2019-05-21,71.2994613647461,73.10181101855274,71.22193880142837,72.96614916134307,7748239
2860,2019-05-22,70.58240509033203,71.82273471904904,70.4661264876619,71.28008722073949,6972640
2861,2019-05-23,71.57080078125,72.90803121833194,70.97001913977505,72.0940650938992,13966122
2862,2019-05-24,71.9583969116211,72.3072379783664,71.41574941091352,71.9583969116211,7240775
2863,2019-05-27,72.61731719970703,73.4894224884583,71.95839635807765,72.2684761356452,6424176
2864,2019-05-28,73.72198486328125,74.14834849982878,72.7917402744824,72.96615817771092,11255911
2865,2019-05-29,73.70260620117188,74.80727394068803,73.39252116950082,74.1871091345392,8310232
2866,2019-05-30,74.10958099365234,75.15610935396586,72.927396027944,74.96230819518135,34989609
2867,2019-05-31,73.37315368652344,74.57472218517798,73.02431257586736,74.22587581732785,11849847
2868,2019-06-03,74.82666015625,75.00108333425656,73.64446971494806,73.74137031224197,12106965
2869,2019-06-04,74.78790283203125,75.97009333602688,74.40030042230038,74.63286291957773,11447117
2870,2019-06-06,75.75689697265625,76.80342541764223,75.2530160219257,75.58247906995413,26132949
2871,2019-06-07,74.3227767944336,75.98947028720251,74.09021955761409,75.75690779318893,8783688
2872,2019-06-10,75.3111572265625,75.95070006702343,74.57471379641979,74.78789299084228,11231885
2873,2019-06-11,75.05921173095703,75.85379441039288,74.7685099813303,75.69875452869724,6589306
2874,2019-06-12,74.0902099609375,75.03983257413299,73.76074690852543,74.80727536743589,7509749
2875,2019-06-13,75.13673400878906,75.36929647529848,73.50880725760999,74.109588810332,11041648
2876,2019-06-14,75.42743682861328,76.33830343510412,74.94293387379831,75.19487961605692,34979466
2877,2019-06-17,75.21426391601562,76.14450861554968,75.03984073483063,76.12513059861533,10860754
2878,2019-06-18,76.66776275634766,77.07474311566436,75.25301524873095,75.46619443557431,17815522
2879,2019-06-19,77.63677215576172,78.10189709376561,76.74528882464666,76.7840448551524,32722391
2880,2019-06-20,77.88870239257812,78.58638970779265,77.24915962985942,77.77242380197211,11459458
2881,2019-06-21,77.48173522949219,78.31507928956988,76.95847096849661,77.98561621729905,16601442
2882,2019-06-24,77.15227508544922,77.81120125499966,76.57087149720844,77.52049946087926,9883389
2883,2019-06-25,78.14065551757812,78.41197928258947,77.13289354969292,77.13289354969292,10375296
2884,2019-06-26,81.26084899902344,81.76472992847721,77.92746788754889,78.0825077691352,31182825
2885,2019-06-27,80.50502014160156,81.35774735274894,79.94299992910288,81.04766759807333,13741562
2886,2019-06-28,80.19493865966797,81.24146700924547,79.32283345408433,80.29183923806616,12067819
2887,2019-07-01,80.25308990478516,81.39651900301503,79.71044763639561,80.33061248192378,11211814
2888,2019-07-02,80.36936950683594,81.08642964995637,79.98176715609263,80.38874752149576,12203723
2889,2019-07-03,80.98953247070312,81.2608562305194,80.11742714482827,80.6988306954115,13693989
2890,2019-07-04,81.47402954101562,81.70659199587926,80.50502369341145,81.00890988848153,12324046
2891,2019-07-05,79.7879638671875,82.17172262393402,79.14842101470163,81.41589590732752,12525923
2892,2019-07-08,78.0050048828125,79.98177819589397,77.65615851323795,79.45851389872621,8948141
2893,2019-07-09,79.3615951538086,79.53601304152592,77.36543902256497,78.27630551573168,6875651
2894,2019-07-10,79.57479095458984,80.02053265927864,78.72206357912033,79.34222846517143,12675299
2895,2019-07-11,80.8538818359375,81.06706105072841,79.8848705893413,80.00115446238594,7808266
2896,2019-07-12,80.11742401123047,81.33837562545557,79.22594070474847,80.85387268558637,6349095
2897,2019-07-15,79.43911743164062,80.13680479772981,78.64453473777613,79.71044117242974,6656137
2898,2019-07-16,80.97015380859375,81.16395499057379,79.18718188293873,79.38098306491877,6627472
2899,2019-07-17,80.62132263183594,81.60970667841885,80.02053573961203,80.93140245820081,6388864
2900,2019-07-18,79.59416961669922,80.97016129021483,79.45851298253338,80.97016129021483,8419638
2901,2019-07-19,79.72982025146484,80.48564692719177,78.60577450225536,79.76858153740861,10869152
2902,2019-07-22,79.10965728759766,80.3112256366365,78.5282537565008,79.84610596607504,9061812
2903,2019-07-23,81.57093048095703,81.78411492267412,79.14841585139834,79.34221702176305,14046808
2904,2019-07-24,81.31898498535156,82.55931450190967,80.83448208938245,81.26084568927385,18181391
2905,2019-07-25,82.61746215820312,83.1019651032,81.33837648628872,81.39651578824966,28085772
2906,2019-07-26,81.99729919433594,82.94692709091544,81.49341822300408,82.61746402941682,10950941
2907,2019-07-29,80.58255767822266,82.36552974180225,80.05929339495994,82.30739043414948,5948953
2908,2019-07-30,80.71820831298828,81.3189898369563,80.11742153182706,80.54378515715592,10050004
2909,2019-07-31,81.70660400390625,82.92755575707947,80.2143337278454,80.42751819996492,26229893
2910,2019-08-01,82.94692993164062,83.81903528225487,81.31899784094989,82.1523419023203,27069006
2911,2019-08-02,81.60969543457031,82.92754765803815,80.75697340095438,82.5399400426938,20863783
2912,2019-08-05,77.96624755859375,81.39653006215346,76.29955398121278,81.39653006215346,18063375
2913,2019-08-06,76.78404998779297,78.50888271956116,76.06698977479576,77.75305595907984,11846580
2914,2019-08-07,77.07474517822266,77.88871117583146,76.39644105641422,77.13288973727525,9432897
2915,2019-08-08,78.56700134277344,80.87323705017188,76.37704947563273,76.76465176210694,6595239
2916,2019-08-09,78.29571533203125,80.95079314573394,78.0050134967469,78.87711900259995,9175926
2917,2019-08-13,78.29571533203125,79.61356260054805,76.26080248504077,77.69492838479346,7558090
2918,2019-08-14,79.51663208007812,79.92361239352024,76.64837610221946,77.92746159348843,8024154
2919,2019-08-16,81.84226989746094,83.04383843529514,78.41198747357082,79.10966971763237,11894601
2920,2019-08-19,81.21466064453125,82.3717899998495,80.86163984262896,82.03837939575916,8100095
2921,2019-08-20,80.82243347167969,82.72483060194925,80.66553589107899,81.19506988076837,8711658
2922,2019-08-21,80.371337890625,81.43040569815015,80.13598889782116,81.05776934952871,5649369
2923,2019-08-22,79.52799987792969,80.62628795982981,78.76311706791031,80.21443125916319,5059207
2924,2019-08-23,79.03768157958984,80.25364132804124,78.72388122500318,79.25341500071947,7611285
2925,2019-08-26,79.58684539794922,79.82219439253684,78.11592083200696,79.37110660283375,7846961
2926,2019-08-27,81.01853942871094,82.13644309641144,79.64567658210638,79.64567658210638,18828020
2927,2019-08-28,80.70475006103516,82.86210611591552,80.15560062728173,81.56768929087666,15756988
2928,2019-08-29,80.33211517333984,81.11660829854176,79.88103269038565,80.70475153588455,8660979
2929,2019-08-30,78.64546203613281,81.27351097899017,76.09585921862629,80.54785372843212,15630977
2930,2019-09-03,77.29219818115234,79.39071818861682,76.89995164967054,78.99847165713501,9494810
2931,2019-09-04,77.23335266113281,78.05707133884809,76.60575722476959,77.4490860985467,8565768
2932,2019-09-05,78.19436645507812,79.74374244946952,77.40987335820842,78.05708441927337,14199248
2933,2019-09-06,79.82218170166016,80.15558696078504,78.46892918807228,78.58660100656536,13782929
2934,2019-09-09,79.58684539794922,80.35172298012859,79.15537312790262,79.72413275480736,4769289
2935,2019-09-11,78.99846649169922,79.97908275628463,78.3708710183278,79.62606196507062,7723322
2936,2019-09-12,78.31204223632812,79.2338226729977,77.52754915323644,79.2338226729977,11516235
2937,2019-09-13,79.48876953125,79.62605686353288,78.07668113668092,78.25319418107082,7223537
2938,2019-09-16,79.29264831542969,80.0183053872955,78.7827246853856,78.84156591514018,6031015
2939,2019-09-17,78.62582397460938,79.50837854304773,78.19435178822508,79.39070672866261,5823968
2940,2019-09-18,79.2534408569336,79.62607723701964,77.76290597695889,78.64546078435609,7206830
2941,2019-09-19,78.90042877197266,79.52802443550478,78.09631999925841,79.52802443550478,6306748
2942,2019-09-20,76.95878601074219,81.94031898800478,76.64499091996923,78.52777210497494,51859153
2943,2019-09-23,73.86003112792969,77.76288572097347,73.11476388207251,77.2725776223591,24586363
2944,2019-09-24,74.703369140625,75.29173893100567,72.56562344083495,73.70314262505147,18234411
2945,2019-09-25,77.95902252197266,79.78296790207037,75.74282527456495,75.89972814956266,48245282
2946,2019-09-26,78.15514373779297,78.99847272787243,77.31180942752935,78.42971312144127,15826874
2947,2019-09-27,77.70405578613281,78.35126682651307,76.89995251561402,77.58638395343684,10034452
2948,2019-09-30,78.07669830322266,78.44933466989497,76.7430610396439,77.27259496905762,9111327
2949,2019-10-01,77.07646179199219,79.48877680502528,76.88033853369383,78.25320134178237,7634447
2950,2019-10-03,78.09629821777344,78.44932433767676,76.29196850361087,77.15490764512691,9432906
2951,2019-10-04,77.09608459472656,78.37088598209212,76.7234482149612,78.07670104654622,19442087
2952,2019-10-07,77.07646179199219,77.42948259289247,76.25274304310229,77.1549079032012,11655995
2953,2019-10-09,77.54715728759766,78.01785525299434,76.64499239413544,77.46871117348759,8504262
2954,2019-10-10,78.09629821777344,78.2924214754158,77.07646153418028,77.62560559154211,6982965
2955,2019-10-11,78.8415756225586,80.11637687435423,78.01785682659228,78.07669274340755,10517558
2956,2019-10-14,77.82171630859375,79.35147640765395,77.54714166406728,78.84155814802821,11162487
2957,2019-10-15,78.93963623046875,79.23382113090254,77.78250682735555,77.82173254478354,5013200
2958,2019-10-16,77.88056945800781,78.93963724120327,77.13530209807006,78.84157560646977,6668842
2959,2019-10-17,77.54715728759766,78.3512658684683,77.07646464238506,77.95901933736576,7899823
2960,2019-10-18,79.44955444335938,79.72412914464203,77.27258831241862,77.54715769351718,8795448
2961,2019-10-22,80.43016052246094,81.41077673033463,78.84156439377891,78.84156439377891,10675241
2962,2019-10-23,80.90087890625,81.19506384307005,79.35150277759055,80.4105706782166,5777589
2963,2019-10-24,80.05752563476562,81.29310633443062,79.86140238976273,80.95969575388901,5428181
2964,2019-10-25,79.60645294189453,80.56745908765978,78.90041130186826,80.56745908765978,3993616
2965,2019-10-27,79.3711166381836,80.13599963725589,78.84158798364048,80.01832778517631,388417
2966,2019-10-29,78.8611831665039,79.58684030328683,78.25320317957402,79.33188112554797,5943950
2967,2019-10-30,78.42971801757812,79.95947854255303,78.17475881677973,79.95947854255303,6419057
2968,2019-10-31,77.80211639404297,78.80234823950408,77.6059931286801,78.56699925703182,15582577
2969,2019-11-01,77.39027404785156,77.99825415539608,77.17454054393191,77.84135657798315,8803683
2970,2019-11-04,76.39002990722656,77.91979024829025,76.1154552192632,77.62560536269402,15175738
2971,2019-11-05,76.64498901367188,77.0764612428912,76.0566192429684,76.39002984373714,8153818
2972,2019-11-06,76.52730560302734,77.07645493354524,76.37040807438655,76.64498273964549,9183411
2973,2019-11-07,76.1742935180664,77.21374574902455,75.95856005661275,76.88034045772055,15498054
2974,2019-11-08,75.174072265625,76.6449968426324,74.86027183041946,76.58616092358898,11762251
2975,2019-11-11,75.21328735351562,75.74282122788098,74.66414328091541,75.1740669570459,10089055
2976,2019-11-13,74.23268127441406,76.23313989776771,73.86005021527964,75.31136469030878,9456977
2977,2019-11-14,73.74235534667969,74.5856895479338,73.31088846812038,74.52684831887255,19380370
2978,2019-11-15,73.6051025390625,74.09541084123647,73.25207630534878,73.74238460752275,18256039
2979,2019-11-18,74.78182220458984,74.91910423585803,73.21283606269863,73.62469279687143,11766437
2980,2019-11-19,76.66460418701172,76.88034297571528,74.60530985589622,74.91910495923062,22218922
2981,2019-11-20,76.91957092285156,77.33143302160784,76.09585736570841,76.86073500022486,9597590
2982,2019-11-21,76.99801635742188,77.25297554902991,76.0958514270598,76.80189308384888,12107895
2983,2019-11-22,77.95902252197266,78.92002337032008,76.88034451737695,76.88034451737695,16199814
2984,2019-11-25,77.90018463134766,78.60623163862535,77.58638950823612,78.05708751308792,6529113
2985,2019-11-26,76.25275421142578,78.21398708166046,76.05663092440231,78.0766997167071,21594044
2986,2019-11-27,76.52730560302734,76.88033169269839,76.13505912133364,76.46846969480997,12155700
2987,2019-11-28,76.93917083740234,77.56676629854907,76.17428803785107,76.95878103423858,6724188
2988,2019-11-29,75.82127380371094,76.84111585115555,75.3505758371414,76.64499258511559,17547179
2989,2019-12-02,75.07600402832031,76.48809256216816,74.68375750892835,76.48809256216816,19957065
2990,2019-12-03,74.29151153564453,75.35057395367753,74.17383438685157,75.35057395367753,7451455
2991,2019-12-04,73.8992691040039,74.526859318237,73.62469439513873,74.31112584711741,10311154
2992,2019-12-05,73.46778869628906,74.0953841611256,73.15398830377896,73.93848130477872,4569931
2993,2019-12-06,73.1932144165039,73.80119968770025,72.89902953952675,73.52662500778142,5388071
2994,2019-12-09,73.72276306152344,74.07578392074058,72.78137233021616,73.35012668112579,5459781
2995,2019-12-10,71.68305969238281,73.72274350256576,71.46732625792532,73.72274350256576,10563080
2996,2019-12-11,71.29081726074219,71.89880252721439,69.9375700292724,71.78112538522768,39214905
2997,2019-12-12,72.46755981445312,73.87964833653615,71.0162508969048,71.6830667822052,63493233
2998,2019-12-13,72.84019470214844,73.56585180676149,72.56562001818119,72.84019470214844,12987237
2999,2019-12-16,73.33051300048828,73.70314936320379,72.74214315631716,73.03632807840272,8479418
3000,2019-12-17,73.76197052001953,74.0757655793638,72.80096450547963,73.48739585295573,17903634
3001,2019-12-18,73.4285659790039,74.13460758064554,73.0167092647436,73.36973006556441,10099352
3002,2019-12-19,73.11477661132812,73.40896152171423,72.52640679055591,73.3893460022446,5749401
3003,2019-12-20,72.99710845947266,73.5266424275241,72.6048618639064,72.8206006835788,9690984
3004,2019-12-23,72.8794174194336,73.54623326420997,72.46755541042297,72.82058150962737,17045076
3005,2019-12-24,73.4089584350586,73.50702006773072,72.76174740327525,73.134383735503,3748896
3006,2019-12-26,72.50677490234375,73.54622695367667,72.19297986351297,73.4677808540605,3925143
3007,2019-12-27,74.15422058105469,74.33072831538074,72.76174230261388,72.76174230261388,7122947
3008,2019-12-30,74.64453125,75.11522387773627,74.01693575950111,74.13460758638921,6925363
3009,2019-12-31,74.62493133544922,75.40942985274216,74.23268473689524,74.33074638653373,11907723
3010,2020-01-01,76.68421936035156,76.84111691131139,74.62491971833632,74.7425968716943,13620373
3011,2020-01-02,76.52730560302734,77.15490103777394,76.23312074175706,76.70381864786286,5673692
3012,2020-01-03,75.70361328125,76.40965501639324,75.01717642738174,76.19392151959528,7358268
3013,2020-01-06,75.7428207397461,76.0762313488781,73.74236240513808,75.31135381988771,7355290
3014,2020-01-07,75.19367980957031,76.29197331372383,74.97794634063554,75.76243942066625,14023712
3015,2020-01-08,74.74260711669922,74.89950468916507,74.07578578348826,74.64454546888496,9451757
3016,2020-01-09,75.68399047851562,75.86050355541263,74.97794881129629,75.29174392557502,7714854
3017,2020-01-10,75.37019348144531,75.9781734952418,74.91910570068457,75.9781734952418,4118638
3018,2020-01-13,76.40963745117188,76.48808887934648,75.23289794965477,75.46824691399493,27682638
3019,2020-01-14,76.58616638183594,77.01763336569432,76.19391980001214,76.40965329194132,5994314
3020,2020-01-15,76.19391632080078,76.80189636679182,75.66438239548158,76.64499880526361,7114590
3021,2020-01-16,77.05685424804688,77.54716244453084,76.13507377462014,76.13507377462014,8552344
3022,2020-01-17,77.42948913574219,77.60599689101542,75.95856457421024,76.86072951054277,4698386
3023,2020-01-20,80.27326965332031,82.76403609200915,79.72412559538654,80.175208024397,49337827
3024,2020-01-21,78.68467712402344,80.1359915271117,78.05708688286747,79.88103232661902,17283910
3025,2020-01-22,78.46892547607422,79.37109022899995,75.72320018607721,78.64543851564733,56787054
3026,2020-01-23,79.21420288085938,81.35194854504424,76.05662051981443,77.1745241669553,226059260
3027,2020-01-24,77.25296020507812,77.72365809623722,76.19389793024504,77.05683697045905,16151679
3028,2020-01-27,75.70361328125,77.05686082697204,75.4290385397027,77.03725062551217,8213919
3029,2020-01-28,74.703369140625,75.70360097638255,74.1738352652456,75.70360097638255,9174575
3030,2020-01-29,75.46825408935547,76.01739817823817,74.23267323913919,74.70337121257246,17600091
3031,2020-01-30,76.25275421142578,76.58616486340262,75.07601448928499,75.46826106333192,26386034
3032,2020-01-31,73.29129028320312,76.68422744642605,72.60485877021104,76.60577600258165,63986362
3033,2020-02-03,73.48739624023438,74.13460187865735,69.60415708951308,70.95740427527322,16329297
3034,2020-02-04,76.23313903808594,76.60577541320288,73.74237221749797,73.87965958307709,14207381
3035,2020-02-05,74.27191162109375,76.76267862486029,73.7423776407363,76.13508299333238,14550344
3036,2020-02-06,75.66438293457031,75.99779358030857,73.99733502606361,74.50725343470948,9175642
3037,2020-02-07,74.68375396728516,75.62514450514658,73.95809687678526,75.62514450514658,18058457
3038,2020-02-10,73.1932144165039,74.95832367836684,72.4675573225902,74.8014261413491,30471811
3039,2020-02-11,74.33071899414062,74.99754009401914,73.78157502257285,73.9384725401375,32456571
3040,2020-02-12,74.27191162109375,75.27214365514342,73.95811646542232,74.54648637244505,16386952
3041,2020-02-13,74.74260711669922,74.97795613549044,73.62470326757962,74.05617558199936,18581113
3042,2020-02-14,72.21260833740234,75.0760114023187,71.93803361878555,74.72298524404442,23830630
3043,2020-02-17,72.01648712158203,72.87943170179847,70.8201372137309,72.56563125436313,17670292
3044,2020-02-18,72.56563568115234,73.09516964585315,70.93781338388943,71.62424492178697,30879880
3045,2020-02-19,73.54622650146484,73.72273953483626,71.78111744848287,72.95785681713753,22313738
3046,2020-02-20,74.23268127441406,74.80144094386232,72.91865948669697,73.54624975896225,25907657
3047,2020-02-24,72.99710845947266,74.21307396976505,72.58525166220205,74.13462252257781,14921452
3048,2020-02-25,73.01671600341797,73.62469603204265,72.70291556914042,72.99710048367191,17807428
3049,2020-02-26,72.89904022216797,73.89927214257472,72.15377282198428,72.5656295820324,17113656
3050,2020-02-27,73.13439178466797,73.62470000199191,71.11432299333023,72.60485784592117,28472046
3051,2020-02-28,71.19276428222656,72.68330435379917,70.2709838322066,71.95764717739263,28010970
3052,2020-03-02,71.97726440429688,73.42857889881138,71.29083287962902,72.07532605067799,19540018
3053,2020-03-03,75.19367980957031,76.37041942961639,71.40850176245895,72.09493320748582,16039306
3054,2020-03-04,77.29219818115234,77.66483451413369,73.958102663557,74.80143164220607,16939245
3055,2020-03-05,76.8607177734375,78.27280620091044,76.31157375169346,76.89994348645855,9715265
3056,2020-03-06,74.76220703125,75.54670010582147,73.80120620701045,74.7229813134846,14371982
3057,2020-03-09,70.97703552246094,73.977720743966,69.80029580264055,72.52641161496497,69609292
3058,2020-03-11,71.15355682373047,72.13417344345497,69.5257342990249,70.40828925677697,42604599
3059,2020-03-12,65.15216827392578,69.78067538572063,64.62263437312431,69.11385945005351,58418097
3060,2020-03-13,65.85820770263672,67.70176853344275,58.64087256874244,63.857749322869,44617540
3061,2020-03-16,64.23554229736328,66.24862376201712,63.035831705568654,66.04528242279903,39669086
3062,2020-03-17,65.88262176513672,69.27842381625649,63.34085458854825,63.66619858075645,35460792
3063,2020-03-18,58.62332534790039,67.06199118550072,49.67630063060218,66.6959778668263,119909061
3064,2020-03-19,59.8433723449707,61.77511509234402,56.976256115592875,59.131677648570005,44039786
3065,2020-03-20,63.950862884521484,65.82160416672154,60.290719056037794,60.290719056037794,131485883
3066,2020-03-23,62.22246170043945,63.3815083505947,57.565943173810254,57.565943173810254,39665620
3067,2020-03-24,59.90436553955078,63.93052245984349,59.13166964834085,61.83610802556868,42302851
3068,2020-03-25,61.10408020019531,63.82885044448047,60.331378809441404,60.39238561522749,23309603
3069,2020-03-26,64.39822387695312,65.76060652356603,59.88404475603346,61.24643291863355,25329120
3070,2020-03-27,65.06925201416016,67.61101902455852,63.706863793389154,64.49989730702842,28883749
3071,2020-03-30,63.300174713134766,65.02857610658532,62.24279863982647,63.035832073804414,22364337
3072,2020-03-31,64.70321655273438,65.80125621633141,63.6051713731518,64.41853653847652,24838523
3073,2020-04-01,62.873165130615234,65.86227866073612,62.28347298990459,64.662567966031,14182117
3074,2020-04-03,63.523841857910156,65.25224308475431,61.71410741233573,62.85281660245028,21066826
3075,2020-04-07,64.25589752197266,65.84195930357643,63.605203953215415,65.47594589489685,24741992
3076,2020-04-08,64.39822387695312,66.16728922786533,63.13750639042786,64.21521445362356,21481260
3077,2020-04-09,66.87898254394531,67.79401853376945,64.39821720166921,65.43525578374191,15607786
3078,2020-04-13,65.04891204833984,67.0619936489789,63.95087205198082,66.69598031685922,14901247
3079,2020-04-15,64.88623809814453,66.65530891830286,64.43888603203746,65.65893411270017,25249654
3080,2020-04-16,66.45195770263672,67.79401370164699,64.05253127020688,64.33720580382514,31150756
3081,2020-04-17,68.22103118896484,70.45778576735847,66.79764191180527,68.18036182070585,18536308
3082,2020-04-20,67.30597686767578,68.81070447094571,65.94358925649652,68.81070447094571,24177042
3083,2020-04-21,66.14697265625,67.50936113515299,65.943631256891,66.69599553771698,13915863
3084,2020-04-22,65.96393585205078,66.18761460823637,63.68651753588394,65.06923737526701,19702407
3085,2020-04-23,64.25589752197266,65.84195930357643,64.09322550878044,65.67928729038421,32128585
3086,2020-04-24,64.72357177734375,65.10992257636177,63.340851601680015,63.84920501302606,33134279
3087,2020-04-27,64.90657806396484,65.67927410853888,64.11354457433077,65.67927410853888,9762001
3088,2020-04-28,63.93051528930664,65.23190176136887,63.76784335929525,65.08956175411433,26134701
3089,2020-04-29,64.27621459960938,65.31325878650634,63.442517277190625,64.86590671662846,14509262
3090,2020-04-30,65.9029541015625,66.4723088494232,63.9305416571988,64.90658467180323,18702868
3091,2020-05-04,64.68289947509766,65.67927432265667,64.09321285420515,65.43526359305167,12598146
3092,2020-05-05,66.55364227294922,67.44834645931365,65.15058468887484,65.65893808658478,18305545
3093,2020-05-06,67.26531982421875,67.77367309189906,66.16727455963489,66.24861328885814,12853774
3094,2020-05-07,65.78092956542969,67.10264806500795,65.47591760398855,66.5536254312167,8561359
3095,2020-05-08,64.6625747680664,66.12663379322858,64.29656139077284,66.12663379322858,30898767
3096,2020-05-11,64.58123779296875,66.04529685854067,64.3982338572648,64.78457917663185,9453421
3097,2020-05-12,66.41129302978516,67.1026557614093,64.13386901994956,64.45921845906128,19986028
3098,2020-05-13,67.773681640625,69.90876563419403,65.90294027639577,69.72576174433726,27175817
3099,2020-05-14,65.39460754394531,66.69599468969143,65.06926351550298,66.69599468969143,26454121
3100,2020-05-15,64.98790740966797,65.780940851875,64.35755145426326,64.74389669545143,20009870
3101,2020-05-18,62.83249282836914,65.15058087669487,62.34447138872843,65.00824634645447,32898286
3102,2020-05-19,64.27621459960938,64.78456797083717,62.62915188322614,63.03583458020838,12276533
3103,2020-05-20,64.43888854980469,65.33359271697687,63.34084854389768,63.544189898619784,24677051
3104,2020-05-21,64.62188720703125,65.0082379230177,63.849191291044676,64.07286453757177,17176100
3105,2020-05-22,63.381507873535156,64.25587445707586,62.66981324479494,63.84919181208145,25080927
3106,2020-05-26,63.99154281616211,64.54056006827693,63.23917869068784,63.50352135207411,18512685
3107,2020-05-27,63.91019821166992,64.21521021978434,63.34084356638705,63.991536953561834,22655078
3108,2020-05-28,63.950862884521484,64.398214900089,63.46284150099575,64.398214900089,25797051
3109,2020-05-29,64.07286834716797,64.52022038280683,63.68652312419683,63.95086575380586,63844851
3110,2020-06-01,64.60154724121094,65.49624563195398,64.13385784870214,64.47953915430121,45314328
3111,2020-06-02,67.12298583984375,68.46504189675052,64.4998860524111,65.00823936578796,43626060
3112,2020-06-03,66.91966247558594,68.11937882355117,66.63498785328073,67.30601330384266,13811685
3113,2020-06-04,68.8310546875,69.11573474735205,67.14332280234223,67.18399217031916,23992166
3114,2020-06-05,69.72576141357422,70.8848081077822,66.9196466225486,67.9160213545489,22851633
3115,2020-06-08,70.0917739868164,71.12881256171525,69.48174999782023,70.53912601527757,11723588
3116,2020-06-09,69.3597412109375,70.78313602063734,69.13606795689145,70.7627985782781,8412588
3117,2020-06-10,69.15638732910156,69.64440863332023,68.56670089548834,69.35972861986174,10101681
3118,2020-06-11,69.5427474975586,72.51153405821515,68.26169829378954,68.3430315116242,22109491
3119,2020-06-12,67.63134002685547,68.89205736351279,67.346665477279,67.52966936286676,20331770
3120,2020-06-15,66.39096069335938,67.50933800668157,66.12661806795326,67.1839940855643,13833335
3121,2020-06-16,66.16728210449219,67.61100885891969,65.65892877884588,67.38733560202995,13972830
3122,2020-06-17,64.86591339111328,65.80128148402382,64.398229344658,65.41493619172932,28371013
3123,2020-06-18,67.2856674194336,67.63134328083765,64.86590329368428,65.35391919471833,19720997
3124,2020-06-19,69.70543670654297,70.0714555833681,67.12300021820957,67.44834971805551,21577413
3125,2020-06-22,72.63353729248047,73.10122122616743,69.40040809197325,71.73883327639437,33039735
3126,2020-06-23,76.23268127441406,76.86303717368017,72.81654812757932,73.81291730758014,34298071
3127,2020-06-24,72.59288024902344,76.61904348893097,71.98285618430863,75.94801260495485,32910525
3128,2020-06-25,72.93855285644531,74.54495157279752,70.90513955270157,72.55220212233935,40909792
3129,2020-06-26,72.8775405883789,74.05691902379044,72.45052054929118,73.58923513753932,11954078
3130,2020-06-29,72.49119567871094,73.3248983836353,72.04384368045716,72.38952502074355,7547198
3131,2020-06-30,71.10847473144531,73.18255722503132,70.76279339651663,72.79620652434876,11889584
3132,2020-07-01,70.53913116455078,71.33215909854394,69.90876968698048,71.16948712613409,15209917
3133,2020-07-02,71.21015167236328,71.90151440323565,70.19344501871956,70.55945831083397,15481100
3134,2020-07-03,72.22686004638672,72.95888664805177,71.21015336852595,71.57616666935849,22720042
3135,2020-07-06,72.38954162597656,72.67422173998172,71.49484294022281,72.55221361284201,11724475
3136,2020-07-07,70.39678955078125,72.59287491932255,69.82743490204638,72.59287491932255,20855578
3137,2020-07-08,69.0344009399414,71.0271449532136,68.64805019055768,70.35611963964061,16818545
3138,2020-07-09,69.76642608642578,70.1527712811618,68.93272337275828,69.33940600889278,16110083
3139,2020-07-10,70.19344329833984,70.66112724435611,68.93272597552338,69.7867606468498,23809286
3140,2020-07-13,68.77005767822266,70.8441404144066,68.40404437559884,70.19344703419384,10803798
3141,2020-07-14,66.43162536621094,68.64804239360758,66.28928534228967,68.52603981081005,16288923
3142,2020-07-15,66.5129623413086,67.63133963876683,66.32995845677097,67.12298632174036,15061461
3143,2020-07-16,65.96393585205078,66.89930921103506,64.86589606018167,66.89930921103506,15458966
3144,2020-07-17,66.41129302978516,66.63497180342196,65.740267740848,65.740267740848,13711930
3145,2020-07-20,66.49264526367188,66.79765732200082,66.02496121076506,66.41130650838906,8390572
3146,2020-07-21,70.62046813964844,70.9458176177171,66.73665045985767,66.73665045985767,33717545
3147,2020-07-22,73.0605697631836,73.77226455893774,70.68148014445276,70.76281338294633,46076322
3148,2020-07-23,73.91458892822266,74.23993836108396,72.16585572204433,72.38952897539743,18738194
3149,2020-07-24,74.01625061035156,74.5246038662746,72.65386278128065,72.9995440985055,14438899
3150,2020-07-27,73.56891632080078,73.83326449019319,72.69454961369706,73.73159381457678,11938756
3151,2020-07-28,73.9755859375,74.36193664289449,72.67420482940749,73.28422877519696,11893746
3152,2020-07-29,73.91458892822266,75.03296622696116,73.40623561061425,73.73158504347555,13335993
3153,2020-07-30,71.9218521118164,74.52462025118733,71.41349874412727,74.21960823057384,23995122
3154,2020-07-31,72.51154327392578,72.93855789079062,71.65750852420913,71.82018049653921,14354565
3155,2020-08-03,72.61320495605469,72.99955015300772,70.8034650084765,72.7962088337736,12500988
3156,2020-08-04,72.49119567871094,72.81654509379833,71.4134878074538,72.32852372916035,9628257
3157,2020-08-05,71.55583953857422,72.3692049353826,71.23049007025858,72.00319161001626,10577794
3158,2020-08-06,71.5354995727539,72.28786364148161,71.33215823071869,71.84051158580674,8564058
3159,2020-08-07,71.55583953857422,72.3692049353826,71.27115944329643,71.49483823701101,8026904
3160,2020-08-10,72.08451843261719,72.71487986870406,71.67783577036242,71.92184647091261,7766140
3161,2020-08-11,71.9218521118164,74.15860692964857,71.39316681581454,72.45053740781827,21833550
3162,2020-08-12,72.40987396240234,72.97922863425006,70.43746178136995,71.6575098707524,19435650
3163,2020-08-13,72.69454193115234,73.3249033629482,71.73883657816201,73.18256332893066,10641012
3164,2020-08-14,71.3321533203125,73.4672372647061,70.80346807380965,73.4672372647061,17130105
3165,2020-08-17,72.65388488769531,74.21961449554036,71.4135047722267,71.57617676042113,17368089
3166,2020-08-18,72.28785705566406,73.16222364355858,71.7998411888326,73.14189171760216,13890131
3167,2020-08-19,72.12519836425781,72.95889573757442,72.00319575410963,72.59288239114244,12400644
3168,2020-08-20,73.69091033935547,76.49701934618318,71.75916787230932,72.06417984079029,44062975
3169,2020-08-21,76.9037094116211,77.47306403800943,74.26027209568764,74.42294405808622,49949864
3170,2020-08-24,75.33798217773438,77.53407303803141,74.9923008003923,77.12739036256704,19724617
3171,2020-08-25,75.13463592529297,75.96833866505281,74.42294128978372,75.84633056080222,10109220
3172,2020-08-26,75.37864685058594,77.12738555568657,74.87029353793805,76.04967212008387,18000615
3173,2020-08-27,75.31764221191406,76.31401686685619,75.11430089588393,76.009004892811,10363056
3174,2020-08-28,74.13827514648438,75.94800982940855,73.93493379901062,75.84633915567167,12114955
3175,2020-08-31,72.77587890625,75.37864676070643,72.38952818270369,74.62628275568736,24259718
3176,2020-09-01,73.3655776977539,74.13827927396221,72.63355101248932,72.81656044179915,16505345
3177,2020-09-02,75.3790054321289,76.16940206233261,72.90381019408422,74.02700926597822,30959608
3178,2020-09-03,74.25581359863281,75.48301249524171,73.90221343839418,75.04621030588375,11884498
3179,2020-09-04,72.82061767578125,74.04781087547453,72.25901811006278,73.71501405848713,17373558
3180,2020-09-07,73.27820587158203,73.611008303588,71.98861407988689,72.82061169638436,13069001
3181,2020-09-08,72.75822448730469,73.21582441255845,72.27982687368106,73.15342570510253,9597878
3182,2020-09-09,72.90381622314453,74.02701538792579,72.13421721337556,72.79981650945535,20122483
3183,2020-09-10,73.88140869140625,74.23500881785115,72.44621050150727,73.21580944910028,19635358
3184,2020-09-11,72.8622055053711,74.1726062372112,72.42540902298761,74.08940422040253,31182063
3185,2020-09-14,71.34381866455078,73.8398117282539,71.03181953158789,73.8398117282539,14143608
3186,2020-09-15,72.09261322021484,72.34220798934334,71.13581258329101,71.48941269601623,7858789
3187,2020-09-16,71.531005859375,72.15500399844511,71.05260841455677,71.96780229978637,13201491
3188,2020-09-17,70.01260375976562,71.30220100337395,69.84620538950676,71.28140332297065,10765947
3189,2020-09-18,71.51021575927734,71.96781560768115,69.59661998380847,70.3454212745634,23788415
3190,2020-09-21,70.92784118652344,71.42704220657888,69.74224299565212,71.13584067115535,13331596
3191,2020-09-22,70.22061920166016,70.90702180485566,69.26382412197158,70.22061920166016,9039386
3192,2020-09-23,68.18221282958984,70.67820539936504,67.72461306332886,70.67820539936504,8404497
3193,2020-09-24,66.2894287109375,68.66061855261536,65.93582859246462,67.4958241365994,20770480
3194,2020-09-25,66.871826171875,67.59982409522473,66.43502403245814,66.97582587521067,8761400
3195,2020-09-28,69.95023345947266,70.32463135505816,66.97584234128446,66.97584234128446,16915185
3196,2020-09-29,67.93262481689453,70.47021885348032,67.59982800391573,70.30382044699091,13468026
3197,2020-09-30,67.57903289794922,67.91183539376037,66.6846364172089,67.78703234195143,14349950
3198,2020-10-01,68.47343444824219,69.05583175810732,67.72463307069047,68.53583315245167,14856837
3199,2020-10-05,67.74542236328125,69.22221584040909,67.45422094751345,68.22381985288993,10360105
3200,2020-10-06,67.89102935791016,68.39023026055642,67.32943539536537,67.84943398464448,8989183
3201,2020-10-07,66.39342498779297,67.89101611900645,66.14382458514248,67.80781974635276,17614061
3202,2020-10-08,65.85262298583984,67.01742298074812,65.72782560604541,66.64301955667547,12953710
3203,2020-10-09,65.72784423828125,66.2894438912453,65.18704227373034,66.01904008779671,11980039
3204,2020-10-12,66.47662353515625,67.72461994689078,65.95662503026686,66.22702312434036,20670634
3205,2020-10-13,66.74701690673828,67.391818392587,66.22701843863987,66.55982084362955,11179799
3206,2020-10-14,65.33262634277344,66.89262184594146,65.02062724213984,66.7470211371768,13362234
3207,2020-10-15,64.79183959960938,65.33263586257058,64.3134420373982,65.14543976032047,15536883
3208,2020-10-16,66.1230239868164,67.05902130359323,64.62543279384946,64.93743189944173,18673957
3209,2020-10-19,66.45582580566406,67.55822150679364,66.31022509592736,66.53902218098156,18793008
3210,2020-10-20,65.39503479003906,66.72623340826811,65.27023738810632,66.55983499157591,13701957
3211,2020-10-21,68.11982727050781,69.11822336233999,65.41583479885855,65.5614355219549,36573148
3212,2020-10-22,68.6814193725586,69.0142161528929,67.05901955198067,67.45422066567934,39056262
3213,2020-10-23,70.7822036743164,71.30220211595432,68.51501385418162,68.68141222703692,29149043
3214,2020-10-26,71.57261657714844,71.94701438293247,70.57421490526428,70.74061330312996,36760149
3215,2020-10-27,72.1758041381836,72.94540299772238,71.34380659108099,71.5726093019409,23610507
3216,2020-10-28,71.90541076660156,72.61261098482886,71.36461458255351,72.61261098482886,14060472
3217,2020-10-29,71.38541412353516,72.0926143601681,70.82381459942606,71.15661703410126,17654072
3218,2020-10-30,71.13581085205078,71.55180964693392,70.42861064381154,70.92781145460921,22904945
3219,2020-11-02,71.98861694335938,72.5502108429576,71.53101710761494,71.78061753096146,13423596
3220,2020-11-03,74.8590087890625,75.17100791217345,72.32141479262434,72.38381348877748,27441682
3221,2020-11-04,73.67340087890625,74.87979619418591,72.65420162638777,74.85899851243839,19461431
3222,2020-11-05,74.48461151123047,74.79661063660936,73.46541211138798,74.04780935029285,10248002
3223,2020-11-06,74.2350082397461,74.6510070576546,73.67340870710059,74.15180621922636,8815864
3224,2020-11-09,76.56459045410156,76.83498851385376,74.50539437917297,74.83819112312271,15228920
3225,2020-11-10,77.33419799804688,77.72939347078567,75.5246020980688,76.25259999465293,13815795
3226,2020-11-11,78.89421844482422,79.45581248594443,76.50221895711793,76.50221895711793,15502357
3227,2020-11-12,78.831787109375,79.43498760781362,77.85419447323225,79.2477858966169,26079694
3228,2020-11-13,78.5614013671875,79.01900123350596,77.45900553629227,78.45740165403993,11968619
3229,2020-11-14,78.20780181884766,78.99820415875838,77.79180296304015,78.62380067465516,1162700
3230,2020-11-17,77.70860290527344,78.72779666843387,77.31340175399275,77.79179928709625,16872514
3231,2020-11-18,77.12621307373047,78.91500598411201,76.85580929037518,77.70861037183056,16685757
3232,2020-11-19,78.95659637451172,82.0349865150591,74.21420531106983,74.25580632155258,64832376
3233,2020-11-20,79.80939483642578,80.70379684875907,78.66539803607378,80.49579743051325,27479934
3234,2020-11-23,81.01580047607422,81.49419803614268,79.24779968043748,79.87180361217997,20909280
3235,2020-11-24,80.91179656982422,82.24298946617236,80.39179802226353,81.1197959888485,15308572
3236,2020-11-25,81.24459838867188,82.13899481710949,80.51660037723614,80.91180155466812,19854793
3237,2020-11-26,82.2221908569336,82.84618910699194,80.22539307133971,81.18219377350302,24879552
3238,2020-11-27,80.0381851196289,82.22217867115323,78.49898740733113,82.22217867115323,46793847
3239,2020-12-01,80.01738739013672,81.72298360190175,79.72619161498089,81.05738439214652,18193922
3240,2020-12-02,80.76618194580078,81.2029783936281,78.8525864916945,80.22538016401836,15836732
3241,2020-12-03,80.47498321533203,81.16138007420736,79.45578394688305,81.11978471006215,21308517
3242,2020-12-04,80.84939575195312,81.93099390646167,80.18380209595918,80.78699705199689,14838659
3243,2020-12-07,80.49578094482422,82.05577626217786,80.07978219352992,80.28778156917707,22078115
3244,2020-12-08,79.70539093017578,80.9533873739337,79.49739152288281,80.70379259905813,15896364
3245,2020-12-09,80.16300964355469,81.01581079980907,79.4974102549125,80.24621168301485,18701467
3246,2020-12-10,80.18379974365234,81.28619555169074,79.66379554635056,80.28779945464362,13612880
3247,2020-12-11,80.32939147949219,81.22379347064215,79.93419597959227,80.70379493734343,14876364
3248,2020-12-14,80.8285903930664,81.95178945503628,80.20459216804872,81.53579063835781,20316890
3249,2020-12-15,80.2046127319336,80.9950095578057,79.6014120361555,80.87021213774302,16084083
3250,2020-12-16,81.6189956665039,81.88939379753346,80.10060095317267,80.99499737535307,35024972
3251,2020-12-17,82.51543426513672,83.41187809349967,81.78974026362954,82.51543426513672,23058726
3252,2020-12-18,82.77157592773438,83.15576455074265,81.98185133105804,82.5154482490965,20310375
3253,2020-12-21,79.18579864501953,82.47275791957688,78.73757955753308,82.38738588809694,21609326
3254,2020-12-22,81.23479461669922,81.55495268464355,78.97234079595525,79.16443795268009,23934507
3255,2020-12-23,81.08538055419922,81.8324159925776,80.67984471455003,81.7470381979477,9836093
3256,2020-12-24,81.10673522949219,82.06721530983337,80.87195494111963,81.21345459509719,12945145
3257,2020-12-28,81.76838684082031,82.08854489092681,81.10672339666307,81.19210119264957,6879688
3258,2020-12-29,80.97867584228516,82.23796669626202,80.67985929696637,81.78974187828383,8549660
3259,2020-12-30,81.1921157836914,81.38421296423522,79.74073352035968,81.10673797236163,19132583
3260,2020-12-31,81.04269409179688,81.53360195093,80.27431707662288,81.32016324783774,23272111
3261,2021-01-01,80.89329528808594,81.06405090241628,80.46641783205217,80.67985656006906,3074621
3262,2021-01-04,80.445068359375,81.27748163268939,80.25297120710384,81.10672603516147,7133203
3263,2021-01-05,80.25298309326172,80.89329930914128,79.48460595016478,80.89329930914128,10478882
3264,2021-01-06,83.7320556640625,84.35102465410849,79.82612134562177,80.25299890699037,54265234
3265,2021-01-07,84.11621856689453,86.14388636281198,83.45456086523765,84.52175444203631,40129922
3266,2021-01-08,86.89093780517578,87.08303500019466,84.32967275104026,84.84192807782608,29487917
3267,2021-01-11,86.89093780517578,87.50991250921724,85.994493878249,87.08303500019466,12726089
3268,2021-01-12,86.9549560546875,87.40318085011498,85.35416562079499,85.82373197271598,31454127
3269,2021-01-13,87.50989532470703,88.19290036299932,86.48538487232078,86.9976400985139,23792586
3270,2021-01-14,87.55257415771484,88.57708456004613,86.91225805120546,87.91542110938256,12024674
3271,2021-01-15,86.65614318847656,87.83005614453299,86.44270446919357,87.06167328117675,13530190
3272,2021-01-18,83.56127166748047,86.22925533631508,83.04901648710619,85.90909729605492,26118654
3273,2021-01-19,85.22610473632812,85.37551300153072,83.34784511778449,83.47590603658902,19382828
3274,2021-01-20,83.7320556640625,85.63165733821431,83.3051781026939,85.37553543331113,21158179
3275,2021-01-21,83.30516052246094,84.3936957582738,82.87828305117806,83.86009891917018,12509109
3276,2021-01-22,82.89962768554688,83.79607156649108,82.38737817493337,83.24113314918567,16720401
3277,2021-01-25,81.1921157836914,84.0095082889214,80.93598813959844,83.00634506033013,9393599
3278,2021-01-27,82.10987854003906,82.9636332581298,80.8079049109086,81.10671558830352,18874916
3279,2021-01-28,79.95417022705078,81.51227182000319,79.31385402803777,81.51227182000319,16072463
3280,2021-01-29,78.73756408691406,80.67985413759041,78.11858947829191,80.55179322058383,13415015
3281,2021-02-01,80.63717651367188,80.87195680746264,77.90515605921794,78.73756944610567,9485240
3282,2021-02-02,82.89962768554688,83.51860235783838,80.7652402499161,81.53361741078459,10803602
3283,2021-02-03,88.15023040771484,89.64430171700513,83.02770020443384,83.02770020443384,73411707
3284,2021-02-04,87.65930938720703,88.64113106897022,87.16840144127362,88.15022312303682,23523019
3285,2021-02-05,88.40635681152344,88.91860635058752,85.90912221515853,87.78738210485378,28755118
3286,2021-02-08,90.73283386230469,91.09568089685835,87.80872181663806,88.15022729205779,28436890
3287,2021-02-09,89.9644546508789,92.82453616489997,89.6442965316928,89.6442965316928,27738169
3288,2021-02-10,89.83638000488281,91.35179844262794,88.3636562604723,89.87906890832139,34189378
3289,2021-02-11,91.2450942993164,91.6933133854475,88.93995681797635,89.15339558087629,20504448
3290,2021-02-12,90.7755126953125,93.48618568919598,89.87906888293976,93.48618568919598,25066544
3291,2021-02-15,90.69013977050781,91.97077799276273,90.30595119877951,91.35180333449756,8599603
3292,2021-02-16,96.28224182128906,98.13916591060968,91.05299239997962,91.09568130833699,80200957
3293,2021-02-17,98.20317840576172,98.69409210612648,94.85219504870754,96.26088832046942,39034960
3294,2021-02-18,100.95654296875,101.72492008474292,97.54152327118838,98.6087169266764,44291912
3295,2021-02-19,99.12097930908203,100.78580616300958,97.64824964288351,99.67591773379351,36335681
3296,2021-02-22,96.02610778808594,99.84666327895994,95.44982207299657,99.22768866092025,25800846
3297,2021-02-23,96.51702117919922,97.79764781117336,95.89804652600333,96.36761290533508,18293559
3298,2021-02-24,95.08697509765625,97.41345951490528,94.59606718839062,96.5383572689226,11421326
3299,2021-02-25,97.13600158691406,99.37710266805804,94.25457267710804,95.49252205683827,30696079
3300,2021-02-26,91.47987365722656,97.00793987396037,90.15655218323153,94.55339412651199,38070699
3301,2021-03-01,97.00792694091797,97.66958469475519,92.80318275875334,92.845871663171,31441940
3302,2021-03-02,96.06879425048828,97.90436503228368,95.34310603461631,97.75496255159274,18223787
3303,2021-03-03,97.1146469116211,98.24587683119914,95.49251485282029,98.18184057922589,19350542
3304,2021-03-04,96.1114730834961,98.16048817277026,95.21502934380712,95.21502934380712,22865747
3305,2021-03-05,94.01976776123047,96.47431273948013,93.63557927043998,96.47431273948013,17342685
3306,2021-03-08,95.71539306640625,97.34579342964443,94.34585794068458,94.71541653575032,15749448
3307,2021-03-09,93.91108703613281,96.5632062110581,92.71546007093627,95.86756752463623,12585004
3308,2021-03-10,93.5415267944336,95.19366938290207,93.04153852440723,94.78063226153692,10661165
3309,2021-03-12,95.67192077636719,96.04147939550717,93.65022537365046,93.78066094940174,18173078
3310,2021-03-15,97.4544906616211,98.47620944260184,95.54148867209955,96.08495548145181,30092241
3311,2021-03-16,97.58492279052734,98.78054972891161,97.17188567119777,97.88926065482991,14767699
3312,2021-03-17,95.84583282470703,97.82404965980727,95.36758085117958,97.80231334614379,12571132
3313,2021-03-18,96.10670471191406,97.17190216020558,95.71540973598825,96.08496839541549,14232655
3314,2021-03-19,100.08488464355469,100.91094720888294,95.28063397851496,96.47626109153042,70334403
3315,2021-03-22,97.19363403320312,101.91093343311816,96.60669454464467,101.91093343311816,29180881
3316,2021-03-23,95.21540832519531,97.38927555663884,94.99802160205095,97.19362514701201,38455903
3317,2021-03-24,96.10670471191406,97.34581038317337,94.30239584176114,94.36761068824993,24398959
3318,2021-03-25,94.08499145507812,97.12840542608349,93.62848171822411,96.10668669927614,20272124
3319,2021-03-26,93.30242156982422,96.51974441809635,92.23722409375755,95.36759577677506,25184863
3320,2021-03-30,96.23712921142578,97.25884801198322,93.6502247905455,94.30238497426399,53328751
3321,2021-03-31,93.75889587402344,96.12841300391533,93.32412252152885,95.60668262212542,20694060
3322,2021-04-01,95.08497619628906,95.36757774968528,93.36761876897086,94.19368711620297,11229344
3323,2021-04-05,93.10675811767578,95.21541056109088,92.75894171127413,93.56327378519441,14484908
3324,2021-04-06,90.95463562011719,95.21541942881652,90.65029771041985,93.5632824990511,25301732
3325,2021-04-07,91.54155731201172,93.9980316513957,91.10678392762397,91.69372917594572,22841720
3326,2021-04-08,90.86766815185547,92.82414853720233,90.65028144237249,92.15024619960994,20468881
3327,2021-04-09,90.56333923339844,91.93287454806278,90.43290954514198,91.0415912519936,11773021
3328,2021-04-12,87.45471954345703,89.84597400153235,86.30257084760127,89.84597400153235,18544315
3329,2021-04-13,90.75898742675781,91.04158900901298,88.01991096791855,89.1938017212772,19831072
3330,2021-04-15,90.34595489501953,91.91114068075616,90.01987476869911,90.38943342459419,10159348
3331,2021-04-16,91.23723602294922,93.38936112766591,90.1068238391928,90.21551720499644,22020846
3332,2021-04-19,87.4764404296875,89.99813004245304,86.95471581452365,89.49813584455637,18404990
3333,2021-04-20,88.56336975097656,89.43291663071345,87.6720865580431,89.12857876100085,14467660
3334,2021-04-22,88.45467376708984,89.08509759499508,87.47643355640434,88.69380269011927,11626459
3335,2021-04-23,91.80243682861328,92.56329036986394,88.69380782518768,88.82423750203371,38318040
3336,2021-04-26,93.82412719726562,94.10673464367882,90.51984795782312,90.51984795782312,19139358
3337,2021-04-27,94.19367980957031,95.86755858413993,93.82412123903028,93.93281458936607,15270611
3338,2021-04-28,96.0414810180664,96.38930332895363,94.04152189569064,95.1284555603522,16383579
3339,2021-04-29,95.71539306640625,97.23710007209522,95.23714111379131,96.99797704428377,14761969
3340,2021-04-30,95.67192077636719,96.65016105803583,94.1936921967997,94.67194418056954,16897105
3341,2021-05-03,95.99799346923828,96.88928252868409,94.23716345678383,94.56324352553406,15528063
3342,2021-05-04,94.8023681640625,96.38929590991735,94.21542874791572,96.25886034200201,20857434
3343,2021-05-05,94.86758422851562,95.80234588278256,94.25889673551224,94.80236349927112,23178237
3344,2021-05-06,93.65022277832031,95.38931656420239,92.86763293347029,94.97628532825075,18823613
3345,2021-05-07,93.28065490722656,94.258895064652,92.82414519255803,94.06325057136192,12509591
3346,2021-05-10,95.58496856689453,95.71539824421247,93.45457982308318,93.65022433906009,17845577
3347,2021-05-11,97.12841033935547,97.91100608111132,94.95454310724301,95.65018180091745,22995780
3348,2021-05-12,98.23709869384766,102.171796526956,96.97625082083599,97.1284227258884,55645370
3349,2021-05-14,99.49790954589844,99.99790366387118,97.32404848471812,99.01966353269385,18820793
3350,2021-05-17,99.30229187011719,100.43269820886199,98.737082803752,100.41096189349874,10996347
3351,2021-05-18,101.345703125,104.28043550550775,99.34575010955501,100.38921103569038,52885042
3352,2021-05-19,101.6283187866211,103.47610597205112,100.60660588403606,101.82396920034593,28081040
3353,2021-05-20,99.5414047241211,102.15004535598015,99.3022816916642,101.73700823047227,10707136
3354,2021-05-21,99.10664367675781,99.6718468588643,98.25883300660519,99.15011630846377,21702883
3355,2021-05-24,100.43268585205078,101.91092023067421,99.30227965238636,99.5631389926215,22028927
3356,2021-05-25,101.2587661743164,101.93266267209552,100.49791262656923,101.30223880230804,9165363
3357,2021-05-26,98.08489990234375,101.65003810221111,97.8022983829932,101.38917879018993,18322114
3358,2021-05-27,99.25879669189453,99.8239998000339,97.06319319836221,98.56316391172058,51194207
3359,2021-05-28,98.01970672607422,100.43269717421947,97.73709924730662,100.43269717421947,15307498
3360,2021-05-31,98.10665130615234,98.51968844204966,97.28058293135003,98.25882319290358,13102261
3361,2021-06-01,97.56318664550781,99.12837227790529,97.34579991592463,98.38925503852545,15733731
3362,2021-06-02,98.88924407958984,99.19358784393947,97.43275188790317,97.47623041095198,7995532
3363,2021-06-03,98.38925170898438,100.62833966551337,98.1066501494881,99.58487868123133,10291328
3364,2021-06-04,98.32403564453125,99.19358841957747,97.73709032244633,98.25882080807563,6142487
3365,2021-06-07,102.71524047851562,103.3891368972019,98.6501079639781,98.82401614651084,18058790
3366,2021-06-08,101.75875091552734,103.8891456158735,100.88920398379177,103.8891456158735,22511761
3367,2021-06-09,105.25867462158203,106.73689715880008,101.6500458355278,102.60654970901226,39865778
3368,2021-06-10,105.06303405761719,107.8238407885047,104.45434650098798,107.8238407885047,32690784
3369,2021-06-11,107.08473205566406,108.17166578309494,106.08475538522481,108.17166578309494,29142097
3370,2021-06-14,108.1281967163086,108.60644285455045,105.25869629888513,107.80211658732928,18732629
3371,2021-06-15,107.64994049072266,109.3455499261362,107.41080565002373,108.93251277600218,15026686
3372,2021-06-16,105.28042602539062,107.60645941558529,104.7586954928839,107.32386373121716,30706682
3373,2021-06-17,104.28045654296875,106.10649584111368,102.93265159197341,106.10649584111368,22261167
3374,2021-06-18,101.30223083496094,106.51951189489192,100.04138319455073,106.084738473231,49278209
3375,2021-06-21,102.1065673828125,102.36742671474454,99.3022764916162,100.82398344718185,11719831
3376,2021-06-22,101.75875091552734,103.04133499863431,100.88920398379177,100.88920398379177,10961545
3377,2021-06-23,100.97616577148438,102.60656634495336,100.86747239991978,102.49787297338877,10721151
3378,2021-06-24,100.4979019165039,101.28049169484626,99.17183358227584,100.97614794938436,12964208
3379,2021-06-25,100.36746978759766,101.21528037376554,99.73705772038133,100.62834093394873,7736431
3380,2021-06-28,100.80223846435547,101.08484591102432,100.30225609699747,100.86745919635108,9989595
3381,2021-06-29,102.60658264160156,103.43265711428931,100.71532239358946,101.12834783594585,61089570
3382,2021-06-30,101.04136657714844,103.30219061844193,100.86745249936305,103.10654022942919,17437744
3383,2021-07-01,100.34574890136719,101.28051668003289,100.08488950889542,101.10660255572739,15924813
3384,2021-07-02,99.10664367675781,100.47617310332515,98.95446587781535,100.34574341422147,9549992
3385,2021-07-05,100.12834930419922,100.38922045720771,99.28053869639528,99.69357584317001,6849185
3386,2021-07-06,99.4761962890625,100.2153135849305,99.2588095428652,99.73706746089074,5343938
3387,2021-07-07,100.41095733642578,100.62834406816351,99.47618967235952,99.47618967235952,7228897
3388,2021-07-08,100.4979019165039,101.36744873554733,99.80225738487903,100.04138040131926,8740010
3389,2021-07-09,100.10662078857422,100.62835134125075,99.99792741484936,100.45443722569662,2990856
3390,2021-07-12,99.5631332397461,100.75876010237664,99.21531687486844,100.30225038635075,5578309
3391,2021-07-13,99.41098022460938,100.82399397373204,99.25880243677443,100.17183378182928,8264289
3392,2021-07-14,99.97618103027344,100.62834120694342,99.32402085360347,99.41097790262306,9228746
3393,2021-07-15,100.17182159423828,100.62833131423112,99.69356376864006,100.43268092166747,5376823
3394,2021-07-16,101.67179107666016,102.82394544722243,100.21530472352045,100.71529891315723,15903784
3395,2021-07-19,101.3674545288086,102.01961468036282,100.65007364450524,101.67178649767985,13725925
3396,2021-07-20,100.56311798095703,102.73698518268174,100.41095199443005,102.12830944258945,14178067
3397,2021-07-22,101.41091918945312,101.95438593972904,99.43270257724544,101.95438593972904,10378326
3398,2021-07-23,101.30223083496094,101.71526794433558,100.8891937255863,101.62831090120663,6660369
3399,2021-07-26,101.17181396484375,102.32396839557886,100.88920648742258,101.49789407233648,12963701
3400,2021-07-27,100.80223846435547,102.10657054637899,100.28051978432696,101.30223262569756,10832912
3401,2021-07-28,99.17184448242188,101.04137978403587,98.86750660050144,100.86746568351857,13828088
3402,2021-07-29,97.04141998291016,100.60656402861409,96.89649552409278,99.12832983108382,28609665
3403,2021-07-30,99.21530151367188,100.40367517504048,97.50519146774185,97.99793234167441,34142169
3404,2021-08-02,99.12834167480469,99.70803957933572,98.14285405770354,99.4181906270702,9575755
3405,2021-08-03,101.12830352783203,101.56307699406345,99.18631773746209,100.0268868485672,20959435
3406,2021-08-04,101.59204864501953,102.37463838705474,100.7804692927677,101.82393014480334,23323277
3407,2021-08-05,101.56307983398438,101.88191843573019,100.43267350776816,101.59206945013779,6621382
3408,2021-08-06,101.44713592529297,102.31668280465263,101.18627657907882,101.73698488507952,5340311
3409,2021-08-09,102.28768920898438,102.60652776993084,100.89642369135888,102.60652776993084,16415005
3410,2021-08-10,100.05587005615234,102.08481300778806,99.3312475734253,102.08481300778806,11925263
3411,2021-08-11,102.22972869873047,102.60653471608931,100.02688361737474,100.25875335668661,31279965
3412,2021-08-12,108.40352630615234,108.80931018970395,102.20076240622895,102.60654628978055,58107755
3413,2021-08-13,107.09921264648438,108.57744736271799,106.43255754320282,106.78037400761461,26776843
3414,2021-08-16,104.75141143798828,106.83833342525175,104.57750913503939,106.66441932831826,21308655
3415,2021-08-17,106.22964477539062,106.51949373794285,104.92532444390561,104.95431405775463,15962459
3416,2021-08-18,104.69342041015625,107.82379089161235,104.43256111752738,106.49048123288674,25227527
3417,2021-08-20,103.53404235839844,104.37461138797991,102.63551769172244,102.78044216641057,18720467
3418,2021-08-23,101.8239517211914,104.28766811623937,100.98338258060727,104.05578656732011,13112745
3419,2021-08-24,102.3746566772461,103.93984823493567,101.70800166900712,102.7804523228627,11029463
3420,2021-08-25,101.73697662353516,102.8673827573144,101.47611729850408,102.72245828918972,12001351
3421,2021-08-26,100.34571838378906,101.6790284607591,99.47617141028311,101.6790284607591,12115246
3422,2021-08-27,101.0703353881836,101.36018436365529,99.56312307452777,100.75150859155573,8051699
3423,2021-08-30,101.73697662353516,102.22971745636244,100.17179708538183,101.56306254419216,14512401
3424,2021-08-31,101.65003967285156,102.63553332725158,101.41815811922888,101.7369967297083,43248333
3425,2021-09-01,101.8239517211914,103.07030472689513,101.244253745886,103.07030472689513,11817591
3426,2021-09-02,101.88191223144531,102.08480415020745,100.98337571323272,101.67902031268319,13545023
3427,2021-09-03,101.76598358154297,102.49060604568388,101.09932855573625,102.02684295103953,12286475
3428,2021-09-06,100.92540740966797,102.22972775417713,100.28774204448263,101.85292174029979,13950485
3429,2021-09-07,100.28773498535156,100.95438991775036,99.96889642820925,100.92540030565242,12485031
3430,2021-09-08,101.96903228759766,102.41147820033133,100.40572699657274,101.02515007418853,25370295
3431,2021-09-09,102.35247039794922,102.73592585749927,101.40858834513394,101.70355223677068,5078350
3432,2021-09-13,102.58845520019531,102.8244287398928,101.88053458110286,102.79492754663832,7522483
3433,2021-09-14,102.70643615722656,103.29636400649508,102.35248184808802,102.588455388218,8434427
3434,2021-09-15,104.94817352294922,105.5970917983825,102.49997039088802,102.64745236267348,20064238
3435,2021-09-16,105.86256408691406,107.1604127568542,105.18415655725487,105.56760011676148,16214883
3436,2021-09-17,105.47911071777344,106.42299293405702,104.26975375177308,105.92155663185451,21219226
3437,2021-09-20,104.41725158691406,105.715088331216,103.29638603386309,104.53523238108137,7833069
3438,2021-09-21,103.76832580566406,105.24314563802963,103.50285103456955,103.8568173960289,9481007
3439,2021-09-22,104.26976013183594,104.6827048760668,103.70933340722058,103.70933340722058,9165634
3440,2021-09-23,105.1546630859375,105.44962707776341,104.41725310637271,104.41725310637271,10295913
3441,2021-09-24,103.91580963134766,105.89206584133402,103.70933725157859,105.184157110093,7093411
3442,2021-09-27,103.82732391357422,104.50574348729623,103.29638633404764,104.12228790196505,5205649
3443,2021-09-28,108.51721954345703,111.4373695036497,103.88628847770516,104.3287343502696,38873626
3444,2021-09-29,115.06542205810547,115.80283180725479,107.63232218499083,108.25175117512097,53686662
3445,2021-09-30,112.0273208618164,116.80573488865664,111.28991091933752,115.00644982816216,23618199
3446,2021-10-01,113.17765808105469,114.15104145512566,111.87982158370211,112.5582410263645,16994903
3447,2021-10-04,113.05967712402344,113.88557853103642,112.11579494548566,113.26614947524841,10757286
3448,2021-10-05,112.05680084228516,115.09493195585416,111.70284649942879,113.05968548284451,17200858
3449,2021-10-06,110.67047882080078,113.3546557408181,110.16904247368618,113.23666295189344,8929507
3450,2021-10-07,111.08341979980469,113.00068532687116,110.67046310039953,112.6762202060609,6733699
3451,2021-10-08,110.72946166992188,112.17479222150118,110.3165169421071,111.49637273827936,8165175
3452,2021-10-11,114.12153625488281,115.094919594783,111.67334531182614,112.08629000045643,12982042
3453,2021-10-12,114.06255340576172,114.82946445200685,113.05968080877668,114.3870185411993,8539966
3454,2021-10-13,117.63163757324219,120.64026776751012,114.53451578458971,115.09494254549985,33075614
3455,2021-10-14,120.72872924804688,121.4956282031535,116.95318884701466,118.10354328073062,19185455
3456,2021-10-18,120.2273178100586,123.85536500427794,119.25393431804982,123.76688541582541,38546365
3457,2021-10-19,117.18917083740234,120.81722954735136,116.2157874758873,120.34528246234014,16174177
3458,2021-10-20,114.65248107910156,118.13305797157054,114.06255319909373,117.98557600156857,21909934
3459,2021-10-21,114.47550201416016,116.42225668253413,114.1510369017082,115.7733384597428,16946547
3460,2021-10-22,114.71146392822266,116.21578472422907,112.82369963710056,115.56686649928788,7705870
3461,2021-10-25,113.64962005615234,115.03594831490909,112.38127258456502,114.71148314702117,7862419
3462,2021-10-26,112.3222885131836,113.82659764378172,111.90933173061748,113.62012525355634,8525850
3463,2021-10-27,112.23377227783203,113.17765442744646,111.23089974426284,112.17478189387727,9862679
3464,2021-10-28,109.66761779785156,112.73523860252767,109.28416219673807,112.49926500167969,11095238
3465,2021-10-29,109.16616821289062,111.28990635979743,106.95393847608885,110.25753248262328,12988035
3466,2021-11-01,110.75895690917969,111.20140280895005,108.87119253767142,108.90068172972155,5475153
3467,2021-11-02,109.43163299560547,112.8237186544989,109.22516061679141,111.28990840916133,10946890
3468,2021-11-03,108.51721954345703,110.49348737593475,107.95679290572039,109.43161248093514,13957727
3469,2021-11-04,109.16616821289062,109.63810335547299,108.6942210681938,109.10716581821768,830214
3470,2021-11-08,111.58486938476562,112.29277809373332,108.90069252587728,110.67047630041085,11947323
3471,2021-11-09,110.0510482788086,112.29276696988195,109.31363844580162,112.29276696988195,10381150
3472,2021-11-10,108.78269958496094,110.02154568826681,108.28126330530297,109.69708056501653,13857851
3473,2021-11-11,107.45536804199219,109.28414210870568,106.59996539641831,109.13666013554953,8851354
3474,2021-11-12,107.36686706542969,108.36973959431666,106.3639945365427,108.36973959431666,9590673
3475,2021-11-15,111.08341979980469,111.34888253347641,107.36686951572295,107.48485028577419,24821341
3476,2021-11-16,110.67047882080078,112.8827085893487,110.02156048911631,111.49638033481493,23206330
3477,2021-11-17,112.70573425292969,114.32803603776733,110.31652136895944,110.31652136895944,18359498
3478,2021-11-18,113.56111907958984,114.71147366682332,112.70572843801762,113.17766354980745,10742933
3479,2021-11-22,114.5639877319336,116.21579057135655,113.2661512167536,114.68198050738567,25095721
3480,2021-11-23,119.07695770263672,119.40142288523501,113.94458919212971,114.00357958838889,19671538
3481,2021-11-24,119.93234252929688,122.38053362398132,119.1654314862135,119.28341226109707,18120478
3482,2021-11-25,120.4927749633789,120.93522089347698,118.72299124298655,119.51939151674031,18537454
3483,2021-11-26,119.16543579101562,120.90571829503887,118.45752711191453,120.37479278676997,12814537
3484,2021-11-29,118.1330795288086,120.3453094825316,117.10070555040453,117.39566954423425,16066147
3485,2021-11-30,121.96760559082031,123.58990747896907,118.16257505400833,118.16257505400833,37739647
3486,2021-12-01,122.2330322265625,123.14742509397314,120.75821276435924,122.11505147043086,20332817
3487,2021-12-02,126.53953552246094,127.42442737926136,121.820112286192,123.29493204752605,33758843
3488,2021-12-03,121.58413696289062,127.68988828595303,121.23018262572003,125.7431334304579,47614182
3489,2021-12-06,119.16543579101562,122.70500319074876,118.78198025562176,122.32154765535489,11322446
3490,2021-12-07,121.40717315673828,122.08558067656892,119.25393380539698,119.5193965738425,8049102
3491,2021-12-08,120.81722259521484,122.49851448538787,120.07981281863788,121.02369493223395,8788449
3492,2021-12-09,119.87332153320312,121.7905868412034,119.22440336784074,121.23016024432486,5755422
3493,2021-12-10,119.54889678955078,120.49277907219034,119.07694964717379,120.49277907219034,6164402
3494,2021-12-13,120.5812759399414,123.6783976918126,120.1683191717563,121.23019428752954,21648126
3495,2021-12-14,125.21223449707031,125.74317216744605,119.87338059281467,120.4043182631904,48042035
3496,2021-12-15,123.79637145996094,127.21795819261615,122.58702642671061,125.71363719761283,15207306
3497,2021-12-16,122.82296752929688,124.94671728655108,121.70211427110544,124.71074375773259,13410737
3498,2021-12-17,123.8553466796875,124.17981179639017,120.96470983101044,122.82297294741348,15209414
3499,2021-12-20,123.79637145996094,125.44817443478364,122.41004325008166,124.32730898773355,22539246
3500,2021-12-21,121.87909698486328,124.91722795176332,120.81723400755669,124.74024478782219,17566511
3501,2021-12-22,123.06980895996094,123.95519826406392,120.90211456297861,122.00122966458107,14750231
3502,2021-12-23,127.22197723388672,127.98524805053233,123.37509977180935,123.64987229659073,15932489
3503,2021-12-24,125.42070007324219,127.43572816977638,125.08485584563752,127.13041975305624,8975969
3504,2021-12-27,125.84809875488281,126.55031044097038,125.17642287285369,125.42067203623569,8648187
3505,2021-12-28,125.54279327392578,127.40517921134509,124.13838229270111,126.18394578956949,15736206
3506,2021-12-29,124.9321517944336,125.72595833042197,123.77197778915298,123.95516773531226,17172943
3507,2021-12-30,125.39015197753906,129.08438842713082,123.13087488437009,124.9321893973267,87481206
3508,2021-12-31,124.81005859375,125.90916122308563,124.29103687242244,124.56580942399914,9842223
3509,2022-01-03,125.17645263671875,126.36715050966033,124.65743080551427,125.42070185817718,7410054
3510,2022-01-04,128.5958709716797,130.06135349567322,125.48172837258612,125.97022668826003,14784090
3511,2022-01-05,127.40516662597656,129.05382661330376,127.03879912024024,128.22949661964014,9565107
3512,2022-01-06,125.75650787353516,127.43570384497266,124.96271359540023,126.85562293314219,5615931
3513,2022-01-07,125.29853057861328,127.31357047622495,124.87110389634533,126.36710970731062,11908249
3514,2022-01-10,124.56581115722656,126.55031550164317,124.22996699126755,126.55031550164317,11085710
3515,2022-01-11,124.47421264648438,125.66492267329949,124.26049928465459,124.9016517931726,7208789
3516,2022-01-12,125.14588928222656,126.21446852077263,124.77952174218794,125.7870417945657,11018139
3517,2022-01-13,127.00830078125,129.1454596886268,126.12291134597781,126.76405156437212,20522807
3518,2022-01-14,126.8556137084961,128.0157878708208,126.12287867072682,126.97773207378164,14183654
3519,2022-01-17,126.00076293945312,127.95474397871783,125.66493118327212,127.71049479593106,7574539
3520,2022-01-18,125.26800537109375,126.91666531922878,124.93216125205312,125.93968118614775,8475422
3521,2022-01-19,124.96273040771484,126.6419266050691,122.76451241578448,125.78706060180991,13724367
3522,2022-01-20,131.06890869140625,131.49633551508794,125.42070285673167,126.45874652740518,30170343
3523,2022-01-21,131.3436737060547,133.8777359590999,130.06138088614952,130.61093850126056,29509593
3524,2022-01-24,130.67198181152344,132.96179457691227,129.14543996793086,132.13746446597816,12850189
3525,2022-01-25,133.63348388671875,134.45781408020852,129.4202254918447,130.36668649887073,27389035
3526,2022-01-27,131.19102478027344,133.90827715533365,129.66448268968838,133.1144702990169,28512473
3527,2022-01-28,128.35165405273438,132.80916192803735,127.77157302731871,132.80916192803735,18932049
3528,2022-01-31,131.52687072753906,132.3512009826169,128.96227252803624,129.4507709726172,19907759
3529,2022-02-01,130.03082275390625,132.53436119040288,129.0233151260313,132.503825385849,8622355
3530,2022-02-02,130.67198181152344,132.99233038299585,130.21401925844566,131.19100355373905,9921099
3531,2022-02-03,129.02333068847656,131.28260780710775,128.84014068511505,130.67199102660956,4594389
3532,2022-02-04,128.04632568359375,130.27507927398284,127.67995812341336,129.4507491578196,7329263
3533,2022-02-07,130.45826721191406,130.85517057212368,128.22951365661,128.87066619410473,7869237
3534,2022-02-08,128.2600555419922,131.5268527268191,127.3135945937857,130.67198677731483,9074237
3535,2022-02-09,127.83261108398438,129.23703454475452,127.43570772132941,128.5958820033096,9833985
3536,2022-02-10,129.48130798339844,131.71004954698577,128.2600742836655,128.2600742836655,19180334
3537,2022-02-11,126.88614654541016,129.45073154068433,126.42818405175208,128.35161658669386,20071130
3538,2022-02-14,123.25300598144531,126.36714936345713,122.8866383640965,126.36714936345713,12109375
3539,2022-02-15,124.22998046875,124.47422966839753,121.5127407331259,123.34459109593685,19046061
3540,2022-02-16,123.19446563720703,126.14409865774482,122.81790587441472,124.63789791117648,20270061
3541,2022-02-17,123.6337661743164,124.79479137409002,123.00618360490364,124.41824438608238,16405551
3542,2022-02-18,122.81790161132812,125.6106516580314,122.53549456723671,123.5082526403513,14600643
3543,2022-02-21,124.35549926757812,124.88894194334415,122.72378700185808,122.8179141807218,10682638
3544,2022-02-22,124.35549926757812,124.5437663935067,120.3703521662423,121.87654024647549,13606058
3545,2022-02-23,124.29273223876953,125.20272185171503,124.0103124232968,124.48099934755136,6493463
3546,2022-02-24,119.93104553222656,123.00620316499177,119.17795143645644,121.7510378265735,13145037
3547,2022-02-25,123.82205963134766,124.19860666064929,120.59000649078925,120.84104209972415,10920938
3548,2022-02-28,131.2589111328125,131.94924948013846,123.0375811385821,123.9161866161598,31938385
3549,2022-03-02,132.35716247558594,133.76922321444027,129.40751682683708,130.38027488754994,20502615
3550,2022-03-03,136.71888732910156,137.66026137006605,132.23166851353034,132.23166851353034,19805555
3551,2022-03-04,134.9616241455078,136.49919619072145,132.3885256349397,135.52643819104824,12794317
3552,2022-03-07,133.54957580566406,135.05576375687528,131.07061699691218,132.10613078951994,17635653
3553,2022-03-08,133.2671661376953,140.20195916133673,131.66683812560956,134.3026800091632,28410490
3554,2022-03-09,130.5999298095703,135.55783464898332,129.65855595784126,135.02439201997686,22830958
3555,2022-03-10,131.07061767578125,132.67095834248204,129.94097670652195,132.41992275991328,16516553
3556,2022-03-11,133.3299102783203,133.6750857949299,130.38027734223797,131.35303542126508,12992850
3557,2022-03-14,133.92613220214844,134.3026792164047,131.54131316485712,133.32992105872512,12598659
3558,2022-03-15,131.5727081298828,134.96165707089125,130.7254740866812,133.80061892732394,14528285
3559,2022-03-16,131.3844451904297,132.92203057751846,131.1334095386393,132.57685496028122,11933774
3560,2022-03-17,132.76510620117188,133.51820022559878,130.38028717681854,133.04751326828173,28464621
3561,2022-03-21,128.59169006347656,135.55785506161354,128.34065444490727,135.55785506161354,17797415
3562,2022-03-22,130.97650146484375,131.47857272093978,128.05825218941825,128.65445063385513,13285297
3563,2022-03-23,131.8551025390625,132.16889384104417,130.7254615128489,131.47855553032463,9408783
3564,2022-03-24,132.26304626464844,132.5454533557975,130.53719394091044,131.79235926726534,11188958
3565,2022-03-25,131.5727081298828,132.29443074749975,129.72133160919574,132.26304650700257,9842670
3566,2022-03-28,133.23582458496094,133.51823171868247,130.22342224031308,131.57272772319087,12823578
3567,2022-03-29,132.60821533203125,134.58509040950977,131.60407290564055,134.20854338371393,10470515
3568,2022-03-30,136.2482147216797,137.2523445846235,132.92203375266564,133.73788368021823,54218485
3569,2022-03-31,136.0599365234375,136.34234363542419,134.7733868617139,135.27545813658236,10326026
3570,2022-04-01,141.23748779296875,141.67679056340378,135.6206151241073,135.6206151241073,39663961
3571,2022-04-04,142.7123260498047,143.15162888644255,140.60992630040178,141.83370760832466,9907530
3572,2022-04-05,146.25814819335938,147.23089368319287,142.39851217059476,144.3126316772878,17167487
3573,2022-04-06,148.51739501953125,149.64703581176516,145.06569141267556,145.19120280019106,17153675
3574,2022-04-07,145.1912384033203,150.5570749788611,144.34400440934053,148.07811593786687,11913911
3575,2022-04-08,145.97569274902344,146.91706653644388,144.72052769912952,146.22672831264205,6746769
3576,2022-04-11,144.90882873535156,147.8270904563584,143.3398721937566,145.91295836833214,12413822
3577,2022-04-12,146.28953552246094,146.63471114000347,143.46541316577944,143.87334450427417,14769907
3578,2022-04-13,144.0301971435547,147.70155255631906,142.8064162620332,147.45051697933522,11015439
3579,2022-04-18,145.0343475341797,145.47366304910966,142.8064367926266,144.03021785008522,19069923
3580,2022-04-19,142.99468994140625,146.4463941710431,142.14745600231728,146.03846293571866,15036942
3581,2022-04-20,142.4612579345703,143.7164232027163,140.23333447633064,143.24573622716156,9814641
3582,2022-04-21,142.6181640625,143.4967823683407,141.36299870221396,141.89644142669508,11134333
3583,2022-04-22,141.48849487304688,144.4695122822576,141.01780791369782,141.23747204262148,12032249
3584,2022-04-25,139.8567657470703,142.39848012793266,139.00953187618268,140.5471039837862,11042683
3585,2022-04-26,145.34812927246094,145.7246762831371,140.79815537030535,142.46125183300927,15389155
3586,2022-04-27,143.90469360351562,146.13260414652743,142.74365559253985,145.19123025754203,12680209
3587,2022-04-28,147.8584442138672,148.2663754194548,144.37536876969494,146.47776772993936,18378146
3588,2022-04-29,142.93194580078125,148.32915393380054,142.49264306147327,147.54467563632093,9026331
3589,2022-05-02,145.31675720214844,146.3836425226862,141.77091293252468,141.77091293252468,12634353
3590,2022-05-04,149.11363220214844,150.27465752855113,146.16399891148203,146.22675462162783,23124643
3591,2022-05-05,146.6974334716797,151.0277559866229,146.1326065752609,149.61569512967625,16481935
3592,2022-05-06,149.61570739746094,150.08639438837062,145.25400028744357,145.25400028744357,17715186
3593,2022-05-09,153.85189819335938,154.66774802512253,147.88986266989485,149.99226211663395,54118806
3594,2022-05-10,152.91049194335938,155.86012484195544,152.18876945211147,154.25979698904897,30997494
3595,2022-05-11,150.11776733398438,155.6404998554923,149.80397600363057,153.13016921266177,15412618
3596,2022-05-12,148.04673767089844,151.8122332652331,145.69330292443925,149.9922411743312,26538994
3597,2022-05-13,148.29779052734375,150.52570135242001,146.2895183156641,150.52570135242001,15074553
3598,2022-05-16,147.607421875,149.30190254974758,146.22674526730995,147.7957017615944,7960529
3599,2022-05-17,149.77259826660156,150.18052953263836,146.06985816966997,147.419163387391,15470937
3600,2022-05-18,143.0260772705078,149.52155463490004,142.52400608260666,149.050867684318,19181550
3601,2022-05-19,143.277099609375,144.1243334884019,139.10367314667275,139.95090702569965,15085602
3602,2022-05-20,143.74781799316406,146.2895201868064,142.30437272156297,144.81470344211976,15148281
3603,2022-05-23,140.95506286621094,145.59917710331925,140.70402724859932,145.59917710331925,11572501
3604,2022-05-24,142.4612579345703,144.12435446850404,140.95505705915485,141.20609266642433,16336858
3605,2022-05-25,141.1119384765625,143.96744428069564,139.66850622478756,143.33986170995868,11062614
3606,2022-05-26,142.58677673339844,143.77918635348817,140.51576159469712,142.4612653073688,14150454
3607,2022-05-27,141.01783752441406,143.49679702510124,140.20198761781865,143.46541278060758,8430491
3608,2022-05-30,143.2457275390625,144.28124137611755,140.76678139210705,140.8922928040286,9305758
3609,2022-05-31,146.16395568847656,147.5760162060952,143.21431050186567,143.24569473175848,26351545
3610,2022-06-01,143.84194946289062,146.22676882569812,143.18299529004835,145.69332608533932,10282009
3611,2022-06-02,141.55125427246094,143.9674446218843,140.9236717002367,143.9674446218843,10071898
3612,2022-06-03,141.83367919921875,143.15160021335876,141.2060965478948,141.83367919921875,16082518
3613,2022-06-06,141.08059692382812,142.74368087436306,140.29611854406528,141.8336910611193,12693293
3614,2022-06-07,141.20611572265625,141.99059414333766,140.39025305786618,140.54714874200246,9103195
3615,2022-06-08,140.9236602783203,142.14744108768969,139.98228649628265,139.98228649628265,11240130
3616,2022-06-09,141.1119384765625,141.6453811080489,138.69574813286528,141.01779853731193,9468041
3617,2022-06-10,140.8609161376953,142.74366402691308,139.35472804088212,139.35472804088212,9019239
3618,2022-06-13,139.54302978515625,141.5199181128795,139.00958697118762,139.22923839244478,10186775
3619,2022-06-14,140.547119140625,142.6495310798138,139.32333816939038,139.54298952727856,17023962
3620,2022-06-15,139.480224609375,142.02193909648835,139.26057326599235,140.73538973521866,5898563
3621,2022-06-16,135.7775115966797,140.7668016125586,135.33820882364995,140.17059039978687,11883333
3622,2022-06-17,132.63958740234375,136.12267613515405,131.9492490572304,134.42819535911062,19675226
3623,2022-06-20,130.69407653808594,132.35717298284698,129.50166704364213,131.22751919480535,7402273
3624,2022-06-21,132.01197814941406,133.76921428102708,130.09785915882722,131.19612854903568,9459619
3625,2022-06-22,132.20028686523438,132.5768338989995,130.66270172240786,132.29442681572607,10257637
3626,2022-06-23,130.88235473632812,132.85922968758646,129.3761539611118,131.8551000935091,13114525
3627,2022-06-24,131.13336181640625,133.04749360048527,130.38026790330574,133.04749360048527,9499105
3628,2022-06-27,132.76510620117188,133.89474723781223,131.57269668899522,133.89474723781223,17545390
3629,2022-06-28,131.98060607910156,132.76508421136396,130.756812531853,131.50991919974413,6770087
3630,2022-06-29,132.4827117919922,134.93028699342048,130.81961500331633,131.2275463315883,41502918
3631,2022-06-30,132.9847412109375,134.773348875199,132.04336741204204,132.73370564425886,22260722
3632,2022-07-01,129.59580993652344,133.61234122427382,128.77994743012692,132.4513159407103,11133663
3633,2022-07-04,132.23165893554688,133.14166143681956,128.68582718597924,128.68582718597924,20178279
3634,2022-07-05,134.3968048095703,135.52644573170298,132.38853300100183,132.41991723558868,20083997
3635,2022-07-06,132.0747528076172,134.39681608405252,130.66269196034457,134.30267614059423,19203527
3636,2022-07-07,133.39266967773438,135.1185216070157,133.11024988293255,133.83197233427182,14069302
3637,2022-07-08,137.31509399414062,137.6916410443947,133.4554580005816,134.30269205570377,17142257
3638,2022-07-11,136.216796875,138.85263846398567,135.68334149571993,138.0681602805733,10826079
3639,2022-07-12,133.98890686035156,136.15406207470144,133.76925546831941,134.99303662978625,8503695
3640,2022-07-13,134.58506774902344,135.99712843415602,133.95748522229786,134.6164519826394,10210005
3641,2022-07-14,134.83615112304688,137.5975177733943,133.58098562454384,137.5975177733943,10898403
3642,2022-07-15,131.35305786132812,136.18543931021625,131.03926652651197,136.18543931021625,22067479
3643,2022-07-18,131.9492645263672,133.2985699039397,131.10203042312025,132.01202024360717,15155654
3644,2022-07-19,131.79234313964844,132.73371701921735,131.54130755145664,131.7295874346506,14922395
3645,2022-07-20,131.32167053222656,133.23580273687068,130.85098354107163,132.60822008199742,14181034
3646,2022-07-21,133.23582458496094,133.800638852404,131.4472035107116,131.76099488960392,12461554
3647,2022-07-22,131.79234313964844,134.27128924856643,131.4785518464588,134.27128924856643,9272199
3648,2022-07-25,130.4744415283203,132.41994527973762,130.16065018879488,131.79236260068672,6635194
3649,2022-07-26,131.22755432128906,132.4199641349125,129.97238878446527,130.4744601064764,11451315
3650,2022-07-27,132.20028686523438,132.41993823758057,131.4158085581397,131.7295998809776,9209354
3651,2022-07-28,134.42819213867188,134.80475192535027,131.82373447941995,132.41993286132558,13192642
3652,2022-07-29,134.2713165283203,136.68752019133825,133.5809780966879,135.8089018382593,15433067
3653,2022-08-01,137.40921020507812,138.1623170136345,134.39682127545612,134.9616481898231,12136557
3654,2022-08-02,139.6998748779297,140.20194603168426,136.40506644793982,138.03677854534246,17748747
3655,2022-08-03,140.32748413085938,141.0492067636017,137.84853766209477,140.17058846148942,12406038
3656,2022-08-04,138.5702667236328,140.70403771149623,137.50336846149824,140.57852627745822,9712267
3657,2022-08-05,140.35885620117188,141.04919453289844,137.34645450319994,139.13506242528277,14099223
3658,2022-08-08,139.26055908203125,142.02192463127676,138.75848797555074,141.20606227529558,8392041
3659,2022-08-10,140.2647247314453,141.14334301047282,138.4133609888032,138.53887241372058,8585266
3660,2022-08-11,139.8567657470703,142.39848012793266,139.1350432762403,140.98641942038677,5040626
3661,2022-08-12,143.12020874023438,143.465371489304,139.32332912306896,139.9509116866864,13279062
3662,2022-08-16,143.62228393554688,144.312622282663,142.49264284977542,143.84193530487454,11298246
3663,2022-08-17,143.40261840820312,144.940190609895,142.90054724085056,143.6222697558448,11225465
3664,2022-08-18,145.1912384033203,145.41088976943342,142.93194349664046,143.0574549149333,11360485
3665,2022-08-19,144.58920288085938,145.5715017871203,143.0365169034536,144.77931901097443,9829530
3666,2022-08-22,143.19493103027344,146.26861003517342,143.00481492993597,144.55748777054902,9190493
3667,2022-08-23,144.20895385742188,145.03281618634665,142.0858937594399,142.56120341237326,8903751
3668,2022-08-24,145.4130401611328,145.72991321695886,143.5434942891982,144.08217590538297,13007225
3669,2022-08-25,143.41673278808594,146.39533399328138,142.65622981040477,146.0784609759799,12124365
3670,2022-08-26,146.04678344726562,146.522093021809,143.60686354332893,143.60686354332893,7966045
3671,2022-08-29,143.8920440673828,145.06447166696526,142.9731045698535,144.6525341607346,7517013
3672,2022-08-30,145.50808715820312,145.92002465995805,144.55746810504377,144.62084012986853,7214498
3673,2022-09-01,143.29000854492188,145.82499326183725,142.59289032648994,142.624582792891,13109081
3674,2022-09-02,142.0858612060547,145.03278295779026,141.83237309744666,144.17722835724678,6897237
3675,2022-09-05,141.5789031982422,142.94146010253044,140.50152692558663,142.59289453622435,18055474
3676,2022-09-06,142.6245574951172,144.49410323479535,141.95911896751824,141.95911896751824,14103701
3677,2022-09-07,142.212646484375,143.8286915198707,141.35709171339505,141.35709171339505,7866745
3678,2022-09-08,142.212646484375,143.79701194678205,141.61057987250084,143.22663780159567,7187735
3679,2022-09-09,141.26199340820312,143.32166801652895,141.0084924161515,143.25829599191505,9162027
3680,2022-09-12,141.9274444580078,142.4027540682404,140.81838870079847,141.6739563140958,8778919
3681,2022-09-13,143.733642578125,144.1772597584034,141.83240398790429,142.14927708627442,11278383
3682,2022-09-14,147.3776397705078,147.7895643620966,142.40272327755096,142.59285223797315,25072958
3683,2022-09-15,150.5780792236328,150.9900167904481,147.25091201209094,147.94803018245628,23606369
3684,2022-09-16,149.34228515625,151.1167666677763,147.91635629650273,151.0850870959411,29399642
3685,2022-09-19,147.75791931152344,150.89495763608005,146.80730007455495,149.53240081770548,13920046
3686,2022-09-20,147.4727020263672,149.72250568188275,147.0924569716087,148.29657705634102,20162973
3687,2022-09-21,143.8920440673828,148.51838244019928,142.14924245098842,148.20150941903665,14468837
3688,2022-09-22,139.48751831054688,143.48012402047297,138.88546465451574,141.9591307550917,26264530
3689,2022-09-23,128.3652801513672,139.26570812103532,125.54510221662562,138.34678141601478,87162722
3690,2022-09-26,127.28791046142578,132.6747526861768,118.09859137214468,126.74922881767036,167547134
3691,2022-09-27,129.82289123535156,131.75582207564608,127.54140776217632,130.42495779076035,54127095
3692,2022-09-28,131.62905883789062,133.34018103137876,128.3652767619358,130.04469359962235,52877873
3693,2022-09-29,131.8191680908203,134.41752411389146,130.58336854740702,132.42122163379696,36761869
3694,2022-09-30,134.48089599609375,138.60024499467036,131.1854219546706,131.1854219546706,62897614
3695,2022-10-03,133.59368896484375,136.03360897938083,132.45294077679105,134.98792528926552,11740863
3696,2022-10-04,132.10438537597656,134.575998043832,131.8192047539005,134.41756149965664,19179333
3697,2022-10-06,130.74185180664062,133.6570818725465,130.29822171151582,132.35789694956674,20692745
3698,2022-10-07,132.70643615722656,132.9282447139057,129.28420463235645,129.28420463235645,14282850
3699,2022-10-10,132.42123413085938,134.32247231159587,131.53399996139294,131.78748807061388,16834226
3700,2022-10-11,132.0409698486328,134.0055797706328,130.9002348424367,133.08665327450862,17807162
3701,2022-10-12,136.60397338867188,136.85746150706953,132.6747399367463,133.371858049534,35288330
3702,2022-10-13,135.58998107910156,137.71304095645925,135.1463639399034,136.22372721715504,16436903
3703,2022-10-14,134.76614379882812,138.15668368673195,134.06902549656016,138.15668368673195,23365190
3704,2022-10-17,134.25909423828125,136.2237043578519,133.72041269005,134.3224662627327,9520537
3705,2022-10-18,134.57598876953125,136.255418600772,134.0689995992686,134.95623387062773,13256574
3706,2022-10-19,135.5583038330078,137.45954227977202,134.95623725537342,134.98792972025888,11595367
3707,2022-10-20,137.8397674560547,138.1566404846893,134.5759726823989,134.70272963001068,16371066
3708,2022-10-21,137.71304321289062,138.7270344716708,135.6216757656078,136.4772304872786,11634491
3709,2022-10-24,138.69534301757812,139.58259021057617,138.53690647931413,139.2974095991404,1132859
3710,2022-10-25,138.47354125976562,139.04391540431516,135.78011997668094,138.69534984553513,20622687
3711,2022-10-27,141.895751953125,142.49780558043685,137.74470991135223,138.98052252147255,24298489
3712,2022-10-28,143.733642578125,145.12787905351377,141.45214595498064,141.83240398790429,11669879
3713,2022-10-31,144.58920288085938,145.92006736606442,143.67026312437025,144.46244590051612,11755682
3714,2022-11-01,149.02540588378906,149.50071548395408,145.63486664799828,146.173548282799,15220278
3715,2022-11-02,147.85299682617188,149.91267202087133,147.5678032938229,149.02542474289623,12884449
3716,2022-11-03,144.5258026123047,148.0430857153241,143.67023506627544,147.66284063575407,9358215
3717,2022-11-04,143.32167053222656,145.41302474277043,142.59286000238401,144.49409813574914,8059667
3718,2022-11-07,144.49411010742188,146.9657224642946,143.48011893100153,144.05049299698715,14862038
3719,2022-11-09,138.6319580078125,146.39534765625,138.1883408996264,146.39534765625,22831150
3720,2022-11-10,136.19203186035156,139.51919869947938,135.30478479119813,136.88914995268757,16217631
3721,2022-11-11,135.65335083007812,138.06157814907556,135.33647779650502,136.88915050357448,12123886
3722,2022-11-14,137.1458282470703,138.67074967852398,136.4320366410689,136.88626406252902,18460862
3723,2022-11-15,140.16323852539062,140.48769046642164,136.04270151469362,136.26981523301868,15258103
3724,2022-11-16,140.8770294189453,141.1041431360833,138.50852762140175,140.13078731807772,9825807
3725,2022-11-17,141.6557159423828,143.05084866033135,140.32545776714971,140.74724791066137,9449665
3726,2022-11-18,141.6881561279297,141.9801707880512,140.71480033149055,141.6881561279297,5828998
3727,2022-11-21,142.14239501953125,142.43439647410648,140.4876849049843,141.13658876135835,4712051
3728,2022-11-22,141.33126831054688,142.23972316788448,140.74725218655624,141.78549573921566,4366445
3729,2022-11-23,139.61167907714844,141.98018099244246,139.02766291691398,141.623278560637,13510578
3730,2022-11-24,143.2455291748047,143.40775514216008,139.5792196721764,139.77389611379607,7622243
3731,2022-11-25,143.148193359375,143.3428698042659,140.5525778380736,143.24553158182044,10989671
3732,2022-11-28,143.6024627685547,144.18646581627002,142.2073165059312,142.2073165059312,4526153
3733,2022-11-29,142.3370819091797,144.21890604578718,141.81796665900225,143.60245256058116,6476054
3734,2022-11-30,145.35446166992188,145.97091504353256,141.23392488351482,142.337056142181,17317951
3735,2022-12-01,143.99179077148438,145.9060521648081,143.0833225908282,145.35448644147627,13241961
3736,2022-12-02,142.6290740966797,143.73220538088657,141.8179442694738,141.8179442694738,12880949
3737,2022-12-05,143.99179077148438,144.21890451615224,140.9419342508518,142.56419414417186,16477957
3738,2022-12-06,145.030029296875,145.4518194945111,142.36952580699364,143.76467190595102,11299945
3739,2022-12-07,143.44020080566406,145.4193496198324,143.050847935483,144.6082198102595,5813973
3740,2022-12-08,141.33126831054688,143.95932106553016,140.74725218655624,143.926883793187,11176439
3741,2022-12-09,140.94192504882812,142.0775069000106,139.96856917638598,141.7206176679722,6020031
3742,2022-12-12,139.87124633789062,141.46105567361232,139.25477968784722,140.1632478233957,8194429
3743,2022-12-13,140.35789489746094,140.68234679209033,138.24895758237,139.87121705551687,8235450
3744,2022-12-14,142.23973083496094,143.11576166915864,140.357920070199,140.357920070199,10055353
3745,2022-12-15,140.3903350830078,143.0184007649088,140.09833365256623,142.43438470204396,5385778
3746,2022-12-16,138.3463134765625,141.59083314723222,137.95697375647902,139.51434583879734,11166617
3747,2022-12-19,142.04505920410156,142.23972244311787,138.54097567999548,138.89787808783316,7758862
3748,2022-12-20,141.00682067871094,142.04506426305733,138.80054481073523,142.04506426305733,6541929
3749,2022-12-21,140.19569396972656,141.6232772800724,138.76809745739698,140.84459787478988,7005861
3750,2022-12-22,139.51434326171875,140.8121511060138,138.11919718870473,140.2281349356842,6961415
3751,2022-12-23,137.08094787597656,139.7090139326171,136.56181947896644,138.4760938912057,4554651
3752,2022-12-26,137.47027587890625,139.0276477354761,136.88625978244477,137.24316217527746,6864331
3753,2022-12-27,137.98941040039062,139.64410734535642,137.4378447520687,138.184073639925,13115851
3754,2022-12-28,140.0010223388672,141.7206203869025,137.8920845747823,137.8920845747823,16815549
3755,2022-12-29,140.0010223388672,140.48770028442524,138.54098850219302,138.8978909430626,22536873
3756,2022-12-30,138.67074584960938,140.64990784985827,138.37874440130233,140.19568044094007,4643134
3757,2023-01-02,139.54678344726562,139.83878490990375,138.216525224174,139.2223315101197,5959394
3758,2023-01-03,139.90367126464844,140.29301094495236,139.09254142985574,139.6765575513031,2873110
3759,2023-01-04,136.95115661621094,139.77388559537894,136.59425423409388,139.77388559537894,9954542
3760,2023-01-05,135.4911346435547,137.5027340195592,134.06353819459625,137.5027340195592,21273509
3761,2023-01-06,135.0369110107422,136.46450763944154,134.68002175505598,135.06936148943404,11510471
3762,2023-01-09,135.685791015625,137.53516432893323,132.5386100155064,135.750678759569,52485126
3763,2023-01-10,137.4378204345703,137.8595973132594,135.6208846418301,136.20490066106663,17248326
3764,2023-01-11,137.53515625,138.24896099740218,136.33468685061354,137.697382201322,9164361
3765,2023-01-12,138.5409698486328,138.80053402504547,137.1782744249444,138.5734203214278,21179555
3766,2023-01-13,138.8654022216797,139.7414196420278,138.4111748783823,138.6058380818038,6560245
3767,2023-01-16,139.93612670898438,140.09835268170474,138.02185230969397,139.51433653951472,8362194
3768,2023-01-17,141.72059631347656,141.91525953744272,139.44943295333104,139.93611081621938,13000571
3769,2023-01-18,142.3370819091797,142.85621036134208,140.42282049555266,141.65574066794963,11171369
3770,2023-01-19,143.2455291748047,143.56998110951545,141.88283368941606,141.9801719102259,11586815
3771,2023-01-20,144.86778259277344,145.28957273008058,143.40774894962118,143.40774894962118,10112645
3772,2023-01-23,146.06825256347656,148.1447527843213,145.06245952702056,145.35446097586657,14393610
3773,2023-01-24,143.37530517578125,147.0416146913969,143.0833037143004,146.81450097669145,6150893
3774,2023-01-25,142.36952209472656,143.5699917013239,141.33127846745276,143.21308926601853,5790331
3775,2023-01-27,142.2721710205078,143.69975422886003,140.81213733842733,142.30462149423605,10458603
3776,2023-01-30,137.47027587890625,142.0126027594119,136.6267088080018,141.46103713574698,24288177
3777,2023-01-31,140.5850372314453,142.8886382315483,137.66496958473533,137.9569710686127,20997546
3778,2023-02-01,140.52011108398438,146.00334244155272,138.6058371174513,146.00334244155272,20246369
3779,2023-02-02,138.02183532714844,140.87701473611529,137.1458178226425,140.16322318436903,12820663
3780,2023-02-03,139.41700744628906,139.61168390709676,136.52939022354192,138.34631331581525,10815686
3781,2023-02-06,140.84458923339844,141.0392524717838,138.24897377239674,138.50852475691056,6948201
3782,2023-02-07,140.71481323242188,141.59083088913505,139.5792313657978,141.46105538517168,10035526
3783,2023-02-08,140.81442260742188,141.644696325626,139.78487779142088,141.37900603308677,12432719
3784,2023-02-09,141.3790283203125,142.10966660479727,140.81444480564573,140.81444480564573,7011082
3785,2023-02-10,142.20928955078125,142.441763505184,140.71479675502988,140.74801311147482,10892159
3786,2023-02-13,143.4713134765625,143.80342299849897,142.14287538881655,142.20929459048963,7710133
3787,2023-02-14,142.80711364746094,144.16876827604028,141.31262059766192,144.16876827604028,6010681
3788,2023-02-15,142.47499084472656,142.93993878937397,141.4786622374208,141.6447170053051,8107497
3789,2023-02-16,142.54139709472656,144.06910622584957,142.14286839073765,144.06910622584957,3963115
3790,2023-02-17,142.01002502441406,143.40488219634867,141.47864442864378,142.14286341657169,6491149
3791,2023-02-20,143.33847045898438,144.1355278805453,142.2757092121423,143.2056185463438,6841917
3792,2023-02-21,144.2683563232422,145.29790114247962,143.5045153109489,144.5008437759259,6701434
3793,2023-02-22,142.57460021972656,144.3347831386998,141.47863625028518,143.47129309888075,9128659
3794,2023-02-23,141.6447296142578,143.40491301323397,141.21298447661115,142.80711309292113,10345874
3795,2023-02-24,142.84031677246094,143.07279074483827,141.08013352976693,141.08013352976693,9808830
3796,2023-02-27,145.5968017578125,146.09496601589842,142.5081941685362,143.7701994781642,17763618
3797,2023-02-28,147.62271118164062,148.12087556133122,145.29794407641793,146.52674684360662,36559278
3798,2023-03-01,145.39755249023438,147.62268360107973,144.40122391699873,147.15773567233157,12896085
3799,2023-03-02,146.3606414794922,146.79238649542785,143.33845339508068,144.79972966517317,79708558
3800,2023-03-03,147.5230255126953,149.74815628373935,146.39385870755925,146.39385870755925,9951869
3801,2023-03-06,150.87738037109375,151.9733446549346,148.12086823706164,148.78508737713815,15659957
3802,2023-03-08,151.4751739501953,151.6744315757218,149.9142482255895,150.74452211588093,11591495
3803,2023-03-09,149.9806671142578,153.0692748904073,149.7813959935386,152.10616267193055,13941653
3804,2023-03-10,150.47882080078125,151.5415685047437,147.62267367741,147.62267367741,9605434
3805,2023-03-13,150.17991638183594,152.80358959561275,149.71496847740482,151.47515156744336,13209653
3806,2023-03-14,149.58213806152344,151.2759021962629,148.78508053551215,149.54893521419018,9583405
3807,2023-03-15,151.64122009277344,152.80360347298742,149.91423968845532,150.51203955813685,12228069
3808,2023-03-16,154.19847106933594,154.69663540823308,151.67443301349485,152.4050713411628,18437817
3809,2023-03-17,152.57110595703125,155.4272531946693,151.64121012484284,155.39403683770368,33711025
3810,2023-03-20,151.1098175048828,152.3718362658793,149.64854115861513,149.64854115861513,9281411
3811,2023-03-21,148.22048950195312,151.24267818940294,147.755528040642,150.9437850106521,11272787
3812,2023-03-22,148.85150146484375,149.25003023245736,146.65958648618252,148.12086313862335,7589846
3813,2023-03-23,147.55625915527344,149.11717116182564,146.95845932986157,148.78506164921578,17091298
3814,2023-03-24,147.72232055664062,148.95112310585876,146.65957277119713,148.12084928698553,10371666
3815,2023-03-27,146.19461059570312,150.27956046691017,145.82929822536275,148.05442934613646,19983733
3816,2023-03-28,147.5230255126953,148.1872444600857,145.26467838885412,146.95844211012727,8689166
3817,2023-03-29,147.75552368164062,148.58579750208943,146.4935182854155,147.52304971462922,19743258
3818,2023-03-31,149.91424560546875,150.6116810665531,148.1208594392121,148.78507853983638,10202058
3819,2023-04-03,149.18359375,151.01019611084132,148.68542946977053,151.01019611084132,7643214
3820,2023-04-05,149.8810272216797,150.51202989643315,148.58579200158516,150.51202989643315,12019382
3821,2023-04-06,149.61532592773438,151.043399443965,149.21679724062975,150.91054753921694,4282875
3822,2023-04-10,152.13937377929688,152.37184773639873,149.44928131028348,149.58211971046433,4145643
3823,2023-04-11,153.66705322265625,154.0987982480478,151.74081554184178,152.03972218106793,5106602
3824,2023-04-12,150.97698974609375,153.79992060156155,150.81093498988977,153.700285045125,9118795
3825,2023-04-13,153.5674285888672,153.86633524933387,150.77771417259962,150.9769852795774,11428621
3826,2023-04-17,157.1874237060547,159.3461353826271,154.29807385704865,154.4973314421289,21815047
3827,2023-04-18,152.96966552734375,157.75203768543105,152.53792040570076,157.35350892451916,13482833
3828,2023-04-19,152.73716735839844,153.7002931030168,151.87369068901148,152.1061646571706,8264190
3829,2023-04-20,153.3681640625,154.69660201277966,152.5378903435752,153.33494770831516,7308750
3830,2023-04-21,153.79991149902344,154.33127857928523,152.5046763691475,153.96596624539958,5030650
3831,2023-04-24,154.06561279296875,154.29810028573814,152.73717461061568,153.43461006177984,5725067
3832,2023-04-25,154.6966094970703,155.36082850434536,153.20211673070148,153.63386178814432,8338703
3833,2023-04-26,158.2834014892578,159.08045892604767,154.09881616218397,155.46047058973505,13581018
3834,2023-04-27,156.72247314453125,158.28339866016591,155.09514194285038,158.08412754774469,9794457
3835,2023-04-28,157.58596801757812,158.05091594244394,154.82945628526247,157.38669689916648,10585487
3836,2023-05-02,159.47900390625,160.1764393697356,158.25020126857885,158.54909445945995,6732907
3837,2023-05-03,159.2133026123047,160.74101184935935,158.61551627165585,159.41257373490186,4789217
3838,2023-05-04,158.64871215820312,159.87751465746803,156.0582552459115,159.18009278610884,9189783
3839,2023-05-05,160.11001586914062,160.40890905200754,158.2169806657439,158.61552292766228,3896441
3840,2023-05-08,162.56761169433594,163.56394026447487,160.14320947095032,160.6413737560198,8758321
3841,2023-05-09,161.6708984375,163.99566481002157,161.20593705485405,162.10264346653932,9166941
3842,2023-05-10,164.4938507080078,164.69310831519556,162.4679771967197,162.833303080254,9689409
3843,2023-05-11,165.09165954589844,165.5233911417651,163.79642421758263,164.52706251086306,12616726
3844,2023-05-12,160.574951171875,165.7890678763965,160.17642245492783,165.29090360181985,13853807
3845,2023-05-15,161.5712890625,163.16541753602624,160.97348919573122,161.67092462589005,12187763
3846,2023-05-16,159.8111114501953,162.4347849818797,159.41258269616932,161.7705658873123,11418509
3847,2023-05-17,158.61550903320312,160.67458531393163,157.71880253600864,160.01036628701465,11560929
3848,2023-05-18,156.52320861816406,160.07677753288124,155.82577326912806,160.07677753288124,14497723
3849,2023-05-19,155.2279510498047,157.7519882675121,154.09878432868553,156.52318600898406,10071694
3850,2023-05-22,155.65972900390625,158.74835023632295,154.53056204363693,155.89220296471805,12566129
3851,2023-05-23,155.49368286132812,157.12102770433617,154.9955185547368,155.46048001569838,12458561
3852,2023-05-24,156.6228485107422,157.98448937785818,155.99183234089492,157.95128653538438,8877971
3853,2023-05-25,158.05091857910156,159.6118441677003,156.95496795026756,157.884863815512,12502747
3854,2023-05-26,157.61917114257812,158.01769983237273,155.9586236737923,157.98448347756906,6811801
3855,2023-05-29,155.7593536376953,158.31659405440615,155.49366333815794,158.2169585028834,13638297
3856,2023-05-30,156.1579132080078,156.68929391215477,155.22800373253696,156.68929391215477,9469926
3857,2023-05-31,155.32763671875,156.22432981769887,152.77039583894305,156.0914914006592,48104157
3858,2023-06-01,154.76303100585938,155.49366922205706,152.8035903105696,154.72981464957155,8804790
3859,2023-06-02,155.82579040527344,156.15789993875168,154.82946180483873,155.42726166781387,6617781
3860,2023-06-05,156.49002075195312,158.08414933026697,155.95865356823018,157.05460429684672,27428302
3861,2023-06-06,156.29075622558594,157.41992326552167,155.72615919204617,157.05459736306324,6898603
3862,2023-06-07,158.88119506835938,159.44579208491356,156.85533502664836,157.2206474045447,11153571
3863,2023-06-08,160.50852966308594,163.0325538431679,158.91440130465116,158.91440130465116,19300834
3864,2023-06-09,162.667236328125,163.06576502669822,160.60816012418826,161.77054337794274,11037141
3865,2023-06-12,160.50852966308594,163.69677286638483,160.20962299449596,162.73366068814855,8188909
3866,2023-06-13,160.9070587158203,161.7041161399441,160.37567809069068,160.74100395966363,6443218
3867,2023-06-14,163.72998046875,164.19492835471402,160.80741422014353,160.80741422014353,10297426
3868,2023-06-15,163.69679260253906,164.02890215418842,161.93662278965527,164.02890215418842,9732749
3869,2023-06-16,163.69679260253906,164.29459249822236,162.40157075653548,163.66358975551748,9702361
3870,2023-06-19,161.47164916992188,164.92559635555415,161.006701237996,163.69678029597492,10431647
3871,2023-06-20,165.22447204589844,165.85547467441464,161.903377130403,161.96979632599894,13426365
3872,2023-06-21,171.5013427734375,172.06593974212504,165.22447854180027,165.25769489768905,31172093
3873,2023-06-22,168.41273498535156,171.36850416730525,167.84813801735496,171.36850416730525,7430965
3874,2023-06-23,166.1211700439453,169.14337191477645,165.75585770022553,168.44593655579382,5593393
3875,2023-06-26,165.0584259033203,166.2208091843296,164.16173293211295,166.0547544298997,7305362
3876,2023-06-27,165.75587463378906,166.08798416940988,164.49385569571555,164.79274887234567,11142907
3877,2023-06-28,166.15438842773438,167.71530040202927,163.69676997706736,166.58613348791903,17808717
3878,2023-06-30,169.47549438476562,172.49768297328495,166.85182101248765,170.37218740523682,17659979
3879,2023-07-03,166.3868865966797,169.34265622260892,165.7226674885093,169.07697939019866,12467239
3880,2023-07-04,165.7890625,167.71530033527765,165.5233721927944,167.71530033527765,8637967
3881,2023-07-05,168.2134552001953,168.67840307666336,165.72263404718154,165.8554724365811,5340907
3882,2023-07-06,174.49034118652344,175.08814104162735,168.9773311115174,172.663738776444,16705046
3883,2023-07-07,169.6747589111328,174.3907251991779,169.17659460016228,174.3907251991779,13149183
3884,2023-07-10,166.05477905273438,170.3057840991989,165.05845037841797,169.674767830655,15319047
3885,2023-07-11,168.37953186035156,169.64155077819274,166.0879815067339,167.38320326946192,7486045
3886,2023-07-12,167.41641235351562,169.2097983337641,166.81861252224252,168.71163405996498,9390877
3887,2023-07-13,161.47164916992188,167.51603985281432,160.5417397924989,167.2171466842293,30591450
3888,2023-07-14,159.44577026367188,162.33512010056788,157.22062588782921,161.40521083338177,72085831
3889,2023-07-17,160.0767822265625,162.70044192401784,158.88118259703552,161.07311074664483,11474161
3890,2023-07-18,160.1764373779297,161.87018796114782,159.146892375791,160.07680181101753,14940593
3891,2023-07-19,161.5712890625,163.53072991702768,159.77790297576522,160.0767961523638,22954874
3892,2023-07-20,162.23550415039062,163.29825193545784,160.94028239883545,162.0362330285031,10249082
3893,2023-07-21,162.1358642578125,163.59715424761484,160.87384538457394,161.5712807789763,18466409
3894,2023-07-24,164.36099243164062,164.82595385756824,161.30558761748057,162.1026585561119,14825562
3895,2023-07-25,166.81861877441406,167.05109274151903,164.8259616045351,165.35732874169338,10500017
3896,2023-07-26,166.718994140625,169.80761565909205,166.05477504046314,168.6452322338088,12898171
3897,2023-07-27,166.5196990966797,168.31309851776834,165.8554800918847,167.3831892083413,10836773
3898,2023-07-28,171.5013427734375,173.46079695875883,166.1211715015241,167.25035192532886,17518458
3899,2023-07-31,176.71548461914062,177.34648731464438,172.13237044649736,174.0253920465799,24269734
3900,2023-08-01,167.2503662109375,174.0253952781705,166.3868760197775,174.0253952781705,31395702
3901,2023-08-02,165.09165954589844,168.5788097540556,163.79642421758263,167.9810098728,20825405
3902,2023-08-03,165.19126892089844,166.45328779257127,163.46430212924813,165.390540037215,10882019
3903,2023-08-04,164.29457092285156,165.4237513583173,163.7964066607971,164.72631598601285,7406390
3904,2023-08-07,164.69309997558594,165.3573189930532,163.39787829695294,165.25769695128955,6345966
3905,2023-08-08,163.54188537597656,166.08135564578987,162.9662748703205,166.08135564578987,15171726
3906,2023-08-09,162.76312255859375,164.8962804825557,162.35681004391265,164.55768442406995,18442141
3907,2023-08-10,163.74505615234375,164.32066668486988,162.5599699711099,162.898566022891,9962450
3908,2023-08-11,165.43801879882812,166.7585377491894,164.42223075162494,166.25064372558782,23866073
3909,2023-08-14,165.57345581054688,166.11521496019378,163.0339856294035,165.81047027195208,9188486
3910,2023-08-16,167.9774932861328,168.38380576008134,164.59153304071597,165.6411724502907,9191471
3911,2023-08-17,165.03170776367188,168.48539846438538,164.01591962287577,167.97750439398735,15301142
3912,2023-08-18,163.2032928466797,164.9978546314083,162.59381721332736,164.9978546314083,12292241
3913,2023-08-21,167.40187072753906,167.74046675552964,163.6773144196427,164.08364067523752,9129526
3914,2023-08-22,167.80819702148438,169.39959559790228,167.06327473772876,167.94362992170852,11107830
3915,2023-08-23,169.02713012695312,169.29800969797134,167.40186647835114,169.29800969797134,8487619
3916,2023-08-24,166.7924041748047,171.09257085298225,166.45380815640476,169.2980091999612,18982087
3917,2023-08-25,163.8804931640625,167.53733337033262,163.4741806472567,166.6908432196918,12851343
3918,2023-08-28,168.2822265625,168.6208225918008,164.2529393248235,164.55767024019113,11908665
3919,2023-08-29,170.07679748535156,171.32960010611993,168.34995213138137,169.02714422666247,12363321
3920,2023-08-30,167.33416748046875,170.3815319728276,166.89398985384852,170.1783826065089,6748007
3921,2023-08-31,165.60731506347656,169.02712651989197,164.93012303913605,167.84204047729608,20715819
3922,2023-09-01,170.78782653808594,171.05870610889127,166.04748227026826,167.26643345013858,13120723
3923,2023-09-04,172.95486450195312,173.69977305389503,169.8397836081452,171.7359132151329,10240031
3924,2023-09-05,172.20994567871094,174.03835872237877,171.32959049323668,172.88713773599645,10893186
3925,2023-09-06,172.3453826904297,174.20766089238916,170.75398407334777,173.83519974099406,10018473
3926,2023-09-07,174.03836059570312,174.5123895299023,170.7539818380173,172.00678440197896,13760453
3927,2023-09-08,175.15573120117188,176.95029293746228,174.10607798442433,174.88485161838142,16781751
3928,2023-09-11,179.1173095703125,179.45590561864958,174.44468134775917,176.3069596136131,17683806
3929,2023-09-12,172.72911071777344,184.42195661941494,172.14220271172175,183.2933032741309,29826173
3930,2023-09-13,174.44467163085938,175.70877174074343,172.72912392584752,174.44467163085938,10692151
3931,2023-09-14,176.20538330078125,176.65684471203357,174.89614796365126,175.34760937490358,10941807
3932,2023-09-15,175.25730895996094,177.15343844329055,173.54174749122546,177.1082895508882,20516593
3933,2023-09-18,180.67483520507812,181.0359987689261,175.25729908231725,176.29565466151035,25627043
3934,2023-09-20,184.7831573486328,185.95695981934372,179.18503838544547,179.41076909990875,33369524
3935,2023-09-21,182.0292510986328,185.59579358157904,180.94573266241335,185.09918326123,20332556
3936,2023-09-22,179.81704711914062,183.20300718624097,177.33400973660034,181.08114714402882,21193988
3937,2023-09-25,179.59133911132812,181.1714540087091,177.60491171012228,180.5845597006853,11951847
3938,2023-09-26,179.09474182128906,180.62970781661915,178.41754972533386,179.77193391724427,7440011
3939,2023-09-27,179.99765014648438,180.2233808269904,178.14665581083375,179.95250125488172,6736870
3940,2023-09-28,181.26174926757812,184.60256081987242,178.59812980470193,180.67485496775242,50185120
3941,2023-09-29,180.3588104248047,182.30008873063954,179.7719161772287,181.44231491591034,16293959
3942,2023-10-03,180.17823791503906,180.58455039793284,177.78548435576175,179.45589695794575,10830728
3943,2023-10-04,179.68161010742188,180.04277366196183,176.43108300653628,179.59131233003365,14120040
3944,2023-10-05,177.51461791992188,180.13308838036264,176.3859644839547,180.13308838036264,14575590
3945,2023-10-06,177.9209442138672,178.28210783041172,175.9345167678546,177.8757953174219,12857229
3946,2023-10-09,177.1986083984375,177.78550273690632,174.9413012850816,177.4243391097731,7853369
3947,2023-10-10,178.73358154296875,179.27534078258637,176.70200506066735,177.19861540073188,7440527
3948,2023-10-11,179.23016357421875,179.81705784318166,178.19180793605125,178.19180793605125,10031916
3949,2023-10-12,181.26174926757812,182.39040274994161,178.19181730655274,178.19181730655274,21872719
3950,2023-10-13,182.20982360839844,182.75156902133702,179.95251661071637,180.99087231864672,13105921
3951,2023-10-16,183.33848571777344,184.0608267464583,180.6748660909128,180.8554479037067,18336656
3952,2023-10-17,187.04043579101562,188.71084833271482,182.9321484402279,183.78992226805698,19378328
3953,2023-10-18,186.4535369873047,188.2142334914897,184.19623024411698,188.2142334914897,14923328
3954,2023-10-19,185.82151794433594,187.2661861807565,182.5709903017493,184.19625412304262,13192888
3955,2023-10-20,183.1578826904297,185.27974285563158,181.39717233147573,185.27974285563158,22081120
3956,2023-10-23,180.3588104248047,185.23458752353375,179.68161839567526,182.39038651219298,6988219
3957,2023-10-25,180.1331024169922,180.99087633966658,178.5981363799682,179.68164100742578,16817158
3958,2023-10-26,179.636474609375,180.58454623259763,177.24373488279608,179.4558928186439,11070090
3959,2023-10-27,181.4423370361328,182.20982694038284,179.81707321257957,179.9073710051415,9995487
3960,2023-10-30,181.35205078125,182.57098830072857,178.46268678505945,181.4423347951881,7679981
3961,2023-10-31,182.52581787109375,183.24815878492151,181.08114982094517,181.93892362845637,7474770
3962,2023-11-01,181.4423370361328,182.70643724445588,181.0360245246217,182.70643724445588,5598615
3963,2023-11-02,183.3836212158203,183.88021772034085,181.39718008770546,182.16466995788693,12924797
3964,2023-11-03,184.55743408203125,186.45357767104588,183.38364534146123,183.65451118774047,8684015
3965,2023-11-06,187.98849487304688,188.66568686738603,185.05399623091057,185.0991451193678,9804415
3966,2023-11-07,187.8079376220703,188.8011581878057,185.77636137375464,187.9885194219745,10730361
3967,2023-11-08,186.90499877929688,189.2526033087836,186.58897032349816,188.71084417813066,7435543
3968,2023-11-09,189.43321228027344,190.06525550507354,186.09240056846517,187.17590520776662,13777877
3969,2023-11-10,190.65216064453125,192.32257348391659,189.25264120221948,190.06526628340114,12066023
3970,2023-11-13,191.6905059814453,194.21869248180155,190.24582404481086,191.41962639613786,11352269
3971,2023-11-15,189.7492218017578,194.12840291336505,189.4332070867761,194.12840291336505,19182861
3972,2023-11-16,190.7156982421875,192.23443691394812,189.33503438322643,190.25547695586715,27533260
3973,2023-11-17,192.83270263671875,193.93723082137438,190.4395465326,191.17590333731636,16705395
3974,2023-11-20,192.64862060546875,194.39745576065033,192.23442428396135,193.3849774241698,11156900
3975,2023-11-21,192.32644653320312,193.43097466087414,191.40600408600443,193.29291391172922,9608081
3976,2023-11-22,194.76564025878906,195.68608276654356,191.6361273055209,191.6361273055209,13079580
3977,2023-11-23,194.12132263183594,196.1463074198616,192.602598085655,195.1798399610018,11382709
3978,2023-11-24,193.70713806152344,195.2258767447173,192.83272041989983,194.48951987209352,7250200
3979,2023-11-28,193.47698974609375,197.3888699476114,192.83268287481107,197.3888699476114,15629209
3980,2023-11-29,194.25938415527344,194.627555521648,192.46452416573203,193.5690523096931,10062023
3981,2023-11-30,192.32644653320312,195.870155572853,191.68213962913146,193.66108527267383,60354322
3982,2023-12-01,193.47698974609375,195.54798514689722,192.78665794582594,194.67356767552528,20719909
3983,2023-12-04,195.9622039794922,197.06674622295733,194.8576757808651,194.8576757808651,27914088
3984,2023-12-05,204.6143798828125,205.4887974886903,194.71962255692932,196.69856840417052,40709207
3985,2023-12-06,206.54730224609375,208.25012657859452,204.79846702204324,208.0200159414911,29544730
3986,2023-12-07,211.70176696777344,213.91082326602393,206.4092227935791,207.09955464238706,24534268
3987,2023-12-08,210.41317749023438,214.83129059813842,208.43421753434825,213.3585909104501,22206320
3988,2023-12-11,212.576171875,214.3710317663303,208.52623088713486,209.86086957326066,19106395
3989,2023-12-12,212.94436645507812,214.73922642386054,211.2415423044062,211.70176352947027,14355329
3990,2023-12-13,218.0988311767578,218.605077322683,212.25403016787453,212.62220152227272,26878281
3991,2023-12-14,213.63470458984375,218.69713821477052,212.71426211258435,218.37497772979467,29972018
3992,2023-12-15,218.46702575683594,219.15735760897064,209.07850133193375,216.30398033554548,41341690
3993,2023-12-18,213.40460205078125,218.05282550106932,213.0364166190341,218.05282550106932,29051897
3994,2023-12-19,214.96934509277344,215.75171277780075,212.48415319325767,213.680717187398,12612164
3995,2023-12-20,209.07852172851562,216.67217284279351,208.2041041061423,216.2579765000734,20400245
3996,2023-12-21,213.86480712890625,214.64717477811473,204.98252913204115,206.59330340638675,17755207
3997,2023-12-22,213.31256103515625,215.5676424744566,212.16200784726436,214.46311422304814,9735375
3998,2023-12-26,214.78524780273438,217.04032895928128,212.66822739348828,213.54264489767948,6772092
3999,2023-12-27,215.42958068847656,217.08638008015362,214.00289193328692,216.30399829816096,10231881
4000,2023-12-28,220.07781982421875,220.86018756659757,215.47560706373605,216.39604961583257,39164340
4001,2023-12-29,218.32894897460938,219.295416367779,216.07386775377176,218.88122006923126,12665999
4002,2024-01-01,219.29539489746094,220.44594786124614,217.59257089312442,218.97323444966668,5952776
4003,2024-01-02,218.92726135253906,220.9982570447941,217.36249781585343,220.90620717386963,9128513
4004,2024-01-03,218.19090270996094,219.7096272537495,215.93582133939924,217.22443525262355,8284439
4005,2024-01-04,222.2408447265625,223.75958331885636,218.19090323678884,219.06532082607654,19663959
4006,2024-01-05,222.0567626953125,225.50842221907385,220.26190255192432,222.74709460006477,16345257
4007,2024-01-08,223.06922912597656,225.73850656219207,221.27435514679908,223.1152400117303,13585746
4008,2024-01-09,223.02320861816406,225.1862399504512,222.28685184862147,223.29934416234718,8688409
4009,2024-01-10,220.1238250732422,222.83914176819286,219.0653217834006,221.82664936890563,16872195
4010,2024-01-11,222.7010498046875,223.7595670578172,220.1698330463178,221.13630043575367,18812468
4011,2024-01-12,220.44595336914062,223.34534129238685,219.80164650228994,223.20728055121754,11296498
4012,2024-01-15,221.9647216796875,222.28688219936134,218.14489060558444,221.27438974739135,12597366
4013,2024-01-16,220.0317840576172,223.11525802846788,218.78918105551264,222.4249261483738,7478450
4014,2024-01-17,220.16986083984375,222.01074598740905,218.78919697916976,219.5255538471637,13620300
4015,2024-01-18,214.87730407714844,216.9482997528553,208.06603502831462,209.1705632463906,25522629
4016,2024-01-19,216.67214965820312,218.09883828143575,213.91082227575447,216.30397829181157,20931080
4017,2024-01-23,219.019287109375,227.16520874234408,217.45453768946598,221.82663950544466,27492163
4018,2024-01-24,226.61294555664062,227.34930238141854,216.3039921442646,217.36249542405656,28309825
4019,2024-01-25,225.9686279296875,228.9140410448544,223.75957160452174,225.2782960724685,20651484
4020,2024-01-29,233.7463836669922,234.71285115719547,225.6464863867173,225.92262196175236,26181011
4021,2024-01-30,233.88442993164062,236.50769650704913,231.49127396653682,233.7923800695839,16031367
4022,2024-01-31,238.67074584960938,239.31506688092918,232.31969776955106,233.79241149136928,34369455
4023,2024-02-01,244.65359497070312,249.3938961180029,237.7502765111497,238.39459746991125,29929092
4024,2024-02-02,255.05462646484375,259.0125180425485,242.95081301335696,243.45704516061815,33900724
4025,2024-02-05,260.3931579589844,266.37603375696943,253.02961851531043,255.42277445243923,27440927
4026,2024-02-06,252.4313507080078,260.393172559988,250.63647663209895,260.393172559988,29668277
4027,2024-02-07,246.63255310058594,252.5693897456716,245.57402186547972,250.45238345480502,27335466
4028,2024-02-08,254.22622680664062,265.13344783422536,249.25581489216967,249.25581489216967,69776717
4029,2024-02-09,251.2808074951172,257.21767297400424,247.69108729169366,256.43529121551643,24496638
4030,2024-02-12,248.79559326171875,254.04212667900316,245.067812421321,251.46489894856467,19140023
4031,2024-02-13,248.7495880126953,249.30185913593164,243.22693295968452,248.79559890226662,22031847
4032,2024-02-14,251.87905883789062,253.12166170419127,245.7581224546148,248.05922847010746,13546941
4033,2024-02-15,263.57696533203125,265.1678904812127,253.9379112427013,254.54619607292452,25475670
4034,2024-02-16,256.9325866699219,264.74678722455343,255.76279702280092,263.90454439048983,25129188
4035,2024-02-19,258.6170654296875,260.44191989333854,255.76276194657132,257.4472759429957,11429901
4036,2024-02-20,269.42596435546875,270.2214270821199,259.88049731361417,260.4887822601169,43053543
4037,2024-02-21,262.1264343261719,270.8764654130571,261.3309717620344,269.09836254287427,24651085
4038,2024-02-22,264.46600341796875,265.30824610644413,255.71597265815117,262.1264245281412,26793590
4039,2024-02-23,263.8577575683594,266.89921057410527,261.09704264710945,264.4192337373513,14313526
4040,2024-02-26,269.33233642578125,272.79492494138776,263.9513044586698,264.7935757879309,31012494
4041,2024-02-27,273.73077392578125,274.57301674907404,265.86979330951965,265.86979330951965,36510093
4042,2024-02-28,261.6116943359375,274.80692469888646,260.53549378193117,272.794892609342,18824161
4043,2024-02-29,264.70001220703125,266.7120447273211,256.7922226150729,261.6585590654039,35043015
4044,2024-03-01,269.23876953125,270.8296661557682,266.33768578625074,266.7120127238247,15149735
4045,2024-03-04,275.7427978515625,277.94200800386034,269.5195229128343,269.5195229128343,23131460
4046,2024-03-05,276.0703125,276.4914481292337,271.1571967690678,273.3095979512748,13220556
4047,2024-03-06,274.853759765625,275.97674058036057,268.11576063995267,271.67190939225407,15969436
4048,2024-03-07,273.8711242675781,279.7200720289706,272.32700777043357,275.134502695902,14908694
4049,2024-03-11,267.2267150878906,273.21606046966036,266.1505144068685,269.89384099081695,19020659
4050,2024-03-12,266.8523864746094,270.12779721510617,264.60639625013175,266.6184285645739,17906155
4051,2024-03-13,247.34031677246094,265.68262453746604,245.00073742894799,265.12111978315926,39389523
4052,2024-03-14,249.25877380371094,251.17721732493757,243.97133052094708,247.10634380305163,26005940
4053,2024-03-15,248.8844451904297,254.5462153959138,241.1170251585676,250.89647757820327,43817794
4054,2024-03-18,247.9018096923828,249.53951515466076,242.84832426350278,248.88445010533965,12423655
4055,2024-03-19,242.3804168701172,249.39915481037153,241.725323238633,245.32828109316046,20031514
4056,2024-03-20,247.66786193847656,248.13577780405438,242.3336382064802,243.26946993763585,11308487
4057,2024-03-21,256.18389892578125,256.88577262146833,249.9606245358853,250.61568951627163,23559105
4058,2024-03-22,258.05560302734375,260.39518238389263,253.93794907168135,256.1839395421046,22097588
4059,2024-03-26,252.72137451171875,256.5115105624699,249.02485591524314,252.76818323885652,28477120
4060,2024-03-27,252.9085235595703,255.29488303344507,251.9259116725202,253.61039735298263,18094214
4061,2024-03-28,259.1317443847656,261.56491206936624,254.21862886289023,254.54617560954426,26646830
4062,2024-04-01,262.1732482910156,263.53021569655294,259.8336690120322,262.7347530298351,8945400
4063,2024-04-02,261.6116943359375,263.6237549847939,260.62908264734733,261.3309562990009,13229425
4064,2024-04-03,262.1264343261719,264.93392909890633,260.67587822467084,262.173214481992,14499308
4065,2024-04-04,259.83367919921875,268.30297365678103,257.4005109418164,264.65320699101824,23722104
4066,2024-04-05,260.5355529785156,261.98610932376937,257.49409979696486,261.98610932376937,9308711
4067,2024-04-08,263.6705627441406,265.9633616699896,261.1438059099118,262.54755336019116,14473340
4068,2024-04-09,263.1558532714844,266.10371705400445,262.9686755306553,264.69996967572695,5780865
4069,2024-04-10,264.4192199707031,267.0395657132801,262.03286069877964,262.03286069877964,8809693
4070,2024-04-12,257.587646484375,266.19730858078447,257.02614181559807,263.4365939522309,17731780
4071,2024-04-15,256.46466064453125,258.47672160527304,251.17721736100808,252.9085116819802,13378690
4072,2024-04-16,256.6518249511719,257.86839464845417,253.84433005653736,255.4820354117408,9662195
4073,2024-04-18,262.1264343261719,271.29757249337905,259.88044421984705,269.42590931155604,51039603
4074,2024-04-19,263.57696533203125,264.1384700058196,257.0729528253152,260.2547745643639,18755469
4075,2024-04-22,265.4486389160156,266.4312792733896,263.6237843540043,265.7761857018069,14965203
4076,2024-04-23,267.0395812988281,268.72406693505064,262.68796960582245,265.4486559851492,11464036
4077,2024-04-24,271.7655029296875,273.1224702333387,266.15051308172156,266.7120177783812,19324163
4078,2024-04-25,274.4794616699219,275.60247127882707,270.6893542186782,273.2628917263752,22022414
4079,2024-04-26,273.496826171875,277.14656424810477,272.7481722031729,275.36848965294854,15581578
4080,2024-04-29,274.853759765625,275.69600251650536,271.01684439015366,273.54357264279474,9804396
4081,2024-04-30,282.4808044433594,284.82038369407576,274.2454683452475,274.8537817978874,33288857
4082,2024-05-02,293.476806640625,296.89258639875555,282.48078492215257,282.57437379757704,44059506
4083,2024-05-03,290.9032897949219,295.8164062222536,288.4701216619037,291.9794905385692,27074447
4084,2024-05-06,287.1599426269531,290.8564604459498,283.6505739991819,290.2949843129584,16855909
4085,2024-05-07,276.3042907714844,288.5168822082761,275.6024170438684,287.30031250413447,13857464
4086,2024-05-08,282.62115478515625,283.41661738962654,273.2628384015418,273.2628384015418,18754452
4087,2024-05-09,277.14654541015625,284.82037658468664,276.30430261278497,283.3230401897397,11196567
4088,2024-05-10,284.2588806152344,284.91397423297167,277.2401428222656,277.2401428222656,11786977
4089,2024-05-13,286.87921142578125,287.9086320622395,278.5035344021713,284.68002966160225,11710605
4090,2024-05-14,289.4059753417969,292.91534448498766,288.0022276845206,288.23618562739995,9957875
4091,2024-05-15,294.6466064453125,296.00354522861596,289.03161643609957,290.1078171426688,11397656
4092,2024-05-16,292.4474182128906,295.34850231342614,285.70941827353835,294.3190816894531,19843532
4093,2024-05-17,293.0556640625,295.7227898729001,290.80967390191046,294.6933693861632,9069551
4094,2024-05-21,304.7535705566406,306.4380846591677,291.0436426209263,291.0436426209263,21976662
4095,2024-05-22,304.84716796875,306.7188313177523,299.6533135989951,306.7188313177523,10287081
4096,2024-05-23,299.3725280761719,300.12121050413447,289.17196917943966,298.95142098480017,35705284
4097,2024-05-24,298.3431091308594,302.2268332025944,297.0329505742894,297.5944552583378,15058182
4098,2024-05-27,297.5476989746094,300.86989006953536,294.3190682017694,300.86989006953536,12857918
4099,2024-05-28,292.7281799316406,298.9982645078016,291.9795259043321,298.5303486009036,10935739
4100,2024-05-29,297.313720703125,298.24955233447344,289.2655629616654,289.2655629616654,16812268
4101,2024-05-30,287.0195617675781,297.26690060285773,284.3056272931392,294.4126256602685,22768893
4102,2024-05-31,290.1078186035156,291.51156611288746,286.08375383370947,288.75085125406304,36929443
4103,2024-06-03,315.9835510253906,326.3245078972354,304.7067910625215,313.50360286385313,55218939
4104,2024-06-04,276.95941162109375,313.4568490520696,261.7989261875766,313.4568490520696,73262478
4105,2024-06-05,279.62646484375,281.732085899981,261.28418871247743,277.28688589238226,45312613
4106,2024-06-06,281.1706237792969,291.4647716771544,278.9714137438007,283.93130994358796,36508044
4107,2024-06-07,289.4995422363281,290.71611202314534,277.75483726048566,278.9246268860088,38016104
4108,2024-06-10,295.53558349609375,302.6011286292888,291.60510823566034,292.9152666558048,25478964
4109,2024-06-11,296.2375183105469,299.18541106374397,294.9273596198579,295.91000005736277,12238518
4110,2024-06-12,303.8177490234375,306.11054806183057,296.56505350765565,299.3725485460228,20346144
4111,2024-06-13,300.8231201171875,306.9060263436846,300.0744375998741,306.0169747791617,11756503
4112,2024-06-14,300.869873046875,305.0811154378888,298.85784072747595,305.0811154378888,14159988
4113,2024-06-18,310.5089111328125,311.1640046716362,301.33777294516347,301.33777294516347,21653702
4114,2024-06-19,306.2976989746094,313.36324532959264,304.51962448556577,312.56778268574465,14235150
4115,2024-06-20,303.7241516113281,307.23352031070095,301.61853039170444,306.4848664118943,11749507
4116,2024-06-21,305.0343933105469,308.45017374344997,302.27367801639025,305.73626717591,17209541
4117,2024-06-24,311.5851745605469,312.5677864174738,301.85250207614206,302.36722664445557,18044357
4118,2024-06-25,306.39129638671875,313.50362310025974,304.89395993766004,313.50362310025974,13979671
4119,2024-06-26,305.7362060546875,309.0116167715787,304.0985006962419,304.80037442129,12946277
4120,2024-06-27,310.27496337890625,311.16401484504655,303.53699282461736,307.4674685081239,27061015
4121,2024-06-28,309.7135009765625,315.7028179211071,308.4501225168633,311.63194446621674,21676594
4122,2024-07-01,308.45013427734375,310.46216672208163,304.37926066724054,309.76029294652307,11959181
4123,2024-07-02,309.5731201171875,312.94212000543337,306.9995828991176,308.8712463304412,12684459
4124,2024-07-03,313.6439514160156,315.28165669715474,307.9821817249457,309.85384490339044,9369793
4125,2024-07-04,313.50360107421875,316.9661895844363,312.47418055285823,315.3752643642141,12878827
4126,2024-07-05,317.6212463378906,318.0891621482173,311.4915606463369,313.5035929188787,10894118
4127,2024-07-08,317.6212463378906,319.11858264279897,315.2348871289504,319.11858264279897,7828162
4128,2024-07-09,319.2590026855469,320.3820122334923,316.40472721022104,318.182801861702,9214579
4129,2024-07-10,323.84454345703125,325.48224890723014,313.9715305952731,320.9902682389827,10662609
4130,2024-07-11,320.8031005859375,326.37131071578324,320.05444663741326,326.13735278695475,12642065
4131,2024-07-12,321.0838317871094,323.7041488769677,318.27633695112644,320.80306516792245,11380570
4132,2024-07-15,321.7857360839844,323.23626379673215,318.36995608737533,323.23626379673215,5277531
4133,2024-07-16,320.4755554199219,324.73357794329087,319.58650394130785,320.7562934872131,11363095
4134,2024-07-18,319.3525695800781,322.5812003885706,315.32850466916955,320.054443359375,13908161
4135,2024-07-19,310.88330078125,319.91407093422737,309.76029132251716,317.7616408982089,12937990
4136,2024-07-22,316.8725891113281,317.6212429762013,308.3565157416533,308.8244315470276,10678640
4137,2024-07-23,312.8017578125,318.6507061635191,300.4955761938195,317.3405474447544,15954324
4138,2024-07-24,315.515625,317.05974146127835,309.10517269055066,309.66667737446494,12573882
4139,2024-07-25,317.6680908203125,320.61595504540355,309.2456052861565,309.2456052861565,16271884
4140,2024-07-26,322.11328125,323.37663119239386,316.7790291580287,318.5103235078311,11468068
4141,2024-07-29,320.3819885253906,323.70417963996675,316.07715698924727,317.99560055242785,31849674
4142,2024-07-30,327.3538818359375,334.0451006147968,321.2709764437482,322.861901585431,25813219
4143,2024-07-31,325.8565979003906,328.14936834914283,320.6159348528889,325.90337806001816,17976593
4144,2024-08-01,337.9288330078125,339.2389916776005,327.6814644561692,328.6172961573488,26792459
4145,2024-08-02,335.2616882324219,337.8820054257251,331.28440372443083,335.0277303201871,13771470
4146,2024-08-05,320.8031005859375,332.0330811697064,319.58653077975623,330.11463757703956,13566586
4147,2024-08-06,318.8846130371094,328.28970905585777,317.48086565763566,320.8030563653314,12273667
4148,2024-08-07,329.45953369140625,329.92744953448977,321.364595317924,323.65739437276005,12441847
4149,2024-08-08,320.6627197265625,332.2202466967493,319.3525610852555,332.2202466967493,15489731
4150,2024-08-09,323.7977600097656,326.5584748786621,322.20683473628014,325.57583448292706,8720610
4151,2024-08-12,319.2590026855469,321.73895116466394,317.71488597661124,320.9902971722464,12521136
4152,2024-08-13,315.3285217285156,320.475596388484,313.6440074314802,315.37530189260605,10435954
4153,2024-08-14,312.0998840332031,316.6386736657895,311.16405229697165,315.3752951100133,12385993
4154,2024-08-16,319.5072021484375,320.4036167562879,311.9583020565513,314.22296632476343,13013828
4155,2024-08-19,321.1113586425781,323.94219646357095,320.16774603558054,323.3288540283768,5891370
4156,2024-08-20,321.30010986328125,323.32887131745395,319.69595682689925,321.2529407491177,6393840
4157,2024-08-21,317.6671447753906,321.7246958342311,317.1953385218116,320.82825243372366,10118601
4158,2024-08-22,315.1665954589844,318.65797345433384,311.86395149459383,317.05382058149326,18370039
4159,2024-08-23,317.28973388671875,317.95027421946645,314.55326313076745,315.7799479809891,7494822
4160,2024-08-26,319.1769714355469,322.24371247668665,316.91230688759805,317.4784802237783,7993675
4161,2024-08-27,316.4405212402344,322.196564406577,316.11025103949504,319.88470179817557,9589690
4162,2024-08-28,315.5912170410156,319.7902754531152,314.93067676205817,316.4404625448405,8790600
4163,2024-08-29,314.506103515625,316.9595023115514,310.2598463369436,313.75122486923584,17653536
4164,2024-08-30,318.3748779296875,321.6303528411853,315.21377003530586,316.11021350275325,22713812
4165,2024-09-02,316.62921142578125,320.7339321897805,315.35535739279237,319.31851322266164,9789776
4166,2024-09-03,315.77996826171875,318.89390729167116,315.16662579721645,317.05385110139144,8434423
4167,2024-09-04,314.12860107421875,315.8271208824705,312.3357430517047,312.5244770737667,9025610
4168,2024-09-05,312.5716857910156,315.4496928131749,311.0147307003922,313.60966545035535,13912371
4169,2024-09-06,311.20343017578125,314.31736909602694,306.6741011240426,314.2701711870217,23755639
4170,2024-09-09,310.0238952636719,310.63726646547246,305.30583246071376,309.22184762458505,18597200
4171,2024-09-10,315.30816650390625,316.3933153101741,308.5613417030864,308.5613417030864,15472387
4172,2024-09-11,314.4117126464844,318.2333319488074,313.27936606969325,317.9030617975125,10134008
4173,2024-09-12,319.1297912597656,319.8846698173223,314.4588973941671,315.96868330605145,18410837
4174,2024-09-13,318.2333679199219,322.007818540173,317.14821912595426,320.6395686716228,10417461
4175,2024-09-16,319.1769714355469,322.24371247668665,318.04462476318645,318.23335880750386,7748570
4176,2024-09-17,317.9030456542969,320.82825016515636,315.6383814124847,317.71434043226066,11451846
4177,2024-09-18,315.4496765136719,319.7903001759544,314.31735868662264,319.4128609002713,6583254
4178,2024-09-19,316.015869140625,319.27134428550585,314.31737789785313,317.2425828575359,10589610
4179,2024-09-20,321.6303405761719,323.6119326729625,315.87429831283504,319.0825751950454,31236123
4180,2024-09-23,321.9134521484375,323.18733499463224,321.0642065165653,322.71552866617293,6542941
4181,2024-09-24,330.31158447265625,331.2080279759151,323.04578461278606,325.1217150884182,26145769
4182,2024-09-25,343.23907470703125,345.5981061483167,332.4818970941238,333.89731595889504,40770462
4183,2024-09-26,344.84326171875,345.4566041948038,337.0584571924117,343.52218094352844,18733959
4184,2024-09-27,334.2747497558594,342.8144319147534,333.42550421025845,341.7764811350023,33148043
4185,2024-09-30,332.9537048339844,337.2943284642278,329.9813309643599,334.2747566875096,16356171
4186,2024-10-01,331.019287109375,335.9260841265613,330.2172394403099,331.302388166196,9856291
4187,2024-10-03,324.7442932128906,330.17006604186173,323.2817050994425,323.65914440645105,19350466
4188,2024-10-04,319.7431335449219,327.85820762051003,318.7051539311656,323.659120054448,20121706
4189,2024-10-07,310.4013671875,320.8282745930665,306.6740860080783,320.8282745930665,13851446
4190,2024-10-08,308.7028503417969,312.3357645406724,304.17352146837453,308.8443864696968,21148292
4191,2024-10-09,311.15625,313.09064428114004,307.14589651250947,308.5613153904473,9228363
4192,2024-10-10,315.49688720703125,319.0354345539096,311.48653354723575,311.5809005691736,20773976
4193,2024-10-11,311.4393310546875,316.4404951760742,310.9203556368248,315.59124958467544,6098468
4194,2024-10-14,312.05267333984375,312.8075518406612,309.3161739816506,311.43930216156457,5944216
4195,2024-10-15,311.2506103515625,314.6476213452107,309.0331150642664,314.6476213452107,12415489
4196,2024-10-16,308.7500305175781,313.8927015144062,306.62690233069713,312.9962868913401,22085298
4197,2024-10-17,312.477294921875,313.1850043451301,306.2966441441553,309.9767273857277,17039729
4198,2024-10-18,313.3265380859375,315.0250579668857,309.7408218874413,312.807562698208,10569021
4199,2024-10-21,312.477294921875,314.93069334851333,310.8731708405589,314.22298392525823,8745904
4200,2024-10-22,304.5509338378906,316.72352930706927,302.94678107201247,314.1285949366457,11219831
4201,2024-10-23,299.0307922363281,303.748854684982,296.1527856613564,301.20111824076963,12541589
4202,2024-10-24,301.1539306640625,302.71088556614893,297.4738475872849,297.4738475872849,8327779
4203,2024-10-25,297.9928283691406,303.3714313614416,295.58662791281984,303.3714313614416,12979410
4204,2024-10-28,300.35186767578125,302.3806577262924,293.2276043345509,296.7661514504143,9610615
4205,2024-10-29,302.4750061035156,303.08837732828067,296.4358912489805,298.27594732973336,15856332
4206,2024-10-30,300.4934387207031,307.0515288976693,298.8892858101173,300.5877769416323,14498110
4207,2024-10-31,302.7109375,304.5038246369687,299.9272973603423,302.33349818576534,9900390
